years,place,lat,lon,cooling
2,1305,36.975,-84.575,1
6,1306,37.875,-84.225,1
8,1307,30.425,-91.225,2
3,1308,30.325,-93.275,2
10,1308,30.325,-93.275,2
1,1309,30.225,-91.125,1
10,1310,30.825,-92.175,4
,1312,30.025,-90.525,1
,1313,29.925,-90.125,5
,1313,29.925,-90.125,1
,1314,32.775,-92.075,5
,1317,32.525,-93.775,5
,1317,32.525,-93.775,1
,1319,29.575,-90.625,2
,1320,30.225,-92.025,2
,1322,29.725,-91.225,2
,1324,30.675,-91.325,2
,1327,39.275,-76.225,1
,1328,39.175,-76.425,1
,1329,39.075,-76.375,2
,1329,39.075,-76.375,1
,1329,39.075,-76.375,1
,1332,39.125,-76.375,1
,1334,38.425,-75.825,1
,1336,38.475,-76.625,1
,1336,38.475,-76.625,2
,1337,39.225,-77.475,1
,1338,38.325,-76.975,1
,1339,42.375,-71.075,6
,1339,42.375,-71.075,1
,1342,42.375,-71.125,5
,1348,42.075,-72.625,1
,1349,42.225,-70.925,5
,1350,41.875,-71.075,5
,1350,41.875,-71.075,1
,1352,43.675,-83.825,1
,1352,43.675,-83.825,2
,1354,43.625,-83.875,1
,1360,42.225,-83.125,1
,1360,42.225,-83.125,1
,1361,42.725,-82.475,1
,1362,42.075,-83.125,1
,1363,46.575,-87.425,2
,1365,43.075,-86.225,1
,1367,42.775,-84.625,1
,1368,42.675,-84.625,2
,1370,46.475,-87.425,2
,1371,42.175,-83.125,1
,1371,42.175,-83.125,1
,1374,47.275,-93.625,2
,1375,44.825,-93.225,4
,1376,44.925,-93.125,4
,1377,45.025,-92.775,1
,1378,36.025,-95.975,2
,1380,44.025,-92.475,2
,1382,32.275,-88.725,2
,1383,30.425,-89.025,1
,1383,30.425,-89.025,2
,1383,30.425,-89.025,2
,1383,30.425,-89.025,1
,1384,32.275,-90.975,2
,1386,32.275,-90.175,2
,1387,31.525,-89.325,5
,1387,31.525,-89.325,2
,1388,37.375,-94.575,2
,1389,39.125,-94.475,1
,1389,39.125,-94.475,4
,1390,38.325,-93.925,2
,1392,39.175,-94.175,1
,1393,39.725,-94.925,1
,1393,39.725,-94.925,2
,1394,38.575,-90.825,1
,1395,38.425,-90.325,1
,1396,38.925,-90.275,1
,1397,38.975,-92.275,2
,1398,39.075,-94.325,2
,1399,37.075,-93.275,2
,1400,36.475,-89.525,1
,1405,40.675,-99.675,1
,1406,41.425,-96.475,2
,1408,40.575,-96.775,2
,1410,41.325,-95.925,1
,1410,41.325,-95.925,2
,1411,36.075,-115.075,5
,1412,36.675,-114.625,2
,1414,39.125,-119.125,2
,1415,39.575,-119.525,2
,1415,39.575,-119.525,5
,1417,43.125,-71.475,1
,1418,43.075,-70.725,1
,1418,43.075,-70.725,1
,1419,39.275,-74.625,2
,1419,39.275,-74.625,2
,1427,40.575,-75.175,5
,1428,40.825,-74.075,5
,1432,40.625,-74.175,5
,1433,40.175,-74.725,1
,1436,36.725,-108.475,2
,1437,31.825,-106.575,2
,1439,32.725,-103.325,2
,1441,35.175,-106.625,2
,1442,36.725,-108.425,2
,1444,32.725,-103.375,2
,1445,41.625,-73.975,1
,1445,41.625,-73.975,1
,1450,41.325,-73.975,1
,1467,41.225,-73.925,1
,1471,42.125,-79.225,2
,1472,35.475,-82.575,2
,1475,35.375,-78.025,5
,1477,36.475,-79.075,2
,1478,34.275,-77.975,5
,1480,35.175,-81.025,2
,1481,35.725,-80.375,4
,1482,35.225,-81.775,2
,1483,36.475,-79.675,4
,1486,46.875,-100.875,2
,1487,47.275,-101.325,2
,1487,47.275,-101.325,1
,1488,47.075,-101.225,2
,1489,47.325,-101.375,1
,1490,40.225,-80.675,2
,1492,39.125,-84.775,2
,1492,39.125,-84.775,1
,1497,40.175,-81.925,2
,1500,38.625,-83.675,1
,1500,38.625,-83.675,2
,1504,40.525,-80.625,1
,1507,38.925,-82.125,1
,1510,39.425,-84.525,1
,1510,39.425,-84.525,1
,1511,40.825,-81.775,2
,1512,41.725,-81.225,2
,1514,35.525,-97.175,2
,1514,35.525,-97.175,5
,1515,35.775,-95.275,2
,1516,35.475,-97.675,2
,1517,34.975,-96.725,2
,1519,35.075,-98.325,2
,1520,36.125,-96.025,2
,1521,35.075,-98.225,2
,1521,35.075,-98.225,5
,1522,36.425,-99.225,2
,1523,40.475,-80.025,5
,1526,39.875,-77.175,6
,1528,40.925,-75.075,1
,1531,40.375,-79.125,2
,1533,40.475,-79.175,2
,1534,40.375,-79.075,2
,1538,40.625,-79.375,2
,1539,40.925,-80.375,1
,1541,40.125,-76.675,1
,1544,40.775,-75.125,2
,1545,40.975,-76.625,2
,1545,40.975,-76.625,2
,1546,40.825,-76.825,1
,1550,39.825,-75.325,1
,1559,41.825,-71.375,5
,1559,41.825,-71.375,4
,1561,34.425,-80.175,2
,1562,34.575,-82.425,2
,1567,33.425,-81.925,4
,1567,33.425,-81.925,1
,1567,33.425,-81.925,1
,1568,33.825,-80.625,1
,1568,33.825,-80.625,2
,1569,33.025,-79.925,1
,1573,35.075,-90.175,1
,1574,36.025,-84.175,1
,1575,36.425,-87.675,1
,1576,36.325,-86.425,1
,1577,36.375,-82.975,4
,1578,36.025,-87.975,1
,1579,35.875,-84.525,1
,1585,27.775,-97.375,5
,1587,28.775,-97.025,5
,1589,32.825,-96.575,2
,1590,32.725,-96.925,2
,1593,31.975,-106.425,5
,1593,31.975,-106.425,2
,1594,30.425,-95.525,2
,1595,30.025,-93.875,2
,1596,29.675,-94.925,5
,1598,29.825,-95.225,2
,1602,29.925,-95.525,5
,1603,29.475,-95.675,2
,1603,29.475,-95.675,2
,1605,32.325,-94.675,2
,1606,32.925,-94.725,2
,1607,32.825,-94.525,2
,1608,33.525,-101.725,2
,1609,35.825,-102.025,2
,1610,35.275,-101.725,2
,1611,34.175,-102.425,2
,1615,32.725,-97.225,2
,1619,31.825,-96.075,2
,1622,31.925,-94.975,2
,1624,32.125,-96.125,2
,1636,30.125,-97.275,2
,1637,33.525,-101.775,2
,1641,29.275,-98.275,2
,1642,29.225,-98.375,2
,1646,28.925,-99.075,2
,1648,40.775,-111.925,2
,1649,36.925,-82.225,2
,1652,37.725,-78.275,1
,1652,37.725,-78.275,1
,1653,37.375,-77.375,1
,1653,37.375,-77.375,4
,1655,38.475,-77.275,2
,1655,38.475,-77.275,4
,1655,38.475,-77.275,1
,1656,37.225,-76.125,1
,1656,37.225,-76.125,1
,1657,46.725,-122.975,5
,1657,46.725,-122.975,2
,1660,38.475,-81.825,2
,1664,39.675,-79.975,2
,1665,39.425,-80.275,2
,1669,39.825,-80.825,2
,1670,39.225,-79.275,2
,1675,34.225,-118.425,5
,1681,44.825,-89.675,2
,1681,44.825,-89.675,1
,1681,44.825,-89.675,1
,1684,43.575,-91.225,2
,1686,42.825,-105.775,2
,1686,42.825,-105.775,1
,1687,41.775,-110.525,2
,1688,33.175,-96.125,2
,1689,42.025,-84.775,2
,1690,33.225,-97.125,2
,1696,36.925,-111.425,2
,1698,33.575,-87.125,2
,1699,39.375,-81.275,2
,1700,34.425,-92.125,2
,1701,34.175,-118.325,2
,1702,40.475,-89.975,2
,1703,38.925,-88.275,2
,1704,38.875,-84.825,2
,1705,38.875,-84.225,2
,1706,40.475,-107.575,2
,1708,47.275,-101.125,2
,1709,38.675,-83.475,2
,1710,42.775,-82.475,1
,1711,43.125,-82.675,2
,1712,38.725,-83.825,2
,1713,27.625,-82.325,2
,1713,27.625,-82.325,5
,1714,27.075,-80.575,5
,1714,27.075,-80.575,2
,1715,33.425,-84.925,2
,1716,30.725,-91.375,2
,1716,30.725,-91.375,2
,1716,30.725,-91.375,1
,1717,31.225,-89.425,2
,1718,39.175,-94.675,1
,1719,39.425,-94.975,1
,1720,39.175,-96.125,2
,1721,38.575,-85.425,2
,1722,30.525,-88.625,2
,1722,30.525,-88.625,5
,1723,46.275,-106.625,2
,1724,41.175,-101.125,1
,1725,42.175,-72.475,5
,1727,41.225,-87.025,2
,1728,47.675,-104.125,1
,1729,45.375,-93.925,2
,1731,40.625,-80.425,2
,1732,36.475,-97.025,2
,1733,40.625,-95.775,1
,1733,40.625,-95.775,2
,1734,45.325,-96.475,2
,1735,44.275,-105.475,3
,1736,45.675,-119.775,2
,1737,40.225,-104.875,5
,1738,38.375,-87.825,2
,1739,32.375,-81.175,1
,1740,30.625,-96.075,2
,1741,37.875,-87.725,2
,1742,36.275,-94.525,2
,1743,33.075,-94.825,2
,1744,32.275,-94.525,2
,1746,38.125,-90.275,1
,1748,39.175,-111.025,2
,1749,37.875,-87.025,2
,1750,42.525,-87.875,2
,1751,34.575,-109.275,2
,1752,28.725,-97.225,2
,1753,29.925,-96.775,2
,1754,28.725,-98.475,2
,1755,31.375,-92.725,2
,1755,31.375,-92.725,2
,1756,35.325,-101.775,2
,1757,34.175,-102.575,2
,1758,37.125,-93.375,2
,1759,42.125,-104.875,2
,1761,39.075,-87.525,2
,1762,30.725,-96.475,2
,1763,29.625,-81.625,5
,1764,40.275,-103.675,2
,1765,33.225,-79.375,2
,1766,36.525,-78.875,2
,1767,41.125,-92.575,2
,1768,33.075,-83.825,2
,1770,38.975,-81.975,2
,1771,47.525,-101.825,2
,1772,39.525,-112.575,2
,1773,31.325,-92.475,2
,1775,37.575,-87.425,2
,1776,35.675,-91.425,2
,1777,30.575,-97.025,2
,1778,41.325,-91.075,2
,1779,37.925,-87.375,1
,1780,40.875,-105.025,2
,1781,36.875,-89.625,2
,1782,33.975,-95.325,2
,1783,37.425,-87.125,2
,1784,31.075,-96.725,2
,1785,29.275,-98.325,2
,1786,39.675,-75.525,5
,1787,33.325,-80.925,2
,1788,36.875,-78.675,2
,1789,27.725,-81.975,5
,1792,37.075,-94.625,5
,1793,27.775,-81.875,5
,1794,40.825,-73.075,5
,1796,45.875,-119.675,5
,1798,44.275,-105.375,3
,1799,29.275,-98.375,5
,1803,38.525,-121.425,5
,1804,38.525,-121.475,5
,1808,40.125,-109.675,2
,1809,32.475,-94.475,2
,1813,43.075,-70.775,2
,1814,41.575,-73.975,1
,1817,43.475,-89.475,2
,1821,33.375,-91.125,2
,1822,30.025,-90.575,1
,1823,34.525,-98.325,5
,1825,41.575,-109.475,2
,1826,33.325,-111.775,5
,1827,39.375,-111.075,2
,1828,46.175,-123.175,5
,1830,38.975,-82.075,2
,1831,38.675,-104.725,2
,1832,47.525,-101.775,2
,1833,34.325,-109.175,2
,1834,40.875,-117.125,2
,1835,40.525,-79.825,1
,1838,37.525,-77.425,5
,1870,44.525,-70.525,6
,1871,39.675,-104.975,5
,1874,36.975,-121.525,5
,1875,39.775,-75.475,2
,1877,39.725,-75.525,5
,1878,40.575,-78.825,2
,1880,33.925,-118.425,5
,1884,36.225,-121.125,5
,1886,42.075,-71.475,5
,1887,40.475,-74.375,5
,1891,37.975,-121.975,5
,1892,39.025,-121.725,5
,1895,37.325,-77.175,2
,1896,33.925,-77.975,2
,1897,36.425,-78.975,2
,1898,35.975,-77.725,2
,1904,44.525,-70.575,2
,1906,28.675,-96.575,5
,1907,39.625,-75.525,2
,1909,43.875,-75.475,5
,1910,43.075,-76.225,5
,1911,37.325,-77.225,5
,1914,35.175,-94.625,2
,1915,30.425,-81.625,2
,1920,39.575,-78.725,2
,1924,42.475,-73.775,5
,1925,42.175,-72.525,5
,1926,29.625,-95.075,5
,1927,39.625,-79.975,1
,1928,43.575,-84.175,5
,1929,39.925,-75.125,5
,1930,39.525,-107.725,5
,1931,30.075,-93.725,5
,1936,41.975,-91.675,2
,1937,39.875,-88.875,2
,1939,39.825,-88.925,2
,1940,42.425,-73.225,5
,1941,40.625,-74.225,5
,1945,29.675,-95.025,5
,1946,39.775,-75.425,5
,1947,33.725,-95.575,5
,1948,30.275,-97.725,5
,1951,33.875,-98.575,5
,1956,29.925,-90.375,5
,1957,29.425,-94.825,5
,1959,35.875,-76.775,1
,1960,43.075,-79.025,2
,1961,33.825,-118.225,5
,1968,40.725,-74.125,5
,1970,32.075,-81.075,2
,1970,32.075,-81.075,2
,1971,30.725,-88.025,1
,1971,30.725,-88.025,1
,1973,43.225,-73.775,5
,1978,30.225,-93.275,5
,1979,39.775,-80.875,1
,1980,40.625,-74.125,5
,1983,36.475,-77.675,5
,1984,35.425,-97.625,5
,1985,39.875,-75.175,5
,1987,30.075,-94.075,5
,1989,40.375,-104.675,5
,1990,40.075,-104.825,5
,1996,43.075,-75.625,5
,1998,40.875,-75.875,2
,2000,40.475,-74.325,5
,2002,34.125,-79.525,2
,2004,29.775,-95.075,5
,2007,40.875,-74.125,5
,2009,27.625,-81.975,5
,2011,38.925,-92.325,5
,2012,29.825,-93.975,5
,2013,41.225,-79.775,2
,2014,27.025,-80.525,2
,2015,43.075,-76.075,5
,2019,30.275,-91.175,5
,2020,36.625,-78.525,2
,2021,37.775,-77.425,5
,2024,29.375,-94.725,5
,2026,28.975,-95.375,5
,2030,29.375,-94.775,5
,2035,32.275,-101.425,5
,2036,39.575,-75.525,1
,2039,42.625,-73.775,5
,2040,36.425,-77.625,2
,2041,37.475,-77.425,2
,2044,40.625,-73.775,5
,2046,37.925,-121.325,1
,2048,48.475,-122.575,5
,2049,36.025,-115.025,5
,2050,38.225,-77.275,2
,2053,36.225,-114.875,5
,2054,36.325,-114.925,5
,2055,27.875,-81.825,5
,2056,28.925,-81.675,5
,2057,28.375,-82.175,5
,2059,27.825,-81.875,5
,2062,48.975,-122.275,5
,2064,48.825,-122.675,5
,2066,43.475,-76.425,5
,2070,44.725,-73.475,5
,2071,42.625,-71.325,5
,2072,44.975,-74.875,5
,2073,42.975,-78.175,5
,2074,35.575,-119.025,2
,2076,40.075,-74.125,5
,2078,28.075,-81.825,5
,2080,28.925,-95.375,5
,2081,36.375,-77.575,2
,2082,45.925,-119.375,5
,2083,40.025,-75.225,5
,2084,42.175,-71.525,5
,2085,32.425,-97.425,5
,2086,38.675,-76.875,5
,2087,38.125,-78.225,5
,2088,37.975,-122.075,5
,2089,40.675,-73.925,5
,2090,43.975,-86.475,5
,2092,44.825,-92.925,5
,2093,42.875,-88.725,5
,2095,41.825,-71.125,5
,2099,32.475,-83.625,5
,2100,42.025,-72.675,5
,2101,41.175,-73.125,5
,2102,35.075,-81.575,5
,2103,29.725,-95.125,5
,2104,41.625,-71.175,6
,2107,30.575,-95.925,5
,2108,34.325,-89.925,5
,2110,32.975,-102.775,5
,2111,44.825,-68.725,5
,2112,34.225,-91.875,5
,2113,33.375,-89.275,2
,2114,35.775,-114.975,6
,2115,42.025,-71.975,5
,2117,38.025,-122.175,5
,2118,27.875,-97.275,5
,2119,42.825,-85.975,5
,2120,42.275,-83.125,5
,2121,32.425,-97.075,6
,2122,33.625,-95.575,5
,2123,26.175,-98.375,5
,2127,42.175,-121.825,5
,2128,30.025,-93.725,5
,2133,29.975,-93.775,5
,2135,26.325,-98.225,5
,2136,35.075,-114.125,5
,2138,32.925,-111.825,5
,2139,41.375,-88.225,5
,2140,29.525,-97.875,5
,2142,29.775,-97.975,6
,2143,36.025,-95.925,5
,2145,41.875,-71.925,6
,2147,35.275,-119.575,5
,2148,29.525,-97.925,5
,2149,30.175,-97.275,5
,2152,31.825,-97.325,5
,2153,30.425,-92.425,5
,2154,34.825,-114.575,5
,2155,38.775,-94.275,5
,2156,47.775,-116.925,5
,2158,35.225,-119.575,5
,2159,29.825,-95.075,5
,2160,41.725,-90.275,5
,2166,27.825,-97.425,5
,2167,40.225,-103.625,5
,2168,42.075,-71.525,6
,2169,41.425,-88.325,5
,2170,38.075,-121.875,5
,2171,32.375,-90.225,5
,2173,33.025,-89.875,5
,2174,34.575,-92.175,5
,2176,32.325,-96.675,5
,2178,36.025,-95.725,5
,2179,31.875,-96.125,5
,2187,30.775,-88.025,5
,2193,41.725,-87.475,5
,2200,34.625,-87.025,5
,2201,43.675,-70.375,5
,2203,29.725,-95.175,5
,2207,27.875,-97.225,5
,2210,39.875,-75.325,5
,2211,45.925,-119.325,5
,2212,38.075,-121.825,5
,2213,39.225,-88.825,5
,2214,39.375,-87.525,5
,2220,34.275,-92.925,5
,2222,35.275,-97.575,5
,2223,32.825,-92.075,5
,2228,26.325,-98.175,5
,2229,32.725,-92.025,5
,2238,42.025,-71.575,5
,2239,42.075,-71.625,5
,2240,30.975,-87.975,5
,2240,30.975,-87.975,1
,2241,27.625,-81.925,5
,2242,33.975,-85.975,1
,2242,33.975,-85.975,1
,2243,33.625,-87.175,1
,2243,33.625,-87.175,2
,2244,32.575,-87.775,1
,2245,33.225,-86.475,1
,2245,33.225,-86.475,2
,2245,33.225,-86.475,1
,2246,34.775,-87.825,1
,2248,32.025,-93.575,2
,2250,31.475,-87.925,1
,2250,31.475,-87.925,2
,2251,40.825,-98.375,2
,2252,40.575,-98.325,2
,2253,35.425,-108.075,2
,2257,29.825,-91.525,1
,2260,30.225,-97.625,5
,2261,37.975,-100.975,2
,2262,34.925,-110.275,2
,2263,33.425,-111.925,2
,2264,33.425,-112.175,5
,2266,32.725,-114.725,2
,2267,32.175,-110.925,2
,2267,32.175,-110.925,2
,2268,34.075,-99.175,2
,2269,33.375,-80.125,2
,2270,29.775,-81.575,2
,2271,33.575,-112.225,2
,2272,33.375,-111.925,2
,2272,33.375,-111.925,5
,2273,32.075,-109.875,2
,2273,32.075,-109.875,5
,2274,36.175,-95.275,2
,2275,34.725,-92.175,2
,2277,33.375,-93.475,2
,2278,34.425,-92.925,1
,2281,30.375,-81.525,2
,2289,31.425,-96.275,2
,2298,34.075,-117.525,2
,2305,34.075,-117.275,5
,2306,34.125,-118.275,5
,2307,41.475,-88.175,2
,2308,32.775,-115.525,2
,2308,32.775,-115.525,5
,2312,34.125,-118.175,2
,2315,39.825,-104.925,2
,2315,39.825,-104.925,5
,2316,38.275,-104.575,2
,2317,40.025,-105.225,2
,2318,39.725,-105.025,2
,2319,38.825,-104.825,2
,2320,38.875,-104.825,2
,2321,40.525,-107.175,2
,2322,38.225,-108.525,2
,2325,41.425,-72.075,1
,2327,41.525,-72.575,1
,2327,41.525,-72.575,2
,2328,28.475,-81.175,5
,2328,28.475,-81.175,2
,2330,44.475,-73.175,2
,2332,39.625,-75.575,1
,2333,38.575,-75.225,2
,2334,39.175,-75.525,2
,2335,39.175,-76.475,2
,2340,26.675,-81.825,4
,2341,26.075,-80.225,5
,2344,28.825,-81.325,5
,2345,25.425,-80.325,2
,2345,25.425,-80.325,5
,2345,25.425,-80.325,2
,2346,28.925,-82.725,2
,2350,30.375,-83.175,1
,2351,30.575,-87.225,2
,2351,30.575,-87.225,1
,2353,30.275,-85.675,5
,2358,29.775,-82.425,2
,2358,29.775,-82.425,2
,2359,29.675,-82.325,5
,2361,30.375,-81.425,1
,2361,30.375,-81.425,1
,2363,26.625,-80.075,5
,2364,28.025,-81.925,5
,2365,28.075,-81.925,2
,2365,28.075,-81.925,5
,2365,28.075,-81.925,2
,2367,30.475,-84.425,2
,2367,30.475,-84.425,5
,2368,30.125,-84.225,4
,2371,34.175,-84.925,2
,2372,34.225,-85.375,2
,2372,34.225,-85.375,1
,2375,31.425,-84.175,1
,2376,33.475,-84.875,2
,2376,33.475,-84.875,2
,2378,41.525,-90.475,1
,2382,40.575,-89.675,1
,2383,39.075,-89.425,2
,2384,37.675,-89.525,4
,2390,41.525,-88.125,1
,2391,39.625,-89.425,2
,2393,40.575,-89.725,2
,2396,41.625,-88.075,1
,2398,37.225,-88.875,1
,2399,38.225,-89.875,2
,2400,40.275,-90.125,2
,2401,41.275,-89.325,1
,2405,38.825,-90.125,1
,2407,39.725,-89.575,2
,2409,37.625,-88.975,2
,2411,38.725,-85.425,1
,2414,39.725,-86.175,1
,2414,39.725,-86.175,2
,2414,39.725,-86.175,1
,2415,39.475,-86.425,2
,2416,38.525,-87.275,1
,2416,38.525,-87.275,2
,2417,41.675,-87.125,2
,2419,41.725,-86.925,2
,2420,39.925,-87.425,1
,2421,38.775,-87.225,4
,2422,40.075,-85.975,5
,2423,38.275,-85.825,1
,2424,39.525,-87.425,5
,2424,39.525,-87.425,1
,2425,37.875,-87.325,1
,2426,35.075,-78.875,5
,2427,39.775,-84.925,2
,2429,42.525,-90.625,1
,2429,42.525,-90.625,1
,2430,43.325,-91.175,1
,2431,41.775,-90.225,2
,2433,41.975,-91.625,1
,2434,42.025,-92.825,2
,2435,45.025,-93.275,4
,2436,41.175,-95.875,2
,2436,41.175,-95.875,1
,2437,42.325,-96.375,1
,2438,40.775,-91.125,1
,2439,42.025,-93.575,2
,2440,42.525,-92.425,1
,2442,41.125,-94.375,5
,2444,37.175,-100.775,2
,2445,37.725,-99.975,2
,2446,38.425,-98.825,2
,2448,37.825,-97.475,2
,2449,38.375,-94.675,2
,2450,37.575,-97.325,2
,2452,38.025,-97.925,2
,2453,39.025,-95.275,2
,2454,39.075,-95.575,2
,2455,37.075,-95.625,2
,2456,39.075,-94.625,2
,2457,39.125,-94.625,1
,2458,37.975,-100.875,2
,2459,38.125,-82.625,2
,2460,37.775,-84.725,2
,2461,38.775,-85.025,2
,2464,38.175,-85.875,5
,2465,38.075,-85.925,2
,2466,37.825,-87.075,1
,2467,37.275,-86.975,2
,2468,37.175,-88.775,1
,2469,37.925,-86.775,2
,72728,41.725,-87.425,2
,72730,40.775,-74.025,2
,72731,40.775,-73.975,2
,72745,42.875,-71.475,5
,72748,40.375,-76.375,5
,72749,32.325,-97.725,5
,72752,42.125,-71.475,6
,72767,42.975,-85.475,5
,72775,32.125,-106.875,5
,72779,37.425,-121.925,5
,72780,30.225,-93.125,2
,72783,41.925,-72.625,5
,72793,31.575,-87.525,2
,72813,35.375,-106.475,2
,72820,42.525,-78.075,5
,72826,36.425,-114.875,5
,72862,37.125,-79.275,2
,72914,36.425,-114.975,6
,72929,35.275,-93.225,2
,72931,33.325,-112.925,5
,72938,46.775,-67.825,2
,72951,40.775,-73.875,6
,72955,42.275,-73.825,6
,72973,32.375,-86.575,5
,73009,35.275,-91.375,1
,73051,30.225,-97.525,5
,73072,29.775,-94.825,5
,73085,46.625,-68.425,2
,73093,44.425,-70.175,2
,73098,40.625,-80.475,2
,73155,40.625,-75.325,5
,73184,35.625,-115.375,6
,73195,42.475,-122.875,2
,73215,44.025,-75.775,2
,73256,33.625,-114.675,5
,73271,36.125,-97.075,2
,73276,45.175,-70.425,2
,73309,41.275,-88.175,2
,73311,30.325,-81.925,5
,73318,29.475,-95.575,5
,73332,43.625,-71.725,2
,73358,34.725,-87.125,1
,73384,44.575,-68.825,2
,73408,40.975,-121.625,2
,73422,42.075,-89.325,2
,73447,38.975,-78.125,5
,73458,44.275,-85.425,2
,73473,33.575,-88.325,5
,73480,38.675,-91.775,2
,73485,38.425,-76.325,1
,73488,40.475,-78.725,2
,73503,28.275,-81.525,5
,73511,41.775,-72.675,5
,73519,46.825,-67.975,1
,73532,33.875,-118.175,5
,73535,43.975,-75.625,5
,73538,30.225,-91.075,5
,73583,28.425,-81.575,5
,73618,33.425,-84.975,5
,73622,46.625,-122.925,6
,73636,39.825,-75.375,2
,73667,33.375,-89.225,5
,73669,36.225,-95.225,5
,73701,42.725,-85.875,5
,73702,39.275,-97.125,2
,73716,41.825,-90.175,2
,73718,40.175,-88.825,2
,73720,42.925,-123.325,2
,73721,44.475,-118.725,2
,73740,32.825,-79.925,1
,73761,45.975,-106.625,2
,73765,33.875,-80.975,5
,73770,33.425,-88.425,2
,73772,32.275,-97.775,2
,73776,44.275,-88.275,5
,73813,40.375,-95.675,1
,73844,38.325,-121.125,5
,73854,42.325,-86.275,5
,73855,37.775,-79.975,1
,73863,45.875,-119.725,5
,73867,35.125,-77.075,2
,73869,40.025,-86.925,2
,73881,33.425,-111.975,2
,73939,41.675,-71.025,5
,73944,41.575,-83.075,2
,73950,30.825,-93.225,2
,73961,29.725,-95.075,5
,73974,35.725,-119.225,2
,73982,39.775,-76.275,5
,74066,40.525,-81.475,1
,74066,40.525,-81.475,1
,74075,41.375,-88.275,2
,74076,40.075,-81.975,5
,74091,42.125,-91.775,2
,74097,34.675,-84.925,5
,74132,43.175,-95.275,2
,74134,37.225,-97.025,2
,74161,32.425,-94.675,5
,74166,33.875,-80.625,2
,74169,40.475,-78.775,2
,74182,31.925,-82.325,2
,74185,32.275,-81.275,5
,74205,34.625,-78.575,2
,74208,35.275,-119.475,5
,74237,48.775,-122.475,5
,74293,41.775,-71.475,5
,74298,40.175,-97.175,1
,74306,40.775,-124.175,2
,74307,40.125,-74.775,5
,74339,39.875,-79.925,5
,74349,41.975,-83.175,2
,74365,35.425,-93.775,5
,74408,42.275,-70.925,5
,74413,32.775,-96.475,5
,74417,41.525,-96.075,1
,74428,42.525,-73.775,5
,74466,47.075,-122.225,5
,74474,41.325,-83.125,5
,74475,43.825,-91.275,2
,74479,36.575,-120.125,5
,74486,38.625,-104.725,6
,74507,32.325,-86.525,5
,74509,42.675,-83.275,2
,74510,32.625,-85.075,5
,74573,43.075,-83.675,2
,74618,42.975,-115.275,5
,74630,33.125,-117.075,5
,74637,45.825,-120.825,6
,74674,32.025,-91.075,2
,74690,39.525,-80.075,2
,74695,44.575,-84.675,2
,74698,46.975,-123.475,5
,74708,41.575,-93.525,5
,74761,40.275,-120.275,2
,74763,37.675,-87.425,2
,74800,38.575,-82.775,5
,74816,33.475,-113.125,5
,74819,35.575,-78.975,2
,74825,32.375,-94.425,5
,74871,41.675,-87.425,2
,74886,43.425,-72.075,2
,74888,33.525,-90.225,2
,74906,47.425,-92.925,2
,74906,47.425,-92.925,2
,74912,34.575,-117.325,5
,74931,32.975,-85.875,5
,74936,45.075,-83.875,2
,74939,47.425,-97.025,2
,74984,39.475,-75.525,2
,74986,37.325,-77.275,2
,74993,34.375,-92.875,5
,75003,40.475,-122.275,2
,75004,40.675,-73.975,2
,75016,41.225,-76.075,4
,75023,44.925,-94.375,5
,75024,44.875,-94.325,5
,75061,44.725,-67.525,2
,75064,42.075,-78.475,5
,75065,43.475,-76.475,5
,75068,45.225,-68.625,2
,75069,42.975,-78.925,5
,75075,41.275,-73.975,1
,75088,33.725,-117.175,5
,75123,33.575,-101.775,5
,75123,33.575,-101.775,2
,75127,29.325,-98.325,2
,75131,33.125,-97.975,5
,75132,33.825,-84.475,5
,75143,42.275,-84.375,5
,75148,43.525,-76.375,2
,75155,32.325,-81.125,5
,75157,38.425,-86.925,2
,75164,37.375,-121.925,5
,75179,34.375,-82.825,5
,75180,40.775,-76.225,2
,75187,46.775,-88.475,2
,75189,44.275,-91.925,1
,75205,31.225,-85.125,2
,75258,34.975,-77.975,2
,75260,40.675,-74.275,5
,75292,48.625,-118.125,2
,75304,34.725,-95.925,5
,75325,36.575,-119.575,5
,75345,40.875,-75.975,2
,75378,41.325,-88.675,2
,75393,35.575,-89.475,5
,75426,38.125,-102.625,2
,75441,36.225,-115.125,5
,75494,40.175,-75.525,2
,75507,32.375,-86.725,5
,75538,43.175,-78.725,5
,75568,37.425,-121.975,5
,75585,42.625,-71.375,5
,75599,40.825,-75.075,5
,75616,32.275,-107.775,5
,75628,43.625,-75.325,2
,75632,46.725,-92.125,1
,75666,34.225,-118.325,5
,75668,34.825,-89.175,5
,75722,39.125,-93.225,2
,75722,39.125,-93.225,2
,75751,33.525,-92.775,1
,75775,32.175,-85.025,2
,75780,33.575,-116.125,2
,75796,36.775,-120.375,2
,75818,33.325,-112.875,5
,75819,32.925,-115.525,2
,75820,37.225,-121.725,5
,75856,41.225,-73.125,5
,75877,43.025,-87.975,2
,75878,32.575,-93.275,2
,75882,40.325,-80.625,2
,75890,46.125,-122.975,5
,75909,36.375,-114.925,6
,75937,35.025,-117.725,5
,75962,45.325,-93.875,2
,75977,34.675,-87.075,5
,75997,40.825,-76.425,2
,76008,40.275,-121.025,2
,76017,37.125,-79.325,2
,76096,32.675,-117.125,5
,76097,32.675,-117.175,5
,76098,32.625,-117.125,5
,76102,42.275,-96.375,1
,76147,44.325,-94.475,2
,76147,44.325,-94.475,1
,76160,43.125,-70.825,5
,76169,30.275,-93.725,5
,76186,43.525,-76.425,2
,76239,43.675,-92.975,2
,76240,36.425,-95.675,2
,76240,36.425,-95.675,2
,76240,36.425,-95.675,5
,76243,40.675,-75.475,2
,76252,33.925,-118.125,5
,76269,34.175,-119.075,5
,76270,33.975,-117.675,5
,76302,31.825,-102.325,5
,76312,26.575,-80.775,2
,76321,31.275,-87.975,5
,76339,40.375,-75.925,5
,76368,28.025,-81.825,5
,76374,32.575,-116.975,5
,76389,43.025,-78.875,5
,76418,39.075,-84.825,5
,76420,39.575,-81.725,5
,76426,39.475,-121.575,2
,76440,42.325,-86.325,2
,76444,33.375,-112.825,2
,76451,32.975,-112.675,5
,76489,34.975,-118.825,5
,76499,41.875,-71.425,5
,76505,39.725,-76.225,1
,76541,41.825,-81.125,2
,76542,39.775,-86.175,2
,76542,39.775,-86.175,2
,76598,42.575,-71.875,2
,76599,44.325,-71.725,2
,76600,43.775,-71.175,2
,76629,31.875,-83.925,2
,76642,30.325,-91.225,5
,76650,47.325,-116.875,2
,76663,36.625,-97.025,2
,76664,36.675,-97.025,5
,76675,29.875,-93.875,5
,76681,30.625,-91.275,2
,76681,30.625,-91.275,2
,76702,41.625,-87.175,5
,76730,44.625,-92.625,1
,76732,38.275,-89.675,2
,76734,37.625,-98.725,2
,76780,41.725,-90.325,1
,76790,37.625,-87.475,2
,76798,30.175,-93.325,5
,76800,34.975,-83.375,2
,76820,47.175,-93.475,1
,76820,47.175,-93.475,2
,76838,40.425,-74.375,5
,76841,35.675,-97.225,5
,76842,40.525,-122.325,4
,76847,33.325,-112.825,5
,76857,33.275,-89.425,6
,76885,34.825,-79.925,5
,76886,28.025,-81.875,2
,76899,36.725,-119.475,2
,76901,35.775,-119.075,2
,76903,38.825,-121.325,2
,76912,45.625,-122.725,5
,76915,30.725,-91.425,2
,76922,42.575,-89.025,5
,76973,40.075,-104.625,5
,76989,32.725,-114.675,5
,76997,40.025,-76.525,5
,77002,45.825,-108.475,3
,77005,32.925,-90.375,2
,77030,44.675,-67.975,2
,77043,38.725,-121.725,2
,77045,37.625,-121.025,5
,77052,38.175,-95.725,2
,77057,33.075,-97.925,5
,77093,45.175,-95.025,2
,77093,45.175,-95.025,2
,77105,34.175,-90.575,2
,77105,34.175,-90.575,5
,77131,46.775,-89.575,2
,77131,46.775,-89.575,2
,77141,40.775,-76.175,2
,77144,44.075,-122.975,2
,77148,40.625,-76.375,2
,77218,37.275,-97.425,2
,77243,35.625,-84.775,2
,77255,30.025,-90.475,1
,77269,39.575,-81.675,5
,77295,33.375,-85.025,5
,77296,33.325,-85.075,5
,77325,39.075,-122.125,3
,77328,44.275,-105.425,3
,77331,46.475,-119.275,2
,77351,33.175,-81.775,2
,77364,44.225,-85.225,2
,77365,44.675,-83.425,2
,77489,33.325,-92.525,5
,77503,37.875,-120.475,2
,77504,40.875,-123.975,2
,77565,37.175,-104.525,2
,77569,40.725,-73.575,5
,77570,39.775,-105.175,2
,77580,37.675,-121.525,5
,77581,37.725,-121.525,2
,77622,27.725,-81.825,5
,77627,40.175,-76.725,2
,77648,30.475,-88.175,5
,77670,37.725,-78.425,5
,77674,32.125,-94.175,5
,77675,32.325,-86.775,5
,77698,44.975,-116.275,2
,77709,29.975,-90.425,5
,77747,41.075,-76.125,2
,77749,37.175,-76.675,1
,77757,39.525,-110.425,2
,77769,34.275,-81.325,2
,77820,31.775,-94.925,2
,77860,40.825,-76.175,2
,77879,36.575,-90.175,5
,77934,34.975,-90.025,5
,77935,36.675,-77.025,2
,77938,28.825,-96.025,2
,77977,44.675,-69.625,1
,78044,36.425,-114.925,6
,78045,42.625,-78.075,5
,78060,25.875,-97.525,2
,78060,25.875,-97.525,5
,78103,40.425,-122.175,2
,78118,35.275,-85.075,2
,78151,39.975,-75.175,2
,78169,41.525,-84.275,2
,78177,30.575,-87.125,5
,78220,28.875,-97.125,1
,78220,28.875,-97.125,4
,78230,40.875,-96.575,5
,78246,39.425,-75.525,2
,78293,44.225,-72.075,2
,78306,42.575,-113.625,5
,78314,35.775,-80.525,5
,385508,40.575,-79.775,5
,385530,38.425,-121.525,5
,385617,46.275,-96.025,2
,385643,30.475,-91.175,2
,404924,42.575,-73.775,5
,405319,37.625,-122.075,5
,587518,44.325,-93.325,5
,587560,37.375,-121.975,5
,587567,33.975,-118.175,5
,587571,46.175,-123.125,5
,587613,40.325,-96.825,5
,587650,43.125,-93.325,5
,587651,41.825,-89.625,5
,587704,37.475,-120.925,5
,587724,44.825,-93.525,2
,587756,42.675,-73.725,5
,587788,28.975,-95.425,5
,587800,43.075,-89.425,5
,587835,33.875,-117.625,5
,587898,29.325,-94.725,5
,587938,44.325,-88.175,5
,587961,44.325,-105.375,3
,587988,45.775,-107.575,2
,587994,36.675,-108.225,5
,587996,35.875,-89.725,5
,588007,32.425,-81.175,5
,588008,38.275,-120.925,2
,588012,40.075,-111.725,5
,588046,39.725,-79.925,2
,588093,45.325,-95.625,2
,588110,37.725,-78.325,5
,588164,34.125,-109.275,2
,588165,41.575,-72.625,5
,588238,35.675,-89.925,2
,593927,41.925,-80.825,5
,594170,38.975,-76.925,2
,606380,39.825,-111.875,6
,606975,31.375,-86.525,5
,607160,33.125,-117.125,5
,607176,38.425,-78.825,2
,607274,34.475,-91.525,2
,608012,40.525,-74.325,5
,609597,44.925,-93.175,2
,613310,36.875,-82.325,2
,613326,44.175,-94.025,5
,613335,31.475,-96.975,2
,613373,40.675,-116.525,2
,626314,40.725,-73.475,5
,632007,40.325,-111.775,5
,632045,40.725,-73.375,5
,632047,40.825,-72.925,5
,632209,38.775,-121.375,5
,650972,42.875,-87.875,2
,676259,38.625,-82.875,1
,732864,36.675,-119.525,5
,732898,26.675,-80.375,5
,735714,44.425,-105.475,2
,737634,34.525,-110.075,2
,746556,40.725,-112.225,2
,748853,27.375,-80.375,5
,751356,28.625,-96.575,2
,820019,31.175,-96.475,2
,826582,30.575,-97.075,2
,840309,44.275,-105.275,2
,841085,31.825,-102.275,5
,849342,29.225,-96.075,5
,850144,41.725,-71.925,2
,856045,39.375,-122.175,5
,871146,32.725,-100.925,5
,874697,33.625,-93.825,2
,875399,38.625,-90.175,2
,875399,38.625,-90.175,5
,883352,32.775,-103.325,6
,883620,32.625,-88.775,5
,884383,38.075,-121.775,5
,891923,44.475,-71.175,2
,891963,38.075,-121.525,5
,911906,37.175,-120.475,2
,912854,31.425,-94.525,2
,913505,41.725,-83.425,2
,922140,44.425,-96.675,5
,1123030,31.125,-97.325,5
,1124417,39.875,-75.225,5
,1127605,39.125,-94.575,2
,1133698,33.775,-96.525,5
,1134407,35.825,-115.425,2
,1143769,33.075,-84.125,2
,1144030,47.275,-122.425,2
,1161596,37.125,-120.275,2
,1168279,43.925,-116.975,5
,1173151,29.775,-82.375,2
,1181091,38.725,-90.225,2
,1181214,33.275,-81.675,2
,1196724,38.325,-104.525,5
,1319175,46.825,-101.725,2
,1358974,41.375,-97.275,2
,1502940,40.675,-74.125,5
,1503622,40.475,-74.425,5
,1573104,41.125,-104.725,5
,1574461,32.525,-82.875,2
,1584122,30.125,-90.925,2
,1585142,36.675,-78.875,2
,1648419,39.075,-75.425,5
,1651571,39.025,-76.975,2
,1680849,41.675,-87.475,2
,1744511,27.875,-82.075,2
,1995460,42.675,-84.525,5
,1997368,31.875,-93.175,2
