2000-01-01	0.04
2000-01-02	0.04
2000-01-03	0.04
2000-01-04	0.04
2000-01-05	0.04
2000-01-06	0.04
2000-01-07	0.04
2000-01-08	0.04
2000-01-09	0.04
2000-01-10	0.04
2000-01-11	0.04
2000-01-12	0.04
2000-01-13	0.04
2000-01-14	0.04
2000-01-15	0.04
2000-01-16	0.03
2000-01-17	0.03
2000-01-18	0.03
2000-01-19	0.03
2000-01-20	0.03
2000-01-21	0.03
2000-01-22	0.03
2000-01-23	0.03
2000-01-24	2.14
2000-01-25	0.33
2000-01-26	0.07
2000-01-27	0.07
2000-01-28	0.06
2000-01-29	0.06
2000-01-30	0.06
2000-01-31	0.06
2000-02-01	0.06
2000-02-02	0.06
2000-02-03	0.06
2000-02-04	0.06
2000-02-05	0.06
2000-02-06	0.06
2000-02-07	0.05
2000-02-08	20.82
2000-02-09	0.39
2000-02-10	0.38
2000-02-11	0.37
2000-02-12	0.37
2000-02-13	0.36
2000-02-14	2.05
2000-02-15	0.38
2000-02-16	0.37
2000-02-17	0.37
2000-02-18	0.36
2000-02-19	0.35
2000-02-20	0.35
2000-02-21	0.34
2000-02-22	0.34
2000-02-23	0.33
2000-02-24	0.32
2000-02-25	0.32
2000-02-26	0.31
2000-02-27	0.31
2000-02-28	2.99
2000-02-29	35.05
2000-03-01	36.78
2000-03-02	54.63
2000-03-03	2.29
2000-03-04	2.25
2000-03-05	2.22
2000-03-06	2.18
2000-03-07	2.14
2000-03-08	2.11
2000-03-09	2.07
2000-03-10	2.04
2000-03-11	2.00
2000-03-12	1.97
2000-03-13	1.94
2000-03-14	1.91
2000-03-15	1.87
2000-03-16	1.84
2000-03-17	1.81
2000-03-18	1.78
2000-03-19	1.75
2000-03-20	1.72
2000-03-21	1.69
2000-03-22	1.67
2000-03-23	1.64
2000-03-24	1.61
2000-03-25	1.58
2000-03-26	4.00
2000-03-27	1.57
2000-03-28	1.54
2000-03-29	1.52
2000-03-30	1.49
2000-03-31	1.47
2000-04-01	1.44
2000-04-02	1.42
2000-04-03	1.40
2000-04-04	1.37
2000-04-05	1.35
2000-04-06	1.33
2000-04-07	1.31
2000-04-08	1.28
2000-04-09	1.26
2000-04-10	1.24
2000-04-11	1.22
2000-04-12	1.20
2000-04-13	1.18
2000-04-14	1.16
2000-04-15	1.14
2000-04-16	1.12
2000-04-17	1.10
2000-04-18	1.09
2000-04-19	1.07
2000-04-20	1.05
2000-04-21	1.03
2000-04-22	1.62
2000-04-23	1.01
2000-04-24	0.99
2000-04-25	0.97
2000-04-26	0.96
2000-04-27	0.94
2000-04-28	0.93
2000-04-29	0.91
2000-04-30	0.90
2000-05-01	0.88
2000-05-02	6.82
2000-05-03	0.95
2000-05-04	0.93
2000-05-05	0.92
2000-05-06	0.90
2000-05-07	0.89
2000-05-08	0.87
2000-05-09	0.86
2000-05-10	0.84
2000-05-11	0.83
2000-05-12	0.81
2000-05-13	16.04
2000-05-14	6.81
2000-05-15	1.11
2000-05-16	1.09
2000-05-17	1.07
2000-05-18	1.05
2000-05-19	1.04
2000-05-20	1.02
2000-05-21	1.00
2000-05-22	0.99
2000-05-23	0.97
2000-05-24	0.95
2000-05-25	0.94
2000-05-26	0.92
2000-05-27	0.91
2000-05-28	0.89
2000-05-29	0.88
2000-05-30	0.86
2000-05-31	0.85
2000-06-01	0.83
2000-06-02	0.82
2000-06-03	0.81
2000-06-04	23.15
2000-06-05	1.14
2000-06-06	1.12
2000-06-07	1.10
2000-06-08	1.08
2000-06-09	1.07
2000-06-10	1.05
2000-06-11	1.03
2000-06-12	1.01
2000-06-13	1.00
2000-06-14	0.98
2000-06-15	0.96
2000-06-16	0.95
2000-06-17	0.93
2000-06-18	0.92
2000-06-19	0.90
2000-06-20	0.89
2000-06-21	0.87
2000-06-22	0.86
2000-06-23	0.84
2000-06-24	0.83
2000-06-25	0.81
2000-06-26	0.80
2000-06-27	0.79
2000-06-28	0.77
2000-06-29	0.76
2000-06-30	0.75
2000-07-01	0.74
2000-07-02	0.72
2000-07-03	0.71
2000-07-04	0.70
2000-07-05	0.69
2000-07-06	0.68
2000-07-07	0.67
2000-07-08	0.65
2000-07-09	0.64
2000-07-10	0.63
2000-07-11	0.62
2000-07-12	0.61
2000-07-13	0.60
2000-07-14	0.59
2000-07-15	0.58
2000-07-16	0.57
2000-07-17	0.56
2000-07-18	0.55
2000-07-19	0.54
2000-07-20	0.54
2000-07-21	0.53
2000-07-22	0.52
2000-07-23	0.51
2000-07-24	0.50
2000-07-25	0.49
2000-07-26	0.48
2000-07-27	0.48
2000-07-28	0.47
2000-07-29	0.46
2000-07-30	0.45
2000-07-31	0.44
2000-08-01	0.44
2000-08-02	0.43
2000-08-03	0.42
2000-08-04	0.42
2000-08-05	0.41
2000-08-06	0.40
2000-08-07	0.40
2000-08-08	0.39
2000-08-09	0.38
2000-08-10	0.38
2000-08-11	0.37
2000-08-12	0.36
2000-08-13	0.36
2000-08-14	0.35
2000-08-15	0.35
2000-08-16	0.34
2000-08-17	0.33
2000-08-18	0.33
2000-08-19	0.32
2000-08-20	0.32
2000-08-21	0.31
2000-08-22	0.31
2000-08-23	0.30
2000-08-24	0.30
2000-08-25	0.29
2000-08-26	0.29
2000-08-27	0.28
2000-08-28	0.28
2000-08-29	0.27
2000-08-30	0.27
2000-08-31	0.26
2000-09-01	0.26
2000-09-02	0.26
2000-09-03	0.25
2000-09-04	0.25
2000-09-05	0.24
2000-09-06	41.79
2000-09-07	12.91
2000-09-08	1.08
2000-09-09	1.06
2000-09-10	1.05
2000-09-11	1.03
2000-09-12	1.01
2000-09-13	1.00
2000-09-14	0.98
2000-09-15	0.96
2000-09-16	0.95
2000-09-17	0.93
2000-09-18	0.92
2000-09-19	0.90
2000-09-20	0.89
2000-09-21	0.87
2000-09-22	0.86
2000-09-23	0.84
2000-09-24	0.83
2000-09-25	0.81
2000-09-26	0.80
2000-09-27	0.79
2000-09-28	0.77
2000-09-29	0.76
2000-09-30	0.75
2000-10-01	0.74
2000-10-02	0.72
2000-10-03	0.71
2000-10-04	0.70
2000-10-05	62.60
2000-10-06	24.47
2000-10-07	2.01
2000-10-08	1.98
2000-10-09	1.95
2000-10-10	1.92
2000-10-11	1.88
2000-10-12	1.85
2000-10-13	1.82
2000-10-14	1.79
2000-10-15	1.76
2000-10-16	1.73
2000-10-17	1.70
2000-10-18	1.67
2000-10-19	1.65
2000-10-20	1.62
2000-10-21	1.59
2000-10-22	1.57
2000-10-23	1.54
2000-10-24	1.51
2000-10-25	20.70
2000-10-26	1.77
2000-10-27	1.74
2000-10-28	1.71
2000-10-29	1.69
2000-10-30	1.66
2000-10-31	1.63
2000-11-01	1.60
2000-11-02	1.58
2000-11-03	1.55
2000-11-04	1.52
2000-11-05	1.50
2000-11-06	25.98
2000-11-07	9.40
2000-11-08	1.94
2000-11-09	1.90
2000-11-10	1.87
2000-11-11	1.84
2000-11-12	1.81
2000-11-13	1.78
2000-11-14	1.75
2000-11-15	1.72
2000-11-16	1.69
2000-11-17	1.66
2000-11-18	1.64
2000-11-19	1.61
2000-11-20	1.58
2000-11-21	1.56
2000-11-22	1.53
2000-11-23	1.50
2000-11-24	1.48
2000-11-25	1.45
2000-11-26	1.43
2000-11-27	1.41
2000-11-28	1.38
2000-11-29	1.36
2000-11-30	1.34
2000-12-01	1.31
2000-12-02	1.29
2000-12-03	63.02
2000-12-04	2.25
2000-12-05	2.21
2000-12-06	58.26
2000-12-07	3.04
2000-12-08	4.51
2000-12-09	25.87
2000-12-10	3.28
2000-12-11	3.23
2000-12-12	3.17
2000-12-13	3.12
2000-12-14	3.07
2000-12-15	3.02
2000-12-16	2.97
2000-12-17	2.92
2000-12-18	2.87
2000-12-19	2.82
2000-12-20	2.78
2000-12-21	2.73
2000-12-22	2.68
2000-12-23	2.64
2000-12-24	2.59
2000-12-25	2.55
2000-12-26	2.51
2000-12-27	2.47
2000-12-28	2.43
2000-12-29	2.39
2000-12-30	2.35
2000-12-31	2.31
2001-01-01	2.27
2001-01-02	2.23
2001-01-03	2.19
2001-01-04	2.16
2001-01-05	2.12
2001-01-06	2.09
2001-01-07	2.05
2001-01-08	2.02
2001-01-09	1.98
2001-01-10	1.95
2001-01-11	1.92
2001-01-12	1.89
2001-01-13	1.85
2001-01-14	1.82
2001-01-15	1.79
2001-01-16	1.76
2001-01-17	1.73
2001-01-18	1.70
2001-01-19	1.68
2001-01-20	1.65
2001-01-21	1.62
2001-01-22	1.59
2001-01-23	1.57
2001-01-24	1.54
2001-01-25	2.15
2001-01-26	2.84
2001-01-27	1.50
2001-01-28	1.47
2001-01-29	1.45
2001-01-30	1.42
2001-01-31	1.40
2001-02-01	1.38
2001-02-02	1.35
2001-02-03	1.33
2001-02-04	1.31
2001-02-05	1.29
2001-02-06	1.27
2001-02-07	1.24
2001-02-08	1.22
2001-02-09	1.20
2001-02-10	1.18
2001-02-11	1.16
2001-02-12	1.14
2001-02-13	1.12
2001-02-14	7.58
2001-02-15	4.22
2001-02-16	4.66
2001-02-17	3.85
2001-02-18	1.28
2001-02-19	1.26
2001-02-20	1.23
2001-02-21	21.34
2001-02-22	62.57
2001-02-23	8.27
2001-02-24	64.09
2001-02-25	8.98
2001-02-26	23.26
2001-02-27	4.79
2001-02-28	4.03
2001-03-01	5.55
2001-03-02	3.64
2001-03-03	3.58
2001-03-04	3.52
2001-03-05	3.46
2001-03-06	3.40
2001-03-07	3.34
2001-03-08	3.29
2001-03-09	3.23
2001-03-10	3.18
2001-03-11	3.13
2001-03-12	3.07
2001-03-13	3.02
2001-03-14	2.97
2001-03-15	2.92
2001-03-16	2.87
2001-03-17	2.83
2001-03-18	2.78
2001-03-19	2.73
2001-03-20	2.69
2001-03-21	21.50
2001-03-22	21.66
2001-03-23	3.16
2001-03-24	3.10
2001-03-25	31.32
2001-03-26	11.56
2001-03-27	10.57
2001-03-28	3.58
2001-03-29	3.52
2001-03-30	3.47
2001-03-31	3.41
2001-04-01	3.35
2001-04-02	3.30
2001-04-03	3.24
2001-04-04	3.19
2001-04-05	3.13
2001-04-06	3.08
2001-04-07	3.03
2001-04-08	2.98
2001-04-09	2.93
2001-04-10	2.88
2001-04-11	2.83
2001-04-12	2.79
2001-04-13	2.74
2001-04-14	2.69
2001-04-15	2.65
2001-04-16	2.60
2001-04-17	2.56
2001-04-18	25.33
2001-04-19	2.84
2001-04-20	2.80
2001-04-21	2.75
2001-04-22	2.70
2001-04-23	2.66
2001-04-24	2.61
2001-04-25	2.57
2001-04-26	2.53
2001-04-27	2.49
2001-04-28	2.44
2001-04-29	2.40
2001-04-30	2.36
2001-05-01	2.32
2001-05-02	2.29
2001-05-03	2.25
2001-05-04	2.21
2001-05-05	2.17
2001-05-06	2.14
2001-05-07	2.10
2001-05-08	2.07
2001-05-09	2.03
2001-05-10	2.00
2001-05-11	1.96
2001-05-12	1.93
2001-05-13	1.90
2001-05-14	4.87
2001-05-15	1.89
2001-05-16	1.85
2001-05-17	1.82
2001-05-18	1.79
2001-05-19	1.76
2001-05-20	22.62
2001-05-21	67.98
2001-05-22	3.07
2001-05-23	3.02
2001-05-24	2.97
2001-05-25	2.92
2001-05-26	2.87
2001-05-27	2.82
2001-05-28	2.78
2001-05-29	23.27
2001-05-30	23.55
2001-05-31	4.61
2001-06-01	3.26
2001-06-02	3.21
2001-06-03	3.15
2001-06-04	16.84
2001-06-05	16.09
2001-06-06	22.55
2001-06-07	35.30
2001-06-08	48.97
2001-06-09	11.65
2001-06-10	6.15
2001-06-11	4.75
2001-06-12	4.67
2001-06-13	20.59
2001-06-14	23.99
2001-06-15	12.04
2001-06-16	6.12
2001-06-17	4.97
2001-06-18	4.89
2001-06-19	4.80
2001-06-20	4.72
2001-06-21	4.65
2001-06-22	4.57
2001-06-23	4.49
2001-06-24	4.42
2001-06-25	4.34
2001-06-26	4.27
2001-06-27	4.20
2001-06-28	4.13
2001-06-29	4.06
2001-06-30	3.99
2001-07-01	3.93
2001-07-02	3.86
2001-07-03	3.80
2001-07-04	3.73
2001-07-05	3.67
2001-07-06	3.61
2001-07-07	3.55
2001-07-08	3.49
2001-07-09	3.43
2001-07-10	3.38
2001-07-11	3.32
2001-07-12	3.26
2001-07-13	3.21
2001-07-14	3.16
2001-07-15	3.10
2001-07-16	3.05
2001-07-17	3.00
2001-07-18	2.95
2001-07-19	2.90
2001-07-20	2.85
2001-07-21	2.81
2001-07-22	2.76
2001-07-23	2.71
2001-07-24	2.67
2001-07-25	2.62
2001-07-26	2.58
2001-07-27	2.54
2001-07-28	2.49
2001-07-29	2.45
2001-07-30	2.41
2001-07-31	2.37
2001-08-01	2.33
2001-08-02	2.29
2001-08-03	2.25
2001-08-04	2.22
2001-08-05	2.18
2001-08-06	2.14
2001-08-07	2.11
2001-08-08	2.07
2001-08-09	2.04
2001-08-10	2.00
2001-08-11	1.97
2001-08-12	1.94
2001-08-13	1.91
2001-08-14	1.87
2001-08-15	1.84
2001-08-16	1.81
2001-08-17	1.78
2001-08-18	1.75
2001-08-19	1.72
2001-08-20	1.69
2001-08-21	1.67
2001-08-22	1.64
2001-08-23	1.61
2001-08-24	1.58
2001-08-25	1.56
2001-08-26	1.53
2001-08-27	1.51
2001-08-28	1.48
2001-08-29	1.46
2001-08-30	1.43
2001-08-31	1.41
2001-09-01	1.39
2001-09-02	1.36
2001-09-03	1.34
2001-09-04	1.32
2001-09-05	1.29
2001-09-06	1.27
2001-09-07	1.25
2001-09-08	1.23
2001-09-09	1.21
2001-09-10	1.19
2001-09-11	1.17
2001-09-12	1.15
2001-09-13	1.13
2001-09-14	1.11
2001-09-15	1.09
2001-09-16	1.08
2001-09-17	1.06
2001-09-18	1.04
2001-09-19	1.02
2001-09-20	1.01
2001-09-21	0.99
2001-09-22	0.97
2001-09-23	0.96
2001-09-24	0.94
2001-09-25	0.93
2001-09-26	0.91
2001-09-27	0.89
2001-09-28	0.88
2001-09-29	0.87
2001-09-30	0.85
2001-10-01	0.84
2001-10-02	0.82
2001-10-03	0.81
2001-10-04	0.80
2001-10-05	0.78
2001-10-06	0.77
2001-10-07	0.76
2001-10-08	0.74
2001-10-09	0.73
2001-10-10	0.72
2001-10-11	0.71
2001-10-12	0.70
2001-10-13	0.68
2001-10-14	0.67
2001-10-15	0.66
2001-10-16	0.65
2001-10-17	0.64
2001-10-18	0.63
2001-10-19	0.62
2001-10-20	0.61
2001-10-21	0.60
2001-10-22	0.59
2001-10-23	0.58
2001-10-24	0.57
2001-10-25	0.56
2001-10-26	0.55
2001-10-27	0.54
2001-10-28	0.53
2001-10-29	0.52
2001-10-30	0.51
2001-10-31	0.51
2001-11-01	0.50
2001-11-02	0.49
2001-11-03	0.48
2001-11-04	0.47
2001-11-05	0.46
2001-11-06	0.46
2001-11-07	0.45
2001-11-08	0.44
2001-11-09	0.43
2001-11-10	0.43
2001-11-11	0.42
2001-11-12	0.41
2001-11-13	0.41
2001-11-14	0.40
2001-11-15	0.39
2001-11-16	0.39
2001-11-17	0.38
2001-11-18	0.37
2001-11-19	0.37
2001-11-20	0.36
2001-11-21	0.35
2001-11-22	0.35
2001-11-23	0.34
2001-11-24	0.34
2001-11-25	0.33
2001-11-26	0.33
2001-11-27	0.32
2001-11-28	0.32
2001-11-29	0.31
2001-11-30	0.31
2001-12-01	0.30
2001-12-02	0.30
2001-12-03	0.29
2001-12-04	0.29
2001-12-05	0.28
2001-12-06	0.28
2001-12-07	0.27
2001-12-08	0.27
2001-12-09	0.26
2001-12-10	0.26
2001-12-11	0.25
2001-12-12	0.25
2001-12-13	0.25
2001-12-14	0.24
2001-12-15	0.24
2001-12-16	0.23
2001-12-17	0.23
2001-12-18	0.23
2001-12-19	0.22
2001-12-20	0.22
2001-12-21	0.21
2001-12-22	0.21
2001-12-23	0.21
2001-12-24	0.20
2001-12-25	0.20
2001-12-26	0.20
2001-12-27	0.19
2001-12-28	0.19
2001-12-29	0.19
2001-12-30	0.18
2001-12-31	0.18
2002-01-01	0.18
2002-01-02	0.18
2002-01-03	0.17
2002-01-04	0.17
2002-01-05	0.17
2002-01-06	0.16
2002-01-07	0.16
2002-01-08	0.16
2002-01-09	0.16
2002-01-10	0.15
2002-01-11	0.15
2002-01-12	0.15
2002-01-13	0.15
2002-01-14	0.14
2002-01-15	0.14
2002-01-16	0.14
2002-01-17	0.14
2002-01-18	0.13
2002-01-19	0.13
2002-01-20	0.13
2002-01-21	0.13
2002-01-22	0.13
2002-01-23	0.12
2002-01-24	0.12
2002-01-25	0.12
2002-01-26	0.12
2002-01-27	0.12
2002-01-28	0.11
2002-01-29	0.11
2002-01-30	0.11
2002-01-31	0.11
2002-02-01	0.11
2002-02-02	0.10
2002-02-03	0.10
2002-02-04	0.10
2002-02-05	0.10
2002-02-06	0.10
2002-02-07	0.10
2002-02-08	0.09
2002-02-09	0.09
2002-02-10	0.09
2002-02-11	0.09
2002-02-12	0.09
2002-02-13	0.09
2002-02-14	0.09
2002-02-15	0.08
2002-02-16	0.08
2002-02-17	0.08
2002-02-18	0.08
2002-02-19	0.08
2002-02-20	0.08
2002-02-21	0.08
2002-02-22	0.07
2002-02-23	0.07
2002-02-24	0.07
2002-02-25	0.07
2002-02-26	0.07
2002-02-27	0.07
2002-02-28	0.07
2002-03-01	0.07
2002-03-02	0.07
2002-03-03	0.06
2002-03-04	0.06
2002-03-05	0.06
2002-03-06	0.06
2002-03-07	0.06
2002-03-08	0.06
2002-03-09	0.06
2002-03-10	0.06
2002-03-11	0.06
2002-03-12	0.05
2002-03-13	0.05
2002-03-14	0.05
2002-03-15	0.05
2002-03-16	0.05
2002-03-17	0.05
2002-03-18	0.05
2002-03-19	0.05
2002-03-20	0.05
2002-03-21	0.05
2002-03-22	0.05
2002-03-23	0.05
2002-03-24	0.04
2002-03-25	0.04
2002-03-26	0.04
2002-03-27	0.04
2002-03-28	0.04
2002-03-29	0.04
2002-03-30	0.04
2002-03-31	0.04
2002-04-01	0.04
2002-04-02	0.04
2002-04-03	0.04
2002-04-04	0.04
2002-04-05	0.04
2002-04-06	0.04
2002-04-07	0.04
2002-04-08	0.03
2002-04-09	0.03
2002-04-10	0.03
2002-04-11	0.03
2002-04-12	0.03
2002-04-13	0.03
2002-04-14	0.03
2002-04-15	0.03
2002-04-16	0.03
2002-04-17	0.03
2002-04-18	0.03
2002-04-19	0.03
2002-04-20	0.03
2002-04-21	0.03
2002-04-22	0.03
2002-04-23	0.03
2002-04-24	0.03
2002-04-25	0.03
2002-04-26	0.03
2002-04-27	0.03
2002-04-28	0.02
2002-04-29	0.02
2002-04-30	0.02
2002-05-01	0.02
2002-05-02	0.02
2002-05-03	0.02
2002-05-04	0.02
2002-05-05	0.02
2002-05-06	0.02
2002-05-07	0.02
2002-05-08	0.02
2002-05-09	0.02
2002-05-10	0.02
2002-05-11	0.02
2002-05-12	0.02
2002-05-13	0.02
2002-05-14	0.02
2002-05-15	0.02
2002-05-16	0.02
2002-05-17	0.02
2002-05-18	0.02
2002-05-19	0.02
2002-05-20	0.02
2002-05-21	0.02
2002-05-22	0.02
2002-05-23	0.02
2002-05-24	0.02
2002-05-25	0.02
2002-05-26	0.02
2002-05-27	0.02
2002-05-28	0.02
2002-05-29	0.01
2002-05-30	0.01
2002-05-31	0.01
2002-06-01	0.01
2002-06-02	0.01
2002-06-03	0.01
2002-06-04	0.01
2002-06-05	0.01
2002-06-06	0.01
2002-06-07	0.01
2002-06-08	0.01
2002-06-09	0.01
2002-06-10	0.01
2002-06-11	0.01
2002-06-12	0.01
2002-06-13	0.01
2002-06-14	0.01
2002-06-15	0.01
2002-06-16	0.01
2002-06-17	0.01
2002-06-18	0.01
2002-06-19	0.01
2002-06-20	0.01
2002-06-21	0.01
2002-06-22	0.01
2002-06-23	0.01
2002-06-24	0.01
2002-06-25	0.01
2002-06-26	0.01
2002-06-27	0.01
2002-06-28	0.01
2002-06-29	0.01
2002-06-30	0.01
2002-07-01	0.01
2002-07-02	0.01
2002-07-03	0.01
2002-07-04	0.01
2002-07-05	0.01
2002-07-06	0.01
2002-07-07	0.01
2002-07-08	0.01
2002-07-09	0.01
2002-07-10	0.01
2002-07-11	0.01
2002-07-12	0.01
2002-07-13	0.01
2002-07-14	0.01
2002-07-15	0.01
2002-07-16	0.01
2002-07-17	0.01
2002-07-18	0.01
2002-07-19	0.01
2002-07-20	0.01
2002-07-21	0.01
2002-07-22	0.01
2002-07-23	0.01
2002-07-24	0.01
2002-07-25	0.01
2002-07-26	0.01
2002-07-27	0.01
2002-07-28	0.01
2002-07-29	0.01
2002-07-30	0.01
2002-07-31	0.01
2002-08-01	0.01
2002-08-02	0.00
2002-08-03	0.00
2002-08-04	0.00
2002-08-05	0.00
2002-08-06	0.00
2002-08-07	0.00
2002-08-08	0.00
2002-08-09	0.00
2002-08-10	0.00
2002-08-11	0.00
2002-08-12	0.00
2002-08-13	0.00
2002-08-14	0.00
2002-08-15	0.00
2002-08-16	0.00
2002-08-17	0.00
2002-08-18	0.00
2002-08-19	0.00
2002-08-20	0.00
2002-08-21	0.00
2002-08-22	0.00
2002-08-23	0.00
2002-08-24	0.00
2002-08-25	0.00
2002-08-26	0.00
2002-08-27	0.00
2002-08-28	0.00
2002-08-29	0.00
2002-08-30	0.00
2002-08-31	0.00
2002-09-01	0.00
2002-09-02	0.00
2002-09-03	0.00
2002-09-04	0.00
2002-09-05	0.00
2002-09-06	0.00
2002-09-07	0.00
2002-09-08	0.00
2002-09-09	0.00
2002-09-10	0.00
2002-09-11	0.00
2002-09-12	0.00
2002-09-13	0.00
2002-09-14	0.00
2002-09-15	0.00
2002-09-16	0.00
2002-09-17	0.00
2002-09-18	0.00
2002-09-19	0.00
2002-09-20	0.00
2002-09-21	0.00
2002-09-22	0.00
2002-09-23	0.00
2002-09-24	0.00
2002-09-25	0.00
2002-09-26	0.00
2002-09-27	0.00
2002-09-28	0.00
2002-09-29	0.00
2002-09-30	0.00
2002-10-01	0.00
2002-10-02	0.00
2002-10-03	0.00
2002-10-04	0.00
2002-10-05	0.00
2002-10-06	0.00
2002-10-07	0.00
2002-10-08	0.00
2002-10-09	0.00
2002-10-10	0.00
2002-10-11	0.00
2002-10-12	0.00
2002-10-13	0.00
2002-10-14	0.00
2002-10-15	0.00
2002-10-16	0.00
2002-10-17	0.00
2002-10-18	0.00
2002-10-19	0.00
2002-10-20	0.00
2002-10-21	0.00
2002-10-22	0.00
2002-10-23	0.00
2002-10-24	0.00
2002-10-25	0.00
2002-10-26	0.00
2002-10-27	0.00
2002-10-28	0.00
2002-10-29	0.00
2002-10-30	0.00
2002-10-31	0.00
2002-11-01	0.00
2002-11-02	0.00
2002-11-03	0.00
2002-11-04	0.00
2002-11-05	0.00
2002-11-06	0.00
2002-11-07	0.00
2002-11-08	0.00
2002-11-09	0.00
2002-11-10	0.00
2002-11-11	0.00
2002-11-12	0.00
2002-11-13	0.00
2002-11-14	0.00
2002-11-15	0.00
2002-11-16	0.00
2002-11-17	0.00
2002-11-18	0.00
2002-11-19	0.00
2002-11-20	0.00
2002-11-21	0.00
2002-11-22	0.00
2002-11-23	0.00
2002-11-24	0.00
2002-11-25	0.00
2002-11-26	0.00
2002-11-27	0.00
2002-11-28	0.00
2002-11-29	0.00
2002-11-30	0.00
2002-12-01	0.00
2002-12-02	0.00
2002-12-03	0.00
2002-12-04	0.00
2002-12-05	0.00
2002-12-06	0.00
2002-12-07	8.58
2002-12-08	0.14
2002-12-09	0.14
2002-12-10	0.13
2002-12-11	0.13
2002-12-12	0.13
2002-12-13	0.13
2002-12-14	0.13
2002-12-15	0.12
2002-12-16	2.19
2002-12-17	0.43
2002-12-18	0.15
2002-12-19	0.15
2002-12-20	0.15
2002-12-21	0.15
2002-12-22	0.14
2002-12-23	0.14
2002-12-24	0.14
2002-12-25	0.14
2002-12-26	0.14
2002-12-27	0.13
2002-12-28	0.13
2002-12-29	0.13
2002-12-30	0.13
2002-12-31	0.12
2003-01-01	0.12
2003-01-02	0.12
2003-01-03	0.12
2003-01-04	0.12
2003-01-05	0.11
2003-01-06	28.63
2003-01-07	8.97
2003-01-08	1.04
2003-01-09	0.69
2003-01-10	0.68
2003-01-11	0.67
2003-01-12	0.66
2003-01-13	0.65
2003-01-14	0.63
2003-01-15	0.62
2003-01-16	0.61
2003-01-17	0.60
2003-01-18	0.59
2003-01-19	0.58
2003-01-20	0.57
2003-01-21	0.56
2003-01-22	0.55
2003-01-23	0.55
2003-01-24	0.54
2003-01-25	0.53
2003-01-26	0.52
2003-01-27	0.51
2003-01-28	0.50
2003-01-29	3.60
2003-01-30	11.56
2003-01-31	13.53
2003-02-01	0.90
2003-02-02	0.88
2003-02-03	0.87
2003-02-04	0.85
2003-02-05	0.84
2003-02-06	0.83
2003-02-07	0.81
2003-02-08	0.80
2003-02-09	0.79
2003-02-10	0.77
2003-02-11	0.76
2003-02-12	9.22
2003-02-13	0.87
2003-02-14	0.86
2003-02-15	2.65
2003-02-16	9.84
2003-02-17	0.99
2003-02-18	0.97
2003-02-19	17.05
2003-02-20	1.44
2003-02-21	1.18
2003-02-22	1.16
2003-02-23	1.14
2003-02-24	1.12
2003-02-25	1.11
2003-02-26	1.09
2003-02-27	1.07
2003-02-28	1.05
2003-03-01	1.03
2003-03-02	1.02
2003-03-03	1.00
2003-03-04	0.98
2003-03-05	0.97
2003-03-06	0.95
2003-03-07	0.93
2003-03-08	11.37
2003-03-09	1.07
2003-03-10	1.05
2003-03-11	1.04
2003-03-12	1.02
2003-03-13	1.00
2003-03-14	0.99
2003-03-15	0.97
2003-03-16	0.95
2003-03-17	0.94
2003-03-18	0.92
2003-03-19	0.91
2003-03-20	0.89
2003-03-21	0.88
2003-03-22	0.86
2003-03-23	0.85
2003-03-24	0.83
2003-03-25	0.82
2003-03-26	0.81
2003-03-27	0.79
2003-03-28	0.78
2003-03-29	0.77
2003-03-30	0.75
2003-03-31	0.74
2003-04-01	0.73
2003-04-02	0.72
2003-04-03	0.70
2003-04-04	0.69
2003-04-05	0.68
2003-04-06	0.67
2003-04-07	0.66
2003-04-08	0.65
2003-04-09	0.64
2003-04-10	0.63
2003-04-11	0.62
2003-04-12	0.61
2003-04-13	0.60
2003-04-14	0.59
2003-04-15	0.58
2003-04-16	0.57
2003-04-17	0.56
2003-04-18	0.55
2003-04-19	0.54
2003-04-20	0.53
2003-04-21	11.68
2003-04-22	15.30
2003-04-23	0.92
2003-04-24	0.90
2003-04-25	0.89
2003-04-26	0.87
2003-04-27	0.86
2003-04-28	0.84
2003-04-29	0.83
2003-04-30	0.81
2003-05-01	0.80
2003-05-02	0.79
2003-05-03	0.77
2003-05-04	0.76
2003-05-05	0.75
2003-05-06	0.74
2003-05-07	0.72
2003-05-08	0.71
2003-05-09	0.70
2003-05-10	0.69
2003-05-11	0.68
2003-05-12	0.67
2003-05-13	0.65
2003-05-14	0.64
2003-05-15	0.63
2003-05-16	0.62
2003-05-17	0.61
2003-05-18	0.60
2003-05-19	0.59
2003-05-20	0.58
2003-05-21	0.57
2003-05-22	0.56
2003-05-23	0.55
2003-05-24	0.54
2003-05-25	0.53
2003-05-26	0.53
2003-05-27	0.52
2003-05-28	0.51
2003-05-29	0.50
2003-05-30	0.49
2003-05-31	0.48
2003-06-01	0.48
2003-06-02	0.47
2003-06-03	0.46
2003-06-04	0.45
2003-06-05	0.44
2003-06-06	0.44
2003-06-07	0.43
2003-06-08	0.42
2003-06-09	0.42
2003-06-10	0.41
2003-06-11	0.40
2003-06-12	0.40
2003-06-13	0.39
2003-06-14	0.38
2003-06-15	0.38
2003-06-16	0.37
2003-06-17	0.36
2003-06-18	0.36
2003-06-19	0.35
2003-06-20	0.35
2003-06-21	0.34
2003-06-22	0.33
2003-06-23	0.33
2003-06-24	0.32
2003-06-25	0.32
2003-06-26	0.31
2003-06-27	0.31
2003-06-28	0.30
2003-06-29	0.30
2003-06-30	0.29
2003-07-01	0.29
2003-07-02	0.28
2003-07-03	0.28
2003-07-04	0.27
2003-07-05	0.27
2003-07-06	0.26
2003-07-07	0.26
2003-07-08	0.26
2003-07-09	0.25
2003-07-10	0.25
2003-07-11	0.24
2003-07-12	0.24
2003-07-13	0.23
2003-07-14	0.23
2003-07-15	0.23
2003-07-16	0.22
2003-07-17	0.22
2003-07-18	0.22
2003-07-19	0.21
2003-07-20	0.21
2003-07-21	0.21
2003-07-22	0.20
2003-07-23	0.20
2003-07-24	0.20
2003-07-25	0.19
2003-07-26	0.19
2003-07-27	0.19
2003-07-28	0.18
2003-07-29	0.18
2003-07-30	0.18
2003-07-31	0.17
2003-08-01	0.17
2003-08-02	0.17
2003-08-03	0.16
2003-08-04	0.16
2003-08-05	0.16
2003-08-06	0.16
2003-08-07	0.15
2003-08-08	0.15
2003-08-09	0.15
2003-08-10	0.15
2003-08-11	0.14
2003-08-12	0.14
2003-08-13	0.14
2003-08-14	0.14
2003-08-15	0.13
2003-08-16	0.13
2003-08-17	0.13
2003-08-18	0.13
2003-08-19	0.13
2003-08-20	0.12
2003-08-21	0.12
2003-08-22	0.12
2003-08-23	0.12
2003-08-24	0.12
2003-08-25	0.11
2003-08-26	0.11
2003-08-27	0.11
2003-08-28	0.11
2003-08-29	0.11
2003-08-30	0.10
2003-08-31	0.10
2003-09-01	0.10
2003-09-02	0.10
2003-09-03	0.10
2003-09-04	0.10
2003-09-05	0.09
2003-09-06	0.09
2003-09-07	0.09
2003-09-08	0.09
2003-09-09	0.09
2003-09-10	0.09
2003-09-11	0.09
2003-09-12	0.08
2003-09-13	0.08
2003-09-14	0.08
2003-09-15	0.08
2003-09-16	0.08
2003-09-17	0.08
2003-09-18	0.08
2003-09-19	0.07
2003-09-20	0.07
2003-09-21	0.07
2003-09-22	0.07
2003-09-23	0.07
2003-09-24	0.07
2003-09-25	6.34
2003-09-26	22.47
2003-09-27	9.57
2003-09-28	8.36
2003-09-29	1.05
2003-09-30	0.77
2003-10-01	0.75
2003-10-02	0.74
2003-10-03	0.73
2003-10-04	0.72
2003-10-05	0.70
2003-10-06	0.69
2003-10-07	0.68
2003-10-08	0.67
2003-10-09	0.66
2003-10-10	0.65
2003-10-11	0.64
2003-10-12	0.63
2003-10-13	0.62
2003-10-14	0.61
2003-10-15	0.60
2003-10-16	0.59
2003-10-17	0.58
2003-10-18	0.57
2003-10-19	0.56
2003-10-20	0.55
2003-10-21	0.54
2003-10-22	0.53
2003-10-23	0.52
2003-10-24	0.51
2003-10-25	0.50
2003-10-26	0.49
2003-10-27	0.49
2003-10-28	0.48
2003-10-29	0.47
2003-10-30	0.46
2003-10-31	0.45
2003-11-01	0.45
2003-11-02	0.44
2003-11-03	0.43
2003-11-04	0.43
2003-11-05	0.42
2003-11-06	0.41
2003-11-07	0.40
2003-11-08	0.40
2003-11-09	0.39
2003-11-10	0.38
2003-11-11	0.38
2003-11-12	0.37
2003-11-13	0.37
2003-11-14	0.36
2003-11-15	0.35
2003-11-16	0.35
2003-11-17	0.34
2003-11-18	0.34
2003-11-19	0.33
2003-11-20	0.33
2003-11-21	0.32
2003-11-22	0.31
2003-11-23	0.31
2003-11-24	0.30
2003-11-25	0.30
2003-11-26	0.29
2003-11-27	0.29
2003-11-28	0.28
2003-11-29	0.28
2003-11-30	0.27
2003-12-01	0.27
2003-12-02	0.27
2003-12-03	0.26
2003-12-04	0.26
2003-12-05	0.25
2003-12-06	0.25
2003-12-07	0.24
2003-12-08	0.24
2003-12-09	0.24
2003-12-10	0.23
2003-12-11	0.23
2003-12-12	0.22
2003-12-13	0.22
2003-12-14	0.22
2003-12-15	0.21
2003-12-16	0.21
2003-12-17	0.21
2003-12-18	0.20
2003-12-19	0.20
2003-12-20	0.20
2003-12-21	0.19
2003-12-22	0.19
2003-12-23	0.19
2003-12-24	0.18
2003-12-25	0.18
2003-12-26	0.18
2003-12-27	0.17
2003-12-28	0.17
2003-12-29	0.17
2003-12-30	0.17
2003-12-31	0.16
2004-01-01	0.16
2004-01-02	0.16
2004-01-03	0.16
2004-01-04	0.15
2004-01-05	0.15
2004-01-06	0.15
2004-01-07	0.15
2004-01-08	0.14
2004-01-09	0.14
2004-01-10	0.14
2004-01-11	0.14
2004-01-12	0.13
2004-01-13	0.13
2004-01-14	0.13
2004-01-15	0.13
2004-01-16	0.12
2004-01-17	0.12
2004-01-18	0.12
2004-01-19	0.12
2004-01-20	0.12
2004-01-21	0.11
2004-01-22	0.11
2004-01-23	0.11
2004-01-24	0.11
2004-01-25	0.11
2004-01-26	0.11
2004-01-27	0.10
2004-01-28	0.10
2004-01-29	0.10
2004-01-30	0.17
2004-01-31	3.95
2004-02-01	0.16
2004-02-02	0.16
2004-02-03	0.15
2004-02-04	0.15
2004-02-05	2.17
2004-02-06	0.18
2004-02-07	9.04
2004-02-08	0.32
2004-02-09	0.31
2004-02-10	0.30
2004-02-11	0.30
2004-02-12	0.29
2004-02-13	0.29
2004-02-14	0.28
2004-02-15	0.28
2004-02-16	0.28
2004-02-17	0.27
2004-02-18	0.27
2004-02-19	5.80
2004-02-20	1.80
2004-02-21	4.30
2004-02-22	0.42
2004-02-23	0.41
2004-02-24	0.41
2004-02-25	0.40
2004-02-26	0.39
2004-02-27	0.39
2004-02-28	0.38
2004-02-29	0.38
2004-03-01	0.37
2004-03-02	0.36
2004-03-03	0.36
2004-03-04	0.35
2004-03-05	0.34
2004-03-06	0.34
2004-03-07	0.33
2004-03-08	0.33
2004-03-09	0.32
2004-03-10	0.32
2004-03-11	0.31
2004-03-12	0.31
2004-03-13	0.30
2004-03-14	0.30
2004-03-15	0.29
2004-03-16	0.29
2004-03-17	0.28
2004-03-18	0.28
2004-03-19	0.27
2004-03-20	0.27
2004-03-21	0.26
2004-03-22	0.26
2004-03-23	0.25
2004-03-24	0.25
2004-03-25	0.25
2004-03-26	0.24
2004-03-27	0.24
2004-03-28	0.23
2004-03-29	0.23
2004-03-30	0.23
2004-03-31	0.22
2004-04-01	0.22
2004-04-02	0.22
2004-04-03	0.21
2004-04-04	0.21
2004-04-05	0.20
2004-04-06	0.20
2004-04-07	0.20
2004-04-08	0.19
2004-04-09	0.19
2004-04-10	0.19
2004-04-11	0.19
2004-04-12	14.46
2004-04-13	7.12
2004-04-14	72.69
2004-04-15	1.67
2004-04-16	1.64
2004-04-17	1.61
2004-04-18	1.58
2004-04-19	1.56
2004-04-20	1.53
2004-04-21	1.51
2004-04-22	1.48
2004-04-23	1.46
2004-04-24	1.43
2004-04-25	1.41
2004-04-26	1.38
2004-04-27	1.36
2004-04-28	1.34
2004-04-29	1.32
2004-04-30	1.29
2004-05-01	1.27
2004-05-02	1.25
2004-05-03	1.23
2004-05-04	1.21
2004-05-05	1.19
2004-05-06	1.17
2004-05-07	1.15
2004-05-08	1.13
2004-05-09	1.11
2004-05-10	1.09
2004-05-11	1.08
2004-05-12	1.06
2004-05-13	1.04
2004-05-14	1.02
2004-05-15	1.01
2004-05-16	0.99
2004-05-17	0.97
2004-05-18	34.02
2004-05-19	17.74
2004-05-20	1.71
2004-05-21	1.68
2004-05-22	1.65
2004-05-23	1.63
2004-05-24	1.60
2004-05-25	1.57
2004-05-26	1.55
2004-05-27	1.52
2004-05-28	1.50
2004-05-29	1.47
2004-05-30	1.45
2004-05-31	1.42
2004-06-01	1.40
2004-06-02	1.38
2004-06-03	1.35
2004-06-04	1.33
2004-06-05	1.31
2004-06-06	1.29
2004-06-07	1.26
2004-06-08	1.24
2004-06-09	1.22
2004-06-10	1.20
2004-06-11	1.18
2004-06-12	1.16
2004-06-13	1.14
2004-06-14	1.12
2004-06-15	1.11
2004-06-16	1.09
2004-06-17	1.07
2004-06-18	1.05
2004-06-19	1.03
2004-06-20	1.02
2004-06-21	1.00
2004-06-22	0.98
2004-06-23	0.97
2004-06-24	0.95
2004-06-25	0.93
2004-06-26	0.92
2004-06-27	0.90
2004-06-28	0.89
2004-06-29	0.87
2004-06-30	0.86
2004-07-01	0.84
2004-07-02	0.83
2004-07-03	0.82
2004-07-04	0.80
2004-07-05	0.79
2004-07-06	0.78
2004-07-07	0.76
2004-07-08	0.75
2004-07-09	0.74
2004-07-10	0.73
2004-07-11	0.71
2004-07-12	0.70
2004-07-13	0.69
2004-07-14	0.68
2004-07-15	0.67
2004-07-16	0.66
2004-07-17	0.65
2004-07-18	0.63
2004-07-19	0.62
2004-07-20	0.61
2004-07-21	0.60
2004-07-22	0.59
2004-07-23	0.58
2004-07-24	0.57
2004-07-25	0.56
2004-07-26	0.56
2004-07-27	0.55
2004-07-28	0.54
2004-07-29	0.53
2004-07-30	0.52
2004-07-31	0.51
2004-08-01	0.50
2004-08-02	0.49
2004-08-03	0.49
2004-08-04	0.48
2004-08-05	0.47
2004-08-06	0.46
2004-08-07	0.45
2004-08-08	0.45
2004-08-09	0.44
2004-08-10	0.43
2004-08-11	0.42
2004-08-12	0.42
2004-08-13	0.41
2004-08-14	0.40
2004-08-15	0.40
2004-08-16	0.39
2004-08-17	0.38
2004-08-18	0.38
2004-08-19	0.37
2004-08-20	0.36
2004-08-21	0.36
2004-08-22	0.35
2004-08-23	0.35
2004-08-24	0.34
2004-08-25	0.34
2004-08-26	0.33
2004-08-27	0.32
2004-08-28	0.32
2004-08-29	0.31
2004-08-30	0.31
2004-08-31	0.30
2004-09-01	0.30
2004-09-02	0.29
2004-09-03	0.29
2004-09-04	0.28
2004-09-05	0.28
2004-09-06	0.27
2004-09-07	0.27
2004-09-08	0.26
2004-09-09	0.26
2004-09-10	0.26
2004-09-11	0.25
2004-09-12	0.25
2004-09-13	0.24
2004-09-14	0.24
2004-09-15	0.24
2004-09-16	0.23
2004-09-17	0.23
2004-09-18	0.22
2004-09-19	0.22
2004-09-20	0.22
2004-09-21	0.21
2004-09-22	0.21
2004-09-23	0.21
2004-09-24	0.20
2004-09-25	0.20
2004-09-26	0.20
2004-09-27	0.19
2004-09-28	0.19
2004-09-29	0.19
2004-09-30	0.18
2004-10-01	0.18
2004-10-02	0.18
2004-10-03	0.17
2004-10-04	0.17
2004-10-05	0.17
2004-10-06	0.17
2004-10-07	0.16
2004-10-08	0.16
2004-10-09	0.16
2004-10-10	0.15
2004-10-11	0.15
2004-10-12	0.15
2004-10-13	0.15
2004-10-14	0.14
2004-10-15	0.14
2004-10-16	0.14
2004-10-17	0.14
2004-10-18	0.14
2004-10-19	0.13
2004-10-20	0.13
2004-10-21	0.13
2004-10-22	0.13
2004-10-23	0.12
2004-10-24	0.12
2004-10-25	0.12
2004-10-26	0.12
2004-10-27	0.12
2004-10-28	0.11
2004-10-29	0.11
2004-10-30	0.11
2004-10-31	0.11
2004-11-01	0.11
2004-11-02	0.11
2004-11-03	0.10
2004-11-04	0.10
2004-11-05	0.10
2004-11-06	0.10
2004-11-07	0.10
2004-11-08	0.10
2004-11-09	0.09
2004-11-10	0.09
2004-11-11	0.09
2004-11-12	0.09
2004-11-13	0.09
2004-11-14	0.09
2004-11-15	0.08
2004-11-16	0.08
2004-11-17	0.08
2004-11-18	0.08
2004-11-19	0.08
2004-11-20	0.08
2004-11-21	0.08
2004-11-22	0.08
2004-11-23	0.07
2004-11-24	0.07
2004-11-25	0.07
2004-11-26	0.07
2004-11-27	0.07
2004-11-28	0.07
2004-11-29	0.07
2004-11-30	0.07
2004-12-01	0.06
2004-12-02	0.06
2004-12-03	0.06
2004-12-04	0.06
2004-12-05	0.06
2004-12-06	0.06
2004-12-07	0.06
2004-12-08	0.06
2004-12-09	0.06
2004-12-10	0.06
2004-12-11	0.05
2004-12-12	0.05
2004-12-13	0.05
2004-12-14	0.05
2004-12-15	2.64
2004-12-16	0.09
2004-12-17	0.09
2004-12-18	0.09
2004-12-19	0.09
2004-12-20	0.09
2004-12-21	16.60
2004-12-22	0.35
2004-12-23	0.34
2004-12-24	0.34
2004-12-25	0.33
2004-12-26	0.33
2004-12-27	0.32
2004-12-28	0.32
2004-12-29	0.31
2004-12-30	0.31
2004-12-31	0.30
2005-01-01	0.30
2005-01-02	0.29
2005-01-03	0.29
2005-01-04	0.28
2005-01-05	0.28
2005-01-06	0.27
2005-01-07	0.27
2005-01-08	0.26
2005-01-09	0.26
2005-01-10	0.25
2005-01-11	0.25
2005-01-12	0.25
2005-01-13	0.24
2005-01-14	0.24
2005-01-15	0.23
2005-01-16	0.23
2005-01-17	0.23
2005-01-18	0.22
2005-01-19	0.22
2005-01-20	0.21
2005-01-21	0.21
2005-01-22	0.21
2005-01-23	0.20
2005-01-24	0.20
2005-01-25	0.20
2005-01-26	0.19
2005-01-27	0.19
2005-01-28	0.19
2005-01-29	0.18
2005-01-30	0.18
2005-01-31	0.18
2005-02-01	0.18
2005-02-02	0.17
2005-02-03	0.17
2005-02-04	0.17
2005-02-05	0.16
2005-02-06	0.16
2005-02-07	0.16
2005-02-08	0.16
2005-02-09	0.15
2005-02-10	0.15
2005-02-11	0.15
2005-02-12	0.15
2005-02-13	0.14
2005-02-14	0.14
2005-02-15	0.14
2005-02-16	0.14
2005-02-17	0.13
2005-02-18	0.13
2005-02-19	0.13
2005-02-20	0.13
2005-02-21	0.13
2005-02-22	0.12
2005-02-23	0.12
2005-02-24	0.12
2005-02-25	0.12
2005-02-26	0.12
2005-02-27	0.11
2005-02-28	0.11
2005-03-01	0.11
2005-03-02	0.11
2005-03-03	0.11
2005-03-04	0.10
2005-03-05	0.10
2005-03-06	0.10
2005-03-07	0.10
2005-03-08	0.10
2005-03-09	0.10
2005-03-10	0.09
2005-03-11	0.09
2005-03-12	0.09
2005-03-13	0.09
2005-03-14	0.09
2005-03-15	0.09
2005-03-16	0.09
2005-03-17	10.63
2005-03-18	0.25
2005-03-19	0.25
2005-03-20	0.24
2005-03-21	0.24
2005-03-22	0.24
2005-03-23	0.23
2005-03-24	0.23
2005-03-25	0.22
2005-03-26	0.22
2005-03-27	0.22
2005-03-28	0.21
2005-03-29	13.88
2005-03-30	10.10
2005-03-31	2.42
2005-04-01	0.60
2005-04-02	0.59
2005-04-03	0.58
2005-04-04	0.57
2005-04-05	0.56
2005-04-06	0.55
2005-04-07	0.54
2005-04-08	4.62
2005-04-09	0.59
2005-04-10	0.58
2005-04-11	0.57
2005-04-12	0.56
2005-04-13	0.55
2005-04-14	0.54
2005-04-15	0.53
2005-04-16	0.52
2005-04-17	0.51
2005-04-18	0.50
2005-04-19	0.50
2005-04-20	0.49
2005-04-21	0.48
2005-04-22	0.47
2005-04-23	0.46
2005-04-24	0.46
2005-04-25	0.45
2005-04-26	0.44
2005-04-27	0.43
2005-04-28	0.43
2005-04-29	0.42
2005-04-30	0.41
2005-05-01	0.41
2005-05-02	0.40
2005-05-03	0.39
2005-05-04	6.37
2005-05-05	0.48
2005-05-06	0.47
2005-05-07	0.46
2005-05-08	0.45
2005-05-09	0.44
2005-05-10	0.44
2005-05-11	0.43
2005-05-12	0.42
2005-05-13	0.42
2005-05-14	0.41
2005-05-15	0.40
2005-05-16	0.40
2005-05-17	0.39
2005-05-18	0.38
2005-05-19	0.38
2005-05-20	0.37
2005-05-21	0.36
2005-05-22	0.36
2005-05-23	0.35
2005-05-24	0.35
2005-05-25	0.34
2005-05-26	0.33
2005-05-27	0.33
2005-05-28	0.32
2005-05-29	0.32
2005-05-30	0.31
2005-05-31	0.31
2005-06-01	0.30
2005-06-02	0.30
2005-06-03	0.29
2005-06-04	0.29
2005-06-05	0.28
2005-06-06	0.28
2005-06-07	0.27
2005-06-08	0.27
2005-06-09	0.26
2005-06-10	0.26
2005-06-11	0.26
2005-06-12	0.25
2005-06-13	0.25
2005-06-14	0.24
2005-06-15	0.24
2005-06-16	0.23
2005-06-17	0.23
2005-06-18	0.23
2005-06-19	0.22
2005-06-20	0.22
2005-06-21	0.22
2005-06-22	0.21
2005-06-23	0.21
2005-06-24	0.21
2005-06-25	0.20
2005-06-26	0.20
2005-06-27	0.20
2005-06-28	0.19
2005-06-29	0.19
2005-06-30	0.19
2005-07-01	0.18
2005-07-02	0.18
2005-07-03	0.18
2005-07-04	0.17
2005-07-05	0.17
2005-07-06	0.17
2005-07-07	0.16
2005-07-08	0.16
2005-07-09	0.16
2005-07-10	0.16
2005-07-11	0.15
2005-07-12	0.15
2005-07-13	0.15
2005-07-14	0.15
2005-07-15	0.14
2005-07-16	0.14
2005-07-17	0.14
2005-07-18	0.14
2005-07-19	0.13
2005-07-20	0.13
2005-07-21	0.13
2005-07-22	0.13
2005-07-23	0.13
2005-07-24	0.12
2005-07-25	0.12
2005-07-26	0.12
2005-07-27	0.12
2005-07-28	0.12
2005-07-29	0.11
2005-07-30	0.11
2005-07-31	0.11
2005-08-01	0.11
2005-08-02	0.11
2005-08-03	0.10
2005-08-04	0.10
2005-08-05	0.10
2005-08-06	0.10
2005-08-07	0.10
2005-08-08	0.10
2005-08-09	0.09
2005-08-10	0.09
2005-08-11	0.09
2005-08-12	0.09
2005-08-13	0.09
2005-08-14	0.09
2005-08-15	0.09
2005-08-16	0.08
2005-08-17	0.08
2005-08-18	0.08
2005-08-19	0.08
2005-08-20	0.08
2005-08-21	0.08
2005-08-22	0.08
2005-08-23	0.07
2005-08-24	0.07
2005-08-25	0.07
2005-08-26	0.07
2005-08-27	0.07
2005-08-28	0.07
2005-08-29	0.07
2005-08-30	0.07
2005-08-31	0.07
2005-09-01	0.06
2005-09-02	0.06
2005-09-03	0.06
2005-09-04	0.06
2005-09-05	0.06
2005-09-06	0.06
2005-09-07	0.06
2005-09-08	0.06
2005-09-09	0.06
2005-09-10	0.06
2005-09-11	0.05
2005-09-12	0.05
2005-09-13	0.05
2005-09-14	0.05
2005-09-15	0.05
2005-09-16	0.05
2005-09-17	0.05
2005-09-18	0.05
2005-09-19	0.05
2005-09-20	0.05
2005-09-21	0.05
2005-09-22	0.05
2005-09-23	0.04
2005-09-24	0.04
2005-09-25	0.04
2005-09-26	0.04
2005-09-27	0.04
2005-09-28	0.04
2005-09-29	0.04
2005-09-30	0.04
2005-10-01	0.04
2005-10-02	0.04
2005-10-03	0.04
2005-10-04	0.04
2005-10-05	0.04
2005-10-06	0.04
2005-10-07	0.04
2005-10-08	0.03
2005-10-09	0.03
2005-10-10	0.03
2005-10-11	0.03
2005-10-12	0.03
2005-10-13	0.03
2005-10-14	0.03
2005-10-15	0.03
2005-10-16	0.03
2005-10-17	0.03
2005-10-18	0.03
2005-10-19	0.03
2005-10-20	0.03
2005-10-21	0.03
2005-10-22	0.03
2005-10-23	0.03
2005-10-24	0.03
2005-10-25	0.03
2005-10-26	0.03
2005-10-27	0.03
2005-10-28	0.02
2005-10-29	0.02
2005-10-30	0.02
2005-10-31	0.02
2005-11-01	0.02
2005-11-02	0.02
2005-11-03	0.02
2005-11-04	0.02
2005-11-05	0.02
2005-11-06	0.02
2005-11-07	0.02
2005-11-08	0.02
2005-11-09	0.02
2005-11-10	0.02
2005-11-11	0.02
2005-11-12	0.02
2005-11-13	0.02
2005-11-14	0.02
2005-11-15	0.02
2005-11-16	0.02
2005-11-17	0.02
2005-11-18	0.02
2005-11-19	0.02
2005-11-20	0.02
2005-11-21	0.02
2005-11-22	0.02
2005-11-23	0.02
2005-11-24	0.02
2005-11-25	0.02
2005-11-26	0.02
2005-11-27	0.01
2005-11-28	0.01
2005-11-29	0.01
2005-11-30	0.01
2005-12-01	0.01
2005-12-02	0.01
2005-12-03	0.01
2005-12-04	0.01
2005-12-05	0.01
2005-12-06	0.01
2005-12-07	0.01
2005-12-08	0.01
2005-12-09	0.01
2005-12-10	0.01
2005-12-11	0.01
2005-12-12	0.01
2005-12-13	0.01
2005-12-14	0.01
2005-12-15	0.01
2005-12-16	0.01
2005-12-17	0.01
2005-12-18	0.01
2005-12-19	0.01
2005-12-20	0.01
2005-12-21	0.01
2005-12-22	0.01
2005-12-23	0.01
2005-12-24	0.01
2005-12-25	0.01
2005-12-26	0.01
2005-12-27	0.01
2005-12-28	0.01
2005-12-29	0.01
2005-12-30	0.01
2005-12-31	0.01
2006-01-01	0.01
2006-01-02	0.01
2006-01-03	0.01
2006-01-04	0.01
2006-01-05	0.01
2006-01-06	0.01
2006-01-07	0.01
2006-01-08	0.01
2006-01-09	0.01
2006-01-10	0.01
2006-01-11	0.01
2006-01-12	0.01
2006-01-13	0.01
2006-01-14	0.01
2006-01-15	0.01
2006-01-16	0.01
2006-01-17	0.01
2006-01-18	0.01
2006-01-19	0.26
2006-01-20	0.01
2006-01-21	0.01
2006-01-22	8.90
2006-01-23	0.15
2006-01-24	0.15
2006-01-25	0.15
2006-01-26	0.15
2006-01-27	0.14
2006-01-28	0.14
2006-01-29	0.14
2006-01-30	0.14
2006-01-31	0.13
2006-02-01	0.13
2006-02-02	0.13
2006-02-03	0.13
2006-02-04	0.13
2006-02-05	0.12
2006-02-06	0.12
2006-02-07	0.12
2006-02-08	0.12
2006-02-09	0.11
2006-02-10	0.11
2006-02-11	0.11
2006-02-12	0.11
2006-02-13	0.11
2006-02-14	0.11
2006-02-15	0.10
2006-02-16	0.10
2006-02-17	0.10
2006-02-18	0.10
2006-02-19	0.10
2006-02-20	0.10
2006-02-21	0.09
2006-02-22	0.09
2006-02-23	0.09
2006-02-24	0.09
2006-02-25	0.09
2006-02-26	0.09
2006-02-27	0.08
2006-02-28	0.08
2006-03-01	0.08
2006-03-02	0.08
2006-03-03	0.08
2006-03-04	0.08
2006-03-05	0.08
2006-03-06	0.08
2006-03-07	0.07
2006-03-08	0.07
2006-03-09	0.07
2006-03-10	0.07
2006-03-11	0.07
2006-03-12	0.07
2006-03-13	0.07
2006-03-14	0.07
2006-03-15	0.06
2006-03-16	0.06
2006-03-17	0.06
2006-03-18	0.06
2006-03-19	0.06
2006-03-20	0.06
2006-03-21	0.06
2006-03-22	0.06
2006-03-23	0.06
2006-03-24	0.06
2006-03-25	0.05
2006-03-26	0.05
2006-03-27	0.05
2006-03-28	0.05
2006-03-29	0.05
2006-03-30	0.05
2006-03-31	0.05
2006-04-01	0.05
2006-04-02	0.05
2006-04-03	0.05
2006-04-04	0.05
2006-04-05	0.05
2006-04-06	0.04
2006-04-07	0.04
2006-04-08	0.04
2006-04-09	0.04
2006-04-10	0.04
2006-04-11	0.04
2006-04-12	0.04
2006-04-13	0.04
2006-04-14	57.07
2006-04-15	0.96
2006-04-16	0.94
2006-04-17	0.93
2006-04-18	15.30
2006-04-19	7.12
2006-04-20	1.21
2006-04-21	1.19
2006-04-22	1.17
2006-04-23	1.15
2006-04-24	1.13
2006-04-25	1.11
2006-04-26	1.79
2006-04-27	1.08
2006-04-28	1.06
2006-04-29	1.05
2006-04-30	1.03
2006-05-01	1.01
2006-05-02	1.00
2006-05-03	6.72
2006-05-04	7.48
2006-05-05	2.17
2006-05-06	6.73
2006-05-07	4.96
2006-05-08	30.93
2006-05-09	7.89
2006-05-10	36.36
2006-05-11	2.31
2006-05-12	2.27
2006-05-13	2.23
2006-05-14	2.19
2006-05-15	2.16
2006-05-16	2.12
2006-05-17	2.09
2006-05-18	2.05
2006-05-19	2.02
2006-05-20	1.98
2006-05-21	1.95
2006-05-22	1.92
2006-05-23	1.89
2006-05-24	1.85
2006-05-25	1.82
2006-05-26	1.79
2006-05-27	1.76
2006-05-28	5.42
2006-05-29	6.65
2006-05-30	2.69
2006-05-31	1.80
2006-06-01	1.77
2006-06-02	1.74
2006-06-03	1.71
2006-06-04	3.26
2006-06-05	1.68
2006-06-06	12.61
2006-06-07	1.80
2006-06-08	1.77
2006-06-09	1.74
2006-06-10	1.71
2006-06-11	1.68
2006-06-12	1.65
2006-06-13	1.63
2006-06-14	1.60
2006-06-15	1.57
2006-06-16	1.55
2006-06-17	1.52
2006-06-18	1.50
2006-06-19	1.47
2006-06-20	1.45
2006-06-21	1.42
2006-06-22	1.40
2006-06-23	1.37
2006-06-24	1.35
2006-06-25	1.33
2006-06-26	1.31
2006-06-27	1.29
2006-06-28	1.26
2006-06-29	1.24
2006-06-30	1.22
2006-07-01	1.20
2006-07-02	1.18
2006-07-03	1.16
2006-07-04	1.14
2006-07-05	1.12
2006-07-06	1.11
2006-07-07	1.09
2006-07-08	1.07
2006-07-09	1.05
2006-07-10	1.03
2006-07-11	1.02
2006-07-12	1.00
2006-07-13	0.98
2006-07-14	0.97
2006-07-15	0.95
2006-07-16	0.93
2006-07-17	0.92
2006-07-18	0.90
2006-07-19	0.89
2006-07-20	0.87
2006-07-21	0.86
2006-07-22	0.84
2006-07-23	0.83
2006-07-24	0.82
2006-07-25	0.80
2006-07-26	0.79
2006-07-27	0.78
2006-07-28	0.76
2006-07-29	0.75
2006-07-30	0.74
2006-07-31	0.73
2006-08-01	0.71
2006-08-02	0.70
2006-08-03	0.69
2006-08-04	0.68
2006-08-05	0.67
2006-08-06	0.66
2006-08-07	0.65
2006-08-08	0.63
2006-08-09	0.62
2006-08-10	0.61
2006-08-11	0.60
2006-08-12	0.59
2006-08-13	0.58
2006-08-14	0.57
2006-08-15	0.56
2006-08-16	0.55
2006-08-17	0.55
2006-08-18	0.54
2006-08-19	0.53
2006-08-20	0.52
2006-08-21	0.51
2006-08-22	0.50
2006-08-23	0.49
2006-08-24	0.48
2006-08-25	0.48
2006-08-26	0.47
2006-08-27	0.46
2006-08-28	0.45
2006-08-29	0.45
2006-08-30	0.44
2006-08-31	0.43
2006-09-01	0.42
2006-09-02	0.42
2006-09-03	0.41
2006-09-04	0.40
2006-09-05	0.40
2006-09-06	0.39
2006-09-07	0.38
2006-09-08	0.38
2006-09-09	0.37
2006-09-10	0.36
2006-09-11	0.36
2006-09-12	0.35
2006-09-13	0.35
2006-09-14	0.34
2006-09-15	0.34
2006-09-16	0.33
2006-09-17	0.32
2006-09-18	0.32
2006-09-19	0.31
2006-09-20	0.31
2006-09-21	0.30
2006-09-22	0.30
2006-09-23	0.29
2006-09-24	0.29
2006-09-25	0.28
2006-09-26	0.28
2006-09-27	0.27
2006-09-28	0.27
2006-09-29	0.26
2006-09-30	0.26
2006-10-01	0.26
2006-10-02	0.25
2006-10-03	0.25
2006-10-04	0.24
2006-10-05	0.24
2006-10-06	0.24
2006-10-07	0.23
2006-10-08	0.23
2006-10-09	0.22
2006-10-10	0.22
2006-10-11	0.22
2006-10-12	0.21
2006-10-13	0.21
2006-10-14	0.21
2006-10-15	0.20
2006-10-16	0.20
2006-10-17	0.20
2006-10-18	0.19
2006-10-19	0.19
2006-10-20	0.19
2006-10-21	0.18
2006-10-22	0.18
2006-10-23	0.18
2006-10-24	0.17
2006-10-25	0.17
2006-10-26	0.17
2006-10-27	0.17
2006-10-28	0.16
2006-10-29	0.16
2006-10-30	0.16
2006-10-31	0.15
2006-11-01	0.15
2006-11-02	0.15
2006-11-03	0.15
2006-11-04	0.14
2006-11-05	0.14
2006-11-06	0.14
2006-11-07	0.14
2006-11-08	0.14
2006-11-09	0.13
2006-11-10	0.13
2006-11-11	0.13
2006-11-12	0.13
2006-11-13	0.12
2006-11-14	0.12
2006-11-15	0.12
2006-11-16	0.12
2006-11-17	0.12
2006-11-18	0.11
2006-11-19	0.11
2006-11-20	0.11
2006-11-21	0.11
2006-11-22	0.11
2006-11-23	0.11
2006-11-24	0.10
2006-11-25	0.10
2006-11-26	0.10
2006-11-27	0.10
2006-11-28	0.10
2006-11-29	0.09
2006-11-30	0.09
2006-12-01	0.09
2006-12-02	0.09
2006-12-03	0.09
2006-12-04	0.09
2006-12-05	0.09
2006-12-06	0.08
2006-12-07	0.08
2006-12-08	0.08
2006-12-09	0.08
2006-12-10	0.08
2006-12-11	0.08
2006-12-12	0.08
2006-12-13	0.08
2006-12-14	0.07
2006-12-15	0.07
2006-12-16	0.07
2006-12-17	0.07
2006-12-18	0.07
2006-12-19	0.07
2006-12-20	0.07
2006-12-21	0.07
2006-12-22	0.06
2006-12-23	0.06
2006-12-24	0.06
2006-12-25	0.06
2006-12-26	0.06
2006-12-27	0.06
2006-12-28	0.06
2006-12-29	0.06
2006-12-30	0.06
2006-12-31	0.06
2007-01-01	2.02
2007-01-02	7.39
2007-01-03	1.55
2007-01-04	0.22
2007-01-05	0.22
2007-01-06	0.21
2007-01-07	0.21
2007-01-08	0.21
2007-01-09	0.20
2007-01-10	0.20
2007-01-11	0.20
2007-01-12	0.19
2007-01-13	0.19
2007-01-14	0.19
2007-01-15	0.18
2007-01-16	0.18
2007-01-17	0.18
2007-01-18	0.17
2007-01-19	0.17
2007-01-20	0.17
2007-01-21	0.17
2007-01-22	0.16
2007-01-23	0.16
2007-01-24	0.16
2007-01-25	0.15
2007-01-26	0.15
2007-01-27	14.37
2007-01-28	1.12
2007-01-29	0.38
2007-01-30	0.38
2007-01-31	0.37
2007-02-01	0.36
2007-02-02	0.36
2007-02-03	0.35
2007-02-04	0.35
2007-02-05	0.34
2007-02-06	0.33
2007-02-07	0.33
2007-02-08	0.32
2007-02-09	0.32
2007-02-10	0.31
2007-02-11	0.31
2007-02-12	2.12
2007-02-13	4.47
2007-02-14	20.14
2007-02-15	0.70
2007-02-16	4.33
2007-02-17	11.09
2007-02-18	5.78
2007-02-19	4.76
2007-02-20	10.58
2007-02-21	6.12
2007-02-22	1.20
2007-02-23	1.18
2007-02-24	1.16
2007-02-25	1.14
2007-02-26	1.12
2007-02-27	1.10
2007-02-28	1.08
2007-03-01	1.07
2007-03-02	1.05
2007-03-03	1.03
2007-03-04	1.01
2007-03-05	1.00
2007-03-06	0.98
2007-03-07	0.96
2007-03-08	0.95
2007-03-09	0.93
2007-03-10	0.92
2007-03-11	0.90
2007-03-12	0.89
2007-03-13	9.54
2007-03-14	1.00
2007-03-15	0.98
2007-03-16	0.96
2007-03-17	0.95
2007-03-18	0.93
2007-03-19	0.92
2007-03-20	0.90
2007-03-21	5.62
2007-03-22	0.95
2007-03-23	0.93
2007-03-24	0.92
2007-03-25	0.90
2007-03-26	0.89
2007-03-27	0.87
2007-03-28	0.86
2007-03-29	0.84
2007-03-30	0.83
2007-03-31	0.81
2007-04-01	0.80
2007-04-02	2.62
2007-04-03	0.80
2007-04-04	0.79
2007-04-05	0.78
2007-04-06	0.76
2007-04-07	0.75
2007-04-08	0.74
2007-04-09	0.73
2007-04-10	0.71
2007-04-11	0.70
2007-04-12	0.69
2007-04-13	0.68
2007-04-14	0.67
2007-04-15	0.66
2007-04-16	0.65
2007-04-17	0.63
2007-04-18	0.62
2007-04-19	0.61
2007-04-20	0.60
2007-04-21	0.59
2007-04-22	0.58
2007-04-23	0.57
2007-04-24	0.56
2007-04-25	0.56
2007-04-26	0.55
2007-04-27	0.54
2007-04-28	0.53
2007-04-29	0.52
2007-04-30	0.51
2007-05-01	0.50
2007-05-02	0.49
2007-05-03	0.49
2007-05-04	0.48
2007-05-05	0.47
2007-05-06	0.46
2007-05-07	0.45
2007-05-08	0.45
2007-05-09	0.44
2007-05-10	0.43
2007-05-11	0.42
2007-05-12	0.42
2007-05-13	0.41
2007-05-14	0.40
2007-05-15	0.40
2007-05-16	0.39
2007-05-17	0.38
2007-05-18	0.38
2007-05-19	0.37
2007-05-20	0.36
2007-05-21	0.36
2007-05-22	0.35
2007-05-23	0.35
2007-05-24	0.34
2007-05-25	0.34
2007-05-26	0.33
2007-05-27	0.32
2007-05-28	0.32
2007-05-29	0.31
2007-05-30	0.31
2007-05-31	0.30
2007-06-01	0.30
2007-06-02	0.29
2007-06-03	0.29
2007-06-04	0.28
2007-06-05	0.28
2007-06-06	0.27
2007-06-07	0.27
2007-06-08	0.26
2007-06-09	0.26
2007-06-10	0.26
2007-06-11	0.25
2007-06-12	0.25
2007-06-13	0.24
2007-06-14	0.24
2007-06-15	0.24
2007-06-16	0.23
2007-06-17	0.23
2007-06-18	0.22
2007-06-19	0.22
2007-06-20	0.22
2007-06-21	0.21
2007-06-22	0.21
2007-06-23	0.21
2007-06-24	0.20
2007-06-25	0.20
2007-06-26	0.20
2007-06-27	0.19
2007-06-28	0.19
2007-06-29	0.19
2007-06-30	0.18
2007-07-01	0.18
2007-07-02	0.18
2007-07-03	0.17
2007-07-04	0.17
2007-07-05	0.17
2007-07-06	0.17
2007-07-07	0.16
2007-07-08	0.16
2007-07-09	0.16
2007-07-10	0.15
2007-07-11	0.15
2007-07-12	0.15
2007-07-13	0.15
2007-07-14	0.14
2007-07-15	0.14
2007-07-16	0.14
2007-07-17	0.14
2007-07-18	0.14
2007-07-19	0.13
2007-07-20	0.13
2007-07-21	0.13
2007-07-22	0.13
2007-07-23	0.12
2007-07-24	0.12
2007-07-25	0.12
2007-07-26	0.12
2007-07-27	0.12
2007-07-28	0.11
2007-07-29	0.11
2007-07-30	0.11
2007-07-31	0.11
2007-08-01	0.11
2007-08-02	0.11
2007-08-03	0.10
2007-08-04	0.10
2007-08-05	0.10
2007-08-06	0.10
2007-08-07	0.10
2007-08-08	0.10
2007-08-09	0.09
2007-08-10	0.09
2007-08-11	0.09
2007-08-12	0.09
2007-08-13	0.09
2007-08-14	0.09
2007-08-15	0.08
2007-08-16	0.08
2007-08-17	0.08
2007-08-18	0.08
2007-08-19	0.08
2007-08-20	0.08
2007-08-21	0.08
2007-08-22	0.08
2007-08-23	0.07
2007-08-24	0.07
2007-08-25	0.07
2007-08-26	0.07
2007-08-27	0.07
2007-08-28	0.07
2007-08-29	0.07
2007-08-30	0.07
2007-08-31	0.06
2007-09-01	0.06
2007-09-02	0.06
2007-09-03	0.06
2007-09-04	0.06
2007-09-05	0.06
2007-09-06	0.06
2007-09-07	0.06
2007-09-08	0.06
2007-09-09	0.06
2007-09-10	0.05
2007-09-11	0.05
2007-09-12	0.05
2007-09-13	0.05
2007-09-14	0.05
2007-09-15	0.05
2007-09-16	0.05
2007-09-17	0.05
2007-09-18	0.05
2007-09-19	0.05
2007-09-20	0.05
2007-09-21	0.05
2007-09-22	0.04
2007-09-23	0.04
2007-09-24	0.04
2007-09-25	0.04
2007-09-26	0.04
2007-09-27	0.04
2007-09-28	0.04
2007-09-29	0.04
2007-09-30	0.04
2007-10-01	0.04
2007-10-02	0.04
2007-10-03	0.04
2007-10-04	0.04
2007-10-05	0.04
2007-10-06	0.04
2007-10-07	0.03
2007-10-08	0.03
2007-10-09	0.03
2007-10-10	0.03
2007-10-11	0.03
2007-10-12	0.03
2007-10-13	0.03
2007-10-14	0.03
2007-10-15	0.03
2007-10-16	0.03
2007-10-17	0.03
2007-10-18	0.03
2007-10-19	0.03
2007-10-20	0.03
2007-10-21	0.03
2007-10-22	0.03
2007-10-23	0.03
2007-10-24	0.03
2007-10-25	0.03
2007-10-26	0.03
2007-10-27	0.02
2007-10-28	0.02
2007-10-29	0.02
2007-10-30	0.02
2007-10-31	0.02
2007-11-01	0.02
2007-11-02	0.02
2007-11-03	0.02
2007-11-04	0.02
2007-11-05	0.02
2007-11-06	0.02
2007-11-07	0.02
2007-11-08	0.02
2007-11-09	0.02
2007-11-10	0.02
2007-11-11	0.02
2007-11-12	0.02
2007-11-13	0.02
2007-11-14	0.02
2007-11-15	0.02
2007-11-16	0.02
2007-11-17	0.02
2007-11-18	0.02
2007-11-19	0.02
2007-11-20	0.02
2007-11-21	0.02
2007-11-22	0.02
2007-11-23	0.02
2007-11-24	0.02
2007-11-25	0.02
2007-11-26	0.01
2007-11-27	0.01
2007-11-28	0.01
2007-11-29	0.01
2007-11-30	0.01
2007-12-01	0.01
2007-12-02	0.01
2007-12-03	0.01
2007-12-04	0.01
2007-12-05	0.01
2007-12-06	0.01
2007-12-07	0.01
2007-12-08	0.01
2007-12-09	0.01
2007-12-10	0.01
2007-12-11	0.01
2007-12-12	0.01
2007-12-13	0.01
2007-12-14	0.01
2007-12-15	0.01
2007-12-16	0.01
2007-12-17	0.01
2007-12-18	0.01
2007-12-19	0.01
2007-12-20	0.01
2007-12-21	0.01
2007-12-22	0.01
2007-12-23	0.01
2007-12-24	0.01
2007-12-25	0.01
2007-12-26	0.01
2007-12-27	0.01
2007-12-28	0.01
2007-12-29	0.01
2007-12-30	0.01
2007-12-31	0.01
2008-01-01	0.01
2008-01-02	0.01
2008-01-03	0.01
2008-01-04	0.01
2008-01-05	0.01
2008-01-06	0.01
2008-01-07	0.01
2008-01-08	0.01
2008-01-09	0.01
2008-01-10	0.01
2008-01-11	0.01
2008-01-12	0.01
2008-01-13	0.01
2008-01-14	0.01
2008-01-15	0.01
2008-01-16	0.01
2008-01-17	0.01
2008-01-18	0.01
2008-01-19	0.01
2008-01-20	0.01
2008-01-21	0.01
2008-01-22	0.01
2008-01-23	0.01
2008-01-24	0.01
2008-01-25	0.01
2008-01-26	0.01
2008-01-27	0.01
2008-01-28	0.01
2008-01-29	0.01
2008-01-30	0.01
2008-01-31	0.00
2008-02-01	0.00
2008-02-02	0.00
2008-02-03	0.00
2008-02-04	0.00
2008-02-05	0.00
2008-02-06	0.00
2008-02-07	0.00
2008-02-08	0.00
2008-02-09	0.00
2008-02-10	0.00
2008-02-11	0.00
2008-02-12	0.00
2008-02-13	0.00
2008-02-14	0.00
2008-02-15	0.00
2008-02-16	0.00
2008-02-17	0.00
2008-02-18	0.00
2008-02-19	0.00
2008-02-20	0.00
2008-02-21	0.00
2008-02-22	0.00
2008-02-23	0.00
2008-02-24	0.00
2008-02-25	0.00
2008-02-26	0.00
2008-02-27	0.00
2008-02-28	0.00
2008-02-29	0.00
2008-03-01	0.00
2008-03-02	0.81
2008-03-03	0.02
2008-03-04	3.05
2008-03-05	0.06
2008-03-06	0.06
2008-03-07	0.06
2008-03-08	0.06
2008-03-09	0.06
2008-03-10	0.06
2008-03-11	0.06
2008-03-12	0.06
2008-03-13	0.06
2008-03-14	0.06
2008-03-15	0.05
2008-03-16	0.05
2008-03-17	0.05
2008-03-18	0.05
2008-03-19	0.05
2008-03-20	3.69
2008-03-21	0.11
2008-03-22	0.11
2008-03-23	0.10
2008-03-24	2.51
2008-03-25	16.37
2008-03-26	10.63
2008-03-27	0.56
2008-03-28	0.55
2008-03-29	0.54
2008-03-30	0.53
2008-03-31	0.52
2008-04-01	0.51
2008-04-02	0.50
2008-04-03	0.50
2008-04-04	0.49
2008-04-05	0.48
2008-04-06	0.47
2008-04-07	37.19
2008-04-08	1.05
2008-04-09	1.03
2008-04-10	1.01
2008-04-11	1.00
2008-04-12	0.98
2008-04-13	0.96
2008-04-14	0.95
2008-04-15	4.82
2008-04-16	0.98
2008-04-17	0.96
2008-04-18	15.30
2008-04-19	1.16
2008-04-20	1.14
2008-04-21	1.12
2008-04-22	1.10
2008-04-23	1.09
2008-04-24	1.07
2008-04-25	1.05
2008-04-26	1.03
2008-04-27	1.02
2008-04-28	1.00
2008-04-29	0.98
2008-04-30	0.97
2008-05-01	0.95
2008-05-02	0.93
2008-05-03	0.92
2008-05-04	0.90
2008-05-05	0.89
2008-05-06	0.87
2008-05-07	0.86
2008-05-08	0.84
2008-05-09	0.83
2008-05-10	0.82
2008-05-11	0.80
2008-05-12	0.79
2008-05-13	0.78
2008-05-14	0.76
2008-05-15	0.75
2008-05-16	0.74
2008-05-17	0.73
2008-05-18	0.71
2008-05-19	0.70
2008-05-20	0.69
2008-05-21	0.68
2008-05-22	0.67
2008-05-23	0.66
2008-05-24	0.65
2008-05-25	0.63
2008-05-26	0.62
2008-05-27	0.61
2008-05-28	0.60
2008-05-29	0.59
2008-05-30	0.58
2008-05-31	0.57
2008-06-01	0.56
2008-06-02	0.55
2008-06-03	0.55
2008-06-04	0.54
2008-06-05	0.53
2008-06-06	0.52
2008-06-07	0.51
2008-06-08	0.50
2008-06-09	0.49
2008-06-10	0.48
2008-06-11	0.48
2008-06-12	0.47
2008-06-13	0.46
2008-06-14	0.45
2008-06-15	0.45
2008-06-16	0.44
2008-06-17	0.43
2008-06-18	0.42
2008-06-19	0.42
2008-06-20	0.41
2008-06-21	0.40
2008-06-22	0.40
2008-06-23	0.39
2008-06-24	0.38
2008-06-25	0.38
2008-06-26	0.37
2008-06-27	0.36
2008-06-28	0.36
2008-06-29	0.35
2008-06-30	0.35
2008-07-01	0.34
2008-07-02	0.33
2008-07-03	0.33
2008-07-04	0.32
2008-07-05	0.32
2008-07-06	0.31
2008-07-07	0.31
2008-07-08	0.30
2008-07-09	0.30
2008-07-10	0.29
2008-07-11	0.29
2008-07-12	0.28
2008-07-13	0.28
2008-07-14	0.27
2008-07-15	0.27
2008-07-16	0.26
2008-07-17	0.26
2008-07-18	0.26
2008-07-19	0.25
2008-07-20	0.25
2008-07-21	0.24
2008-07-22	0.24
2008-07-23	0.24
2008-07-24	0.23
2008-07-25	0.23
2008-07-26	0.22
2008-07-27	0.22
2008-07-28	0.22
2008-07-29	0.21
2008-07-30	0.21
2008-07-31	0.21
2008-08-01	0.20
2008-08-02	0.20
2008-08-03	0.20
2008-08-04	0.19
2008-08-05	0.19
2008-08-06	0.19
2008-08-07	0.18
2008-08-08	0.18
2008-08-09	0.18
2008-08-10	0.17
2008-08-11	0.17
2008-08-12	0.17
2008-08-13	0.17
2008-08-14	0.16
2008-08-15	0.16
2008-08-16	0.16
2008-08-17	0.15
2008-08-18	0.15
2008-08-19	0.15
2008-08-20	0.15
2008-08-21	0.14
2008-08-22	0.14
2008-08-23	0.14
2008-08-24	0.14
2008-08-25	0.14
2008-08-26	0.13
2008-08-27	0.13
2008-08-28	0.13
2008-08-29	0.13
2008-08-30	0.12
2008-08-31	0.12
2008-09-01	0.12
2008-09-02	0.12
2008-09-03	0.12
2008-09-04	0.11
2008-09-05	0.11
2008-09-06	0.11
2008-09-07	0.11
2008-09-08	0.11
2008-09-09	0.11
2008-09-10	0.10
2008-09-11	0.10
2008-09-12	0.10
2008-09-13	0.10
2008-09-14	0.10
2008-09-15	0.09
2008-09-16	0.09
2008-09-17	0.09
2008-09-18	0.09
2008-09-19	0.09
2008-09-20	0.09
2008-09-21	0.09
2008-09-22	0.08
2008-09-23	0.08
2008-09-24	0.08
2008-09-25	0.08
2008-09-26	0.08
2008-09-27	0.08
2008-09-28	0.08
2008-09-29	0.08
2008-09-30	0.07
2008-10-01	0.07
2008-10-02	0.07
2008-10-03	0.59
2008-10-04	2.16
2008-10-05	1.28
2008-10-06	0.13
2008-10-07	0.12
2008-10-08	0.12
2008-10-09	0.12
2008-10-10	0.12
2008-10-11	0.12
2008-10-12	0.11
2008-10-13	0.11
2008-10-14	0.11
2008-10-15	2.26
2008-10-16	5.13
2008-10-17	33.42
2008-10-18	0.75
2008-10-19	15.27
2008-10-20	0.96
2008-10-21	0.94
2008-10-22	0.93
2008-10-23	0.91
2008-10-24	0.90
2008-10-25	0.88
2008-10-26	0.87
2008-10-27	5.94
2008-10-28	0.92
2008-10-29	0.91
2008-10-30	0.89
2008-10-31	0.88
2008-11-01	23.57
2008-11-02	1.21
2008-11-03	1.19
2008-11-04	1.17
2008-11-05	1.15
2008-11-06	1.13
2008-11-07	1.12
2008-11-08	1.10
2008-11-09	1.08
2008-11-10	1.06
2008-11-11	1.04
2008-11-12	1.03
2008-11-13	1.01
2008-11-14	0.99
2008-11-15	3.80
2008-11-16	1.00
2008-11-17	0.99
2008-11-18	0.97
2008-11-19	0.96
2008-11-20	0.94
2008-11-21	0.92
2008-11-22	0.91
2008-11-23	0.89
2008-11-24	9.80
2008-11-25	1.01
2008-11-26	0.99
2008-11-27	0.97
2008-11-28	0.96
2008-11-29	0.94
2008-11-30	0.93
2008-12-01	0.91
2008-12-02	0.90
2008-12-03	0.88
2008-12-04	0.87
2008-12-05	0.85
2008-12-06	0.84
2008-12-07	9.05
2008-12-08	1.28
2008-12-09	0.93
2008-12-10	28.21
2008-12-11	36.28
2008-12-12	1.88
2008-12-13	1.85
2008-12-14	1.82
2008-12-15	1.79
2008-12-16	1.76
2008-12-17	28.07
2008-12-18	2.13
2008-12-19	2.09
2008-12-20	2.06
2008-12-21	2.02
2008-12-22	1.99
2008-12-23	1.95
2008-12-24	1.92
2008-12-25	9.17
2008-12-26	1.98
2008-12-27	1.94
2008-12-28	1.91
2008-12-29	1.88
2008-12-30	1.85
2008-12-31	2.32
2009-01-01	1.79
2009-01-02	5.65
2009-01-03	1.80
2009-01-04	1.77
2009-01-05	1.74
2009-01-06	1.71
2009-01-07	1.68
2009-01-08	1.65
2009-01-09	1.63
2009-01-10	1.60
2009-01-11	1.57
2009-01-12	1.55
2009-01-13	3.09
2009-01-14	10.41
2009-01-15	1.64
2009-01-16	1.61
2009-01-17	1.58
2009-01-18	1.56
2009-01-19	1.53
2009-01-20	1.51
2009-01-21	1.48
2009-01-22	1.46
2009-01-23	1.43
2009-01-24	1.41
2009-01-25	1.38
2009-01-26	24.04
2009-01-27	14.74
2009-01-28	1.89
2009-01-29	1.85
2009-01-30	1.82
2009-01-31	1.79
2009-02-01	1.76
2009-02-02	1.73
2009-02-03	3.39
2009-02-04	35.45
2009-02-05	6.83
2009-02-06	5.37
2009-02-07	2.27
2009-02-08	2.23
2009-02-09	2.19
2009-02-10	2.16
2009-02-11	40.80
2009-02-12	13.49
2009-02-13	2.84
2009-02-14	2.79
2009-02-15	2.74
2009-02-16	2.70
2009-02-17	2.65
2009-02-18	2.61
2009-02-19	2.57
2009-02-20	2.52
2009-02-21	2.48
2009-02-22	2.44
2009-02-23	2.40
2009-02-24	2.36
2009-02-25	2.32
2009-02-26	2.28
2009-02-27	2.24
2009-02-28	23.14
2009-03-01	21.06
2009-03-02	2.76
2009-03-03	2.72
2009-03-04	2.67
2009-03-05	2.63
2009-03-06	2.58
2009-03-07	2.54
2009-03-08	2.50
2009-03-09	2.46
2009-03-10	2.42
2009-03-11	2.38
2009-03-12	2.34
2009-03-13	2.30
2009-03-14	2.26
2009-03-15	2.22
2009-03-16	2.18
2009-03-17	2.15
2009-03-18	2.11
2009-03-19	2.08
2009-03-20	2.04
2009-03-21	2.01
2009-03-22	1.97
2009-03-23	1.94
2009-03-24	1.91
2009-03-25	1.88
2009-03-26	1.85
2009-03-27	1.82
2009-03-28	1.79
2009-03-29	1.76
2009-03-30	1.73
2009-03-31	1.70
2009-04-01	1.67
2009-04-02	1.64
2009-04-03	1.61
2009-04-04	1.59
2009-04-05	1.56
2009-04-06	1.53
2009-04-07	1.51
2009-04-08	1.48
2009-04-09	1.46
2009-04-10	1.43
2009-04-11	1.41
2009-04-12	1.39
2009-04-13	1.36
2009-04-14	1.34
2009-04-15	1.32
2009-04-16	1.30
2009-04-17	1.28
2009-04-18	1.25
2009-04-19	1.23
2009-04-20	1.21
2009-04-21	1.19
2009-04-22	1.17
2009-04-23	1.15
2009-04-24	1.13
2009-04-25	1.12
2009-04-26	1.10
2009-04-27	1.08
2009-04-28	1.06
2009-04-29	1.04
2009-04-30	1.03
2009-05-01	1.01
2009-05-02	0.99
2009-05-03	0.97
2009-05-04	39.86
2009-05-05	9.91
2009-05-06	1.68
2009-05-07	1.65
2009-05-08	1.62
2009-05-09	1.60
2009-05-10	1.57
2009-05-11	1.54
2009-05-12	1.52
2009-05-13	1.49
2009-05-14	1.47
2009-05-15	1.44
2009-05-16	1.42
2009-05-17	1.39
2009-05-18	1.37
2009-05-19	1.35
2009-05-20	1.33
2009-05-21	1.30
2009-05-22	1.28
2009-05-23	1.26
2009-05-24	1.24
2009-05-25	1.22
2009-05-26	1.20
2009-05-27	1.18
2009-05-28	1.16
2009-05-29	1.14
2009-05-30	1.12
2009-05-31	1.10
2009-06-01	1.08
2009-06-02	1.07
2009-06-03	1.05
2009-06-04	1.03
2009-06-05	1.01
2009-06-06	1.00
2009-06-07	0.98
2009-06-08	0.96
2009-06-09	0.95
2009-06-10	0.93
2009-06-11	0.92
2009-06-12	0.90
2009-06-13	0.89
2009-06-14	0.87
2009-06-15	0.86
2009-06-16	0.84
2009-06-17	0.83
2009-06-18	0.81
2009-06-19	0.80
2009-06-20	0.79
2009-06-21	0.77
2009-06-22	0.76
2009-06-23	0.75
2009-06-24	0.74
2009-06-25	0.72
2009-06-26	0.71
2009-06-27	0.70
2009-06-28	0.69
2009-06-29	0.68
2009-06-30	0.67
2009-07-01	0.65
2009-07-02	0.64
2009-07-03	0.63
2009-07-04	0.62
2009-07-05	0.61
2009-07-06	0.60
2009-07-07	0.59
2009-07-08	0.58
2009-07-09	0.57
2009-07-10	0.56
2009-07-11	0.55
2009-07-12	0.54
2009-07-13	0.54
2009-07-14	0.53
2009-07-15	0.52
2009-07-16	0.51
2009-07-17	0.50
2009-07-18	0.49
2009-07-19	0.48
2009-07-20	0.48
2009-07-21	0.47
2009-07-22	0.46
2009-07-23	0.45
2009-07-24	0.44
2009-07-25	0.44
2009-07-26	0.43
2009-07-27	0.42
2009-07-28	0.42
2009-07-29	0.41
2009-07-30	0.40
2009-07-31	0.40
2009-08-01	0.39
2009-08-02	0.38
2009-08-03	0.38
2009-08-04	0.37
2009-08-05	0.36
2009-08-06	0.36
2009-08-07	0.35
2009-08-08	0.35
2009-08-09	0.34
2009-08-10	0.33
2009-08-11	0.33
2009-08-12	0.32
2009-08-13	0.32
2009-08-14	0.31
2009-08-15	0.31
2009-08-16	0.30
2009-08-17	0.30
2009-08-18	0.29
2009-08-19	0.29
2009-08-20	0.28
2009-08-21	0.28
2009-08-22	0.27
2009-08-23	0.27
2009-08-24	0.26
2009-08-25	0.26
2009-08-26	0.26
2009-08-27	0.25
2009-08-28	0.25
2009-08-29	0.24
2009-08-30	0.24
2009-08-31	0.23
2009-09-01	0.23
2009-09-02	0.23
2009-09-03	0.22
2009-09-04	0.22
2009-09-05	0.22
2009-09-06	0.21
2009-09-07	0.21
2009-09-08	0.21
2009-09-09	0.20
2009-09-10	0.20
2009-09-11	0.20
2009-09-12	0.19
2009-09-13	0.19
2009-09-14	0.19
2009-09-15	0.18
2009-09-16	0.18
2009-09-17	0.18
2009-09-18	0.17
2009-09-19	0.17
2009-09-20	0.17
2009-09-21	0.17
2009-09-22	0.16
2009-09-23	0.16
2009-09-24	0.16
2009-09-25	0.15
2009-09-26	0.15
2009-09-27	0.15
2009-09-28	0.15
2009-09-29	0.14
2009-09-30	0.14
2009-10-01	0.14
2009-10-02	0.14
2009-10-03	0.13
2009-10-04	0.13
2009-10-05	0.13
2009-10-06	0.13
2009-10-07	0.13
2009-10-08	0.12
2009-10-09	0.12
2009-10-10	0.12
2009-10-11	0.12
2009-10-12	0.12
2009-10-13	0.11
2009-10-14	0.11
2009-10-15	0.11
2009-10-16	0.11
2009-10-17	0.11
2009-10-18	0.10
2009-10-19	0.10
2009-10-20	0.10
2009-10-21	0.10
2009-10-22	0.10
2009-10-23	0.10
2009-10-24	0.09
2009-10-25	0.09
2009-10-26	0.09
2009-10-27	0.09
2009-10-28	0.09
2009-10-29	0.09
2009-10-30	0.09
2009-10-31	0.08
2009-11-01	0.08
2009-11-02	0.08
2009-11-03	0.08
2009-11-04	0.08
2009-11-05	0.08
2009-11-06	0.08
2009-11-07	0.07
2009-11-08	0.07
2009-11-09	0.07
2009-11-10	0.07
2009-11-11	0.07
2009-11-12	0.07
2009-11-13	0.07
2009-11-14	0.07
2009-11-15	0.07
2009-11-16	0.06
2009-11-17	0.06
2009-11-18	3.21
2009-11-19	25.35
2009-11-20	0.52
2009-11-21	0.51
2009-11-22	0.50
2009-11-23	0.49
2009-11-24	0.48
2009-11-25	0.48
2009-11-26	0.47
2009-11-27	0.46
2009-11-28	0.45
2009-11-29	13.22
2009-11-30	0.64
2009-12-01	0.63
2009-12-02	0.62
2009-12-03	0.61
2009-12-04	0.60
2009-12-05	29.78
2009-12-06	5.71
2009-12-07	1.11
2009-12-08	1.09
2009-12-09	1.07
2009-12-10	1.05
2009-12-11	1.04
2009-12-12	15.42
2009-12-13	1.23
2009-12-14	1.21
2009-12-15	1.19
2009-12-16	1.17
2009-12-17	5.17
2009-12-18	1.29
2009-12-19	1.18
2009-12-20	1.16
2009-12-21	1.14
2009-12-22	1.12
2009-12-23	1.10
2009-12-24	1.09
2009-12-25	1.07
2009-12-26	1.05
2009-12-27	1.03
2009-12-28	1.02
2009-12-29	1.00
2009-12-30	0.98
2009-12-31	0.97
2010-01-01	0.95
2010-01-02	0.93
2010-01-03	0.92
2010-01-04	0.90
2010-01-05	0.89
2010-01-06	0.87
2010-01-07	0.86
2010-01-08	0.84
2010-01-09	0.83
2010-01-10	0.82
2010-01-11	0.80
2010-01-12	0.79
2010-01-13	0.78
2010-01-14	0.76
2010-01-15	0.75
2010-01-16	0.74
2010-01-17	0.73
2010-01-18	0.71
2010-01-19	0.70
2010-01-20	0.69
2010-01-21	0.68
2010-01-22	0.67
2010-01-23	0.66
2010-01-24	0.65
2010-01-25	0.63
2010-01-26	0.62
2010-01-27	0.61
2010-01-28	0.60
2010-01-29	0.59
2010-01-30	31.68
2010-01-31	55.34
2010-02-01	1.93
2010-02-02	1.90
2010-02-03	1.87
2010-02-04	1.84
2010-02-05	18.16
2010-02-06	2.04
2010-02-07	2.01
2010-02-08	1.97
2010-02-09	1.94
2010-02-10	1.91
2010-02-11	1.88
2010-02-12	1.84
2010-02-13	1.81
2010-02-14	1.78
2010-02-15	1.75
2010-02-16	1.72
2010-02-17	1.70
2010-02-18	1.67
2010-02-19	1.64
2010-02-20	1.61
2010-02-21	1.59
2010-02-22	1.56
2010-02-23	1.53
2010-02-24	1.51
2010-02-25	1.48
2010-02-26	1.46
2010-02-27	1.43
2010-02-28	1.41
2010-03-01	1.39
2010-03-02	1.36
2010-03-03	1.34
2010-03-04	1.32
2010-03-05	3.43
2010-03-06	1.31
2010-03-07	1.29
2010-03-08	1.27
2010-03-09	1.24
2010-03-10	1.22
2010-03-11	1.20
2010-03-12	1.18
2010-03-13	20.95
2010-03-14	7.46
2010-03-15	1.53
2010-03-16	1.51
2010-03-17	1.48
2010-03-18	1.46
2010-03-19	1.44
2010-03-20	1.41
2010-03-21	1.39
2010-03-22	1.36
2010-03-23	1.34
2010-03-24	1.32
2010-03-25	1.30
2010-03-26	13.14
2010-03-27	10.79
2010-03-28	1.57
2010-03-29	1.55
2010-03-30	1.52
2010-03-31	17.86
2010-04-01	1.73
2010-04-02	1.71
2010-04-03	3.06
2010-04-04	1.67
2010-04-05	30.29
2010-04-06	2.08
2010-04-07	2.04
2010-04-08	2.01
2010-04-09	1.98
2010-04-10	1.94
2010-04-11	1.91
2010-04-12	6.88
2010-04-13	1.93
2010-04-14	1.90
2010-04-15	1.86
2010-04-16	1.83
2010-04-17	29.78
2010-04-18	2.22
2010-04-19	2.19
2010-04-20	3.51
2010-04-21	2.14
2010-04-22	16.63
2010-04-23	19.64
2010-04-24	2.54
2010-04-25	2.50
2010-04-26	2.46
2010-04-27	2.42
2010-04-28	2.38
2010-04-29	2.34
2010-04-30	2.30
2010-05-01	2.26
2010-05-02	2.22
2010-05-03	14.00
2010-05-04	9.98
2010-05-05	16.81
2010-05-06	17.20
2010-05-07	29.83
2010-05-08	3.19
2010-05-09	3.14
2010-05-10	3.09
2010-05-11	6.06
2010-05-12	55.03
2010-05-13	3.82
2010-05-14	3.76
2010-05-15	9.95
2010-05-16	9.56
2010-05-17	3.77
2010-05-18	3.70
2010-05-19	3.64
2010-05-20	3.58
2010-05-21	3.52
2010-05-22	3.46
2010-05-23	3.41
2010-05-24	3.35
2010-05-25	3.29
2010-05-26	3.24
2010-05-27	3.18
2010-05-28	3.13
2010-05-29	3.08
2010-05-30	3.03
2010-05-31	2.98
2010-06-01	2.93
2010-06-02	2.88
2010-06-03	2.83
2010-06-04	2.78
2010-06-05	2.74
2010-06-06	2.69
2010-06-07	2.65
2010-06-08	2.60
2010-06-09	2.56
2010-06-10	2.52
2010-06-11	2.47
2010-06-12	2.43
2010-06-13	2.39
2010-06-14	2.35
2010-06-15	2.31
2010-06-16	2.28
2010-06-17	2.24
2010-06-18	2.20
2010-06-19	2.16
2010-06-20	2.13
2010-06-21	2.09
2010-06-22	2.06
2010-06-23	2.02
2010-06-24	1.99
2010-06-25	1.96
2010-06-26	1.92
2010-06-27	1.89
2010-06-28	1.86
2010-06-29	1.83
2010-06-30	1.80
2010-07-01	1.77
2010-07-02	1.74
2010-07-03	1.71
2010-07-04	1.68
2010-07-05	1.65
2010-07-06	1.63
2010-07-07	1.60
2010-07-08	1.57
2010-07-09	1.55
2010-07-10	1.52
2010-07-11	1.49
2010-07-12	1.47
2010-07-13	1.45
2010-07-14	1.42
2010-07-15	1.40
2010-07-16	1.37
2010-07-17	1.35
2010-07-18	1.33
2010-07-19	1.31
2010-07-20	1.28
2010-07-21	1.26
2010-07-22	1.24
2010-07-23	1.22
2010-07-24	1.20
2010-07-25	1.18
2010-07-26	1.16
2010-07-27	1.14
2010-07-28	1.12
2010-07-29	1.10
2010-07-30	1.09
2010-07-31	1.07
2010-08-01	1.05
2010-08-02	1.03
2010-08-03	1.02
2010-08-04	1.00
2010-08-05	0.98
2010-08-06	0.97
2010-08-07	0.95
2010-08-08	0.93
2010-08-09	0.92
2010-08-10	0.90
2010-08-11	0.89
2010-08-12	0.87
2010-08-13	0.86
2010-08-14	0.84
2010-08-15	0.83
2010-08-16	0.82
2010-08-17	0.80
2010-08-18	0.79
2010-08-19	0.78
2010-08-20	0.76
2010-08-21	0.75
2010-08-22	0.74
2010-08-23	0.73
2010-08-24	0.71
2010-08-25	0.70
2010-08-26	0.69
2010-08-27	0.68
2010-08-28	0.67
2010-08-29	0.66
2010-08-30	0.65
2010-08-31	0.63
2010-09-01	0.62
2010-09-02	0.61
2010-09-03	0.60
2010-09-04	0.59
2010-09-05	0.58
2010-09-06	0.57
2010-09-07	0.56
2010-09-08	0.55
2010-09-09	0.55
2010-09-10	0.54
2010-09-11	0.53
2010-09-12	0.52
2010-09-13	0.51
2010-09-14	0.50
2010-09-15	0.49
2010-09-16	0.48
2010-09-17	0.48
2010-09-18	0.47
2010-09-19	0.46
2010-09-20	0.45
2010-09-21	0.45
2010-09-22	0.44
2010-09-23	0.43
2010-09-24	0.42
2010-09-25	0.42
2010-09-26	0.41
2010-09-27	0.40
2010-09-28	0.40
2010-09-29	8.12
2010-09-30	14.98
2010-10-01	0.73
2010-10-02	0.72
2010-10-03	0.71
2010-10-04	0.70
2010-10-05	24.04
2010-10-06	1.38
2010-10-07	1.04
2010-10-08	1.02
2010-10-09	1.00
2010-10-10	0.99
2010-10-11	0.97
2010-10-12	0.95
2010-10-13	0.94
2010-10-14	16.35
2010-10-15	1.16
2010-10-16	1.14
2010-10-17	1.12
2010-10-18	1.10
2010-10-19	1.08
2010-10-20	1.06
2010-10-21	1.05
2010-10-22	1.03
2010-10-23	1.01
2010-10-24	0.99
2010-10-25	0.98
2010-10-26	0.96
2010-10-27	0.94
2010-10-28	0.93
2010-10-29	0.91
2010-10-30	0.90
2010-10-31	0.88
2010-11-01	0.87
2010-11-02	0.85
2010-11-03	0.84
2010-11-04	0.83
2010-11-05	0.81
2010-11-06	0.80
2010-11-07	0.79
2010-11-08	0.77
2010-11-09	0.76
2010-11-10	0.75
2010-11-11	0.73
2010-11-12	0.72
2010-11-13	0.71
2010-11-14	0.70
2010-11-15	0.69
2010-11-16	0.68
2010-11-17	0.66
2010-11-18	0.65
2010-11-19	0.64
2010-11-20	0.63
2010-11-21	0.62
2010-11-22	0.61
2010-11-23	0.60
2010-11-24	0.59
2010-11-25	0.58
2010-11-26	0.57
2010-11-27	0.56
2010-11-28	1.18
2010-11-29	0.55
2010-11-30	4.68
2010-12-01	0.60
2010-12-02	0.59
2010-12-03	0.58
2010-12-04	0.57
2010-12-05	0.56
2010-12-06	0.55
2010-12-07	0.54
2010-12-08	0.53
2010-12-09	0.53
2010-12-10	0.52
2010-12-11	0.51
2010-12-12	0.50
2010-12-13	0.49
2010-12-14	0.48
2010-12-15	32.22
2010-12-16	8.44
2010-12-17	1.08
2010-12-18	1.06
2010-12-19	1.05
2010-12-20	1.03
2010-12-21	8.41
2010-12-22	1.25
2010-12-23	1.10
2010-12-24	1.08
2010-12-25	1.06
2010-12-26	1.04
2010-12-27	1.03
2010-12-28	1.01
2010-12-29	36.02
2010-12-30	24.41
2010-12-31	5.43
2011-01-01	1.91
2011-01-02	1.88
2011-01-03	1.85
2011-01-04	1.82
2011-01-05	1.79
2011-01-06	1.76
2011-01-07	1.73
2011-01-08	1.70
2011-01-09	1.67
2011-01-10	1.64
2011-01-11	1.61
2011-01-12	1.59
2011-01-13	1.56
2011-01-14	1.54
2011-01-15	1.51
2011-01-16	1.48
2011-01-17	26.76
2011-01-18	1.84
2011-01-19	1.81
2011-01-20	1.78
2011-01-21	1.75
2011-01-22	1.72
2011-01-23	1.69
2011-01-24	1.67
2011-01-25	1.64
2011-01-26	1.61
2011-01-27	1.58
2011-01-28	50.82
2011-01-29	34.09
2011-01-30	15.90
2011-01-31	2.96
2011-02-01	2.91
2011-02-02	2.87
2011-02-03	2.82
2011-02-04	39.30
2011-02-05	45.71
2011-02-06	3.94
2011-02-07	3.88
2011-02-08	3.81
2011-02-09	3.75
2011-02-10	3.69
2011-02-11	3.62
2011-02-12	3.56
2011-02-13	3.50
2011-02-14	3.45
2011-02-15	3.39
2011-02-16	3.33
2011-02-17	3.28
2011-02-18	3.22
2011-02-19	3.17
2011-02-20	3.12
2011-02-21	3.06
2011-02-22	3.01
2011-02-23	18.17
2011-02-24	3.16
2011-02-25	3.11
2011-02-26	3.05
2011-02-27	3.00
2011-02-28	2.95
2011-03-01	10.90
2011-03-02	7.14
2011-03-03	3.00
2011-03-04	44.20
2011-03-05	42.98
2011-03-06	4.14
2011-03-07	4.07
2011-03-08	4.01
2011-03-09	3.94
2011-03-10	3.87
2011-03-11	3.81
2011-03-12	3.75
2011-03-13	3.68
2011-03-14	3.62
2011-03-15	3.56
2011-03-16	3.50
2011-03-17	3.44
2011-03-18	3.39
2011-03-19	3.33
2011-03-20	3.27
2011-03-21	3.22
2011-03-22	6.32
2011-03-23	3.16
2011-03-24	3.11
2011-03-25	3.06
2011-03-26	3.01
2011-03-27	2.96
2011-03-28	2.91
2011-03-29	2.86
2011-03-30	2.81
2011-03-31	2.77
2011-04-01	2.72
2011-04-02	2.67
2011-04-03	2.63
2011-04-04	2.59
2011-04-05	2.54
2011-04-06	2.50
2011-04-07	2.46
2011-04-08	2.42
2011-04-09	2.38
2011-04-10	2.34
2011-04-11	2.30
2011-04-12	2.26
2011-04-13	2.22
2011-04-14	2.19
2011-04-15	2.15
2011-04-16	2.11
2011-04-17	2.08
2011-04-18	2.04
2011-04-19	2.01
2011-04-20	1.98
2011-04-21	1.94
2011-04-22	1.91
2011-04-23	1.99
2011-04-24	1.85
2011-04-25	1.82
2011-04-26	1.79
2011-04-27	1.76
2011-04-28	1.73
2011-04-29	1.70
2011-04-30	1.67
2011-05-01	30.81
2011-05-02	17.37
2011-05-03	2.30
2011-05-04	2.26
2011-05-05	2.22
2011-05-06	2.19
2011-05-07	2.15
2011-05-08	2.11
2011-05-09	2.08
2011-05-10	2.04
2011-05-11	2.01
2011-05-12	1.98
2011-05-13	1.94
2011-05-14	1.91
2011-05-15	1.88
2011-05-16	1.85
2011-05-17	1.82
2011-05-18	1.79
2011-05-19	1.76
2011-05-20	1.73
2011-05-21	1.70
2011-05-22	1.67
2011-05-23	1.64
2011-05-24	1.62
2011-05-25	1.59
2011-05-26	1.56
2011-05-27	1.54
2011-05-28	1.51
2011-05-29	1.48
2011-05-30	1.46
2011-05-31	1.44
2011-06-01	18.08
2011-06-02	37.65
2011-06-03	2.21
2011-06-04	2.17
2011-06-05	2.14
2011-06-06	2.10
2011-06-07	2.07
2011-06-08	2.03
2011-06-09	2.00
2011-06-10	1.96
2011-06-11	1.93
2011-06-12	1.90
2011-06-13	1.87
2011-06-14	1.84
2011-06-15	1.81
2011-06-16	1.78
2011-06-17	1.75
2011-06-18	1.72
2011-06-19	1.69
2011-06-20	1.66
2011-06-21	1.63
2011-06-22	1.61
2011-06-23	1.58
2011-06-24	1.55
2011-06-25	1.53
2011-06-26	1.50
2011-06-27	1.48
2011-06-28	1.45
2011-06-29	1.43
2011-06-30	1.40
2011-07-01	1.38
2011-07-02	1.36
2011-07-03	1.33
2011-07-04	1.31
2011-07-05	1.29
2011-07-06	1.27
2011-07-07	1.25
2011-07-08	1.23
2011-07-09	1.21
2011-07-10	1.19
2011-07-11	1.17
2011-07-12	1.15
2011-07-13	1.13
2011-07-14	1.11
2011-07-15	1.09
2011-07-16	1.07
2011-07-17	1.05
2011-07-18	1.04
2011-07-19	1.02
2011-07-20	1.00
2011-07-21	0.99
2011-07-22	0.97
2011-07-23	0.95
2011-07-24	0.94
2011-07-25	0.92
2011-07-26	0.91
2011-07-27	0.89
2011-07-28	0.88
2011-07-29	0.86
2011-07-30	0.85
2011-07-31	0.83
2011-08-01	0.82
2011-08-02	0.81
2011-08-03	0.79
2011-08-04	0.78
2011-08-05	0.77
2011-08-06	0.75
2011-08-07	0.74
2011-08-08	0.73
2011-08-09	0.72
2011-08-10	0.70
2011-08-11	0.69
2011-08-12	0.68
2011-08-13	0.67
2011-08-14	0.66
2011-08-15	0.65
2011-08-16	0.64
2011-08-17	0.63
2011-08-18	0.62
2011-08-19	0.61
2011-08-20	0.60
2011-08-21	0.59
2011-08-22	0.58
2011-08-23	0.57
2011-08-24	0.56
2011-08-25	0.55
2011-08-26	0.54
2011-08-27	0.53
2011-08-28	0.52
2011-08-29	0.51
2011-08-30	0.50
2011-08-31	0.50
2011-09-01	0.49
2011-09-02	0.48
2011-09-03	0.47
2011-09-04	0.46
2011-09-05	0.46
2011-09-06	0.45
2011-09-07	0.44
2011-09-08	0.43
2011-09-09	0.43
2011-09-10	0.42
2011-09-11	0.41
2011-09-12	0.40
2011-09-13	0.40
2011-09-14	0.39
2011-09-15	0.38
2011-09-16	0.38
2011-09-17	0.37
2011-09-18	0.37
2011-09-19	0.36
2011-09-20	0.35
2011-09-21	0.35
2011-09-22	0.34
2011-09-23	0.34
2011-09-24	0.33
2011-09-25	0.33
2011-09-26	0.32
2011-09-27	0.31
2011-09-28	0.31
2011-09-29	0.30
2011-09-30	0.30
2011-10-01	0.29
2011-10-02	0.29
2011-10-03	0.28
2011-10-04	0.28
2011-10-05	0.27
2011-10-06	0.27
2011-10-07	0.27
2011-10-08	0.26
2011-10-09	0.26
2011-10-10	0.25
2011-10-11	0.25
2011-10-12	0.24
2011-10-13	0.24
2011-10-14	0.24
2011-10-15	0.23
2011-10-16	0.23
2011-10-17	0.22
2011-10-18	0.22
2011-10-19	0.22
2011-10-20	0.21
2011-10-21	0.21
2011-10-22	0.21
2011-10-23	0.20
2011-10-24	0.20
2011-10-25	0.20
2011-10-26	0.19
2011-10-27	0.19
2011-10-28	0.19
2011-10-29	0.18
2011-10-30	0.18
2011-10-31	0.18
2011-11-01	0.17
2011-11-02	0.17
2011-11-03	0.17
2011-11-04	0.17
2011-11-05	0.16
2011-11-06	0.16
2011-11-07	1.62
2011-11-08	0.18
2011-11-09	0.18
2011-11-10	0.17
2011-11-11	0.49
2011-11-12	0.17
2011-11-13	0.17
2011-11-14	0.17
2011-11-15	9.33
2011-11-16	4.66
2011-11-17	0.37
2011-11-18	0.37
2011-11-19	0.36
2011-11-20	0.36
2011-11-21	0.35
2011-11-22	0.34
2011-11-23	0.34
2011-11-24	0.33
2011-11-25	0.33
2011-11-26	0.32
2011-11-27	0.32
2011-11-28	0.31
2011-11-29	1.94
2011-11-30	12.62
2011-12-01	0.52
2011-12-02	0.51
2011-12-03	0.50
2011-12-04	41.48
2011-12-05	6.65
2011-12-06	14.41
2011-12-07	4.53
2011-12-08	1.44
2011-12-09	1.41
2011-12-10	1.39
2011-12-11	1.36
2011-12-12	1.34
2011-12-13	1.32
2011-12-14	1.30
2011-12-15	1.28
2011-12-16	1.25
2011-12-17	1.23
2011-12-18	1.21
2011-12-19	1.19
2011-12-20	1.17
2011-12-21	1.15
2011-12-22	1.13
2011-12-23	1.12
2011-12-24	1.10
2011-12-25	1.08
2011-12-26	1.06
2011-12-27	1.04
2011-12-28	1.03
2011-12-29	1.71
2011-12-30	6.60
2011-12-31	1.08
2012-01-01	6.04
2012-01-02	2.49
2012-01-03	1.12
2012-01-04	1.11
2012-01-05	1.42
2012-01-06	1.07
2012-01-07	1.06
2012-01-08	1.04
2012-01-09	1.02
2012-01-10	1.00
2012-01-11	0.99
2012-01-12	0.97
2012-01-13	0.96
2012-01-14	4.58
2012-01-15	28.00
2012-01-16	1.40
2012-01-17	1.38
2012-01-18	1.36
2012-01-19	1.33
2012-01-20	1.31
2012-01-21	1.29
2012-01-22	1.27
2012-01-23	1.25
2012-01-24	1.23
2012-01-25	1.20
2012-01-26	1.18
2012-01-27	1.17
2012-01-28	1.15
2012-01-29	1.13
2012-01-30	1.11
2012-01-31	1.09
2012-02-01	1.07
2012-02-02	1.05
2012-02-03	1.04
2012-02-04	1.02
2012-02-05	1.00
2012-02-06	0.98
2012-02-07	0.97
2012-02-08	0.95
2012-02-09	0.94
2012-02-10	0.92
2012-02-11	0.91
2012-02-12	0.89
2012-02-13	0.88
2012-02-14	35.44
2012-02-15	1.40
2012-02-16	1.38
2012-02-17	1.36
2012-02-18	1.33
2012-02-19	1.31
2012-02-20	1.29
2012-02-21	1.27
2012-02-22	1.25
2012-02-23	9.32
2012-02-24	13.67
2012-02-25	2.67
2012-02-26	9.36
2012-02-27	1.61
2012-02-28	1.58
2012-02-29	1.56
2012-03-01	1.53
2012-03-02	1.50
2012-03-03	1.48
2012-03-04	1.45
2012-03-05	1.43
2012-03-06	1.41
2012-03-07	1.38
2012-03-08	1.36
2012-03-09	1.34
2012-03-10	1.31
2012-03-11	1.29
2012-03-12	1.27
2012-03-13	1.25
2012-03-14	1.23
2012-03-15	1.21
2012-03-16	1.19
2012-03-17	1.17
2012-03-18	1.15
2012-03-19	1.13
2012-03-20	1.11
2012-03-21	1.09
2012-03-22	1.07
2012-03-23	1.06
2012-03-24	1.04
2012-03-25	14.77
2012-03-26	50.48
2012-03-27	2.00
2012-03-28	1.97
2012-03-29	1.93
2012-03-30	1.90
2012-03-31	1.87
2012-04-01	1.84
2012-04-02	1.81
2012-04-03	12.67
2012-04-04	1.92
2012-04-05	1.89
2012-04-06	1.86
2012-04-07	1.83
2012-04-08	1.80
2012-04-09	1.77
2012-04-10	1.74
2012-04-11	7.85
2012-04-12	1.78
2012-04-13	1.75
2012-04-14	1.72
2012-04-15	1.69
2012-04-16	1.67
2012-04-17	1.64
2012-04-18	1.61
2012-04-19	1.58
2012-04-20	1.56
2012-04-21	1.53
2012-04-22	1.51
2012-04-23	4.11
2012-04-24	3.64
2012-04-25	1.51
2012-04-26	7.63
2012-04-27	1.56
2012-04-28	1.53
2012-04-29	1.51
2012-04-30	1.48
2012-05-01	1.46
2012-05-02	1.43
2012-05-03	17.13
2012-05-04	39.30
2012-05-05	3.48
2012-05-06	2.20
2012-05-07	2.16
2012-05-08	15.90
2012-05-09	44.83
2012-05-10	2.96
2012-05-11	2.91
2012-05-12	2.86
2012-05-13	2.82
2012-05-14	2.77
2012-05-15	2.72
2012-05-16	2.68
2012-05-17	2.63
2012-05-18	37.80
2012-05-19	3.11
2012-05-20	3.06
2012-05-21	3.01
2012-05-22	2.96
2012-05-23	2.91
2012-05-24	2.86
2012-05-25	2.81
2012-05-26	2.77
2012-05-27	2.72
2012-05-28	2.68
2012-05-29	2.63
2012-05-30	2.59
2012-05-31	2.54
2012-06-01	2.50
2012-06-02	2.46
2012-06-03	2.42
2012-06-04	2.38
2012-06-05	2.34
2012-06-06	2.30
2012-06-07	2.26
2012-06-08	2.22
2012-06-09	2.19
2012-06-10	2.15
2012-06-11	2.12
2012-06-12	2.08
2012-06-13	2.05
2012-06-14	2.01
2012-06-15	10.85
2012-06-16	2.09
2012-06-17	39.27
2012-06-18	36.04
2012-06-19	6.03
2012-06-20	3.11
2012-06-21	3.06
2012-06-22	3.01
2012-06-23	2.96
2012-06-24	2.91
2012-06-25	2.86
2012-06-26	2.81
2012-06-27	2.76
2012-06-28	2.72
2012-06-29	2.67
2012-06-30	2.63
2012-07-01	2.58
2012-07-02	2.54
2012-07-03	2.50
2012-07-04	2.46
2012-07-05	2.42
2012-07-06	2.38
2012-07-07	2.34
2012-07-08	2.30
2012-07-09	2.26
2012-07-10	2.22
2012-07-11	2.18
2012-07-12	2.15
2012-07-13	2.11
2012-07-14	2.08
2012-07-15	2.04
2012-07-16	2.01
2012-07-17	1.97
2012-07-18	1.94
2012-07-19	1.91
2012-07-20	1.88
2012-07-21	1.85
2012-07-22	1.82
2012-07-23	1.79
2012-07-24	1.76
2012-07-25	1.73
2012-07-26	1.70
2012-07-27	1.67
2012-07-28	1.64
2012-07-29	1.61
2012-07-30	1.59
2012-07-31	1.56
2012-08-01	1.53
2012-08-02	1.51
2012-08-03	1.48
2012-08-04	1.46
2012-08-05	1.43
2012-08-06	1.41
2012-08-07	1.39
2012-08-08	1.36
2012-08-09	1.34
2012-08-10	1.32
2012-08-11	1.30
2012-08-12	1.28
2012-08-13	1.25
2012-08-14	1.23
2012-08-15	1.21
2012-08-16	1.19
2012-08-17	1.17
2012-08-18	1.15
2012-08-19	1.13
2012-08-20	1.12
2012-08-21	1.10
2012-08-22	1.08
2012-08-23	1.06
2012-08-24	1.04
2012-08-25	1.03
2012-08-26	1.01
2012-08-27	0.99
2012-08-28	0.97
2012-08-29	0.96
2012-08-30	0.94
2012-08-31	0.93
2012-09-01	0.91
2012-09-02	0.90
2012-09-03	0.88
2012-09-04	0.87
2012-09-05	0.85
2012-09-06	0.84
2012-09-07	0.82
2012-09-08	0.81
2012-09-09	0.80
2012-09-10	0.78
2012-09-11	0.77
2012-09-12	0.76
2012-09-13	0.75
2012-09-14	0.73
2012-09-15	0.72
2012-09-16	94.82
2012-09-17	81.77
2012-09-18	6.95
2012-09-19	3.46
2012-09-20	3.40
2012-09-21	9.05
2012-09-22	10.18
2012-09-23	12.38
2012-09-24	18.32
2012-09-25	31.64
2012-09-26	4.92
2012-09-27	4.03
2012-09-28	3.97
2012-09-29	3.90
2012-09-30	3.84
2012-10-01	3.77
2012-10-02	3.71
2012-10-03	3.65
2012-10-04	3.59
2012-10-05	3.53
2012-10-06	3.47
2012-10-07	3.41
2012-10-08	3.35
2012-10-09	3.30
2012-10-10	66.91
2012-10-11	4.21
2012-10-12	4.14
2012-10-13	4.08
2012-10-14	4.01
2012-10-15	3.94
2012-10-16	3.87
2012-10-17	3.81
2012-10-18	3.75
2012-10-19	3.68
2012-10-20	3.62
2012-10-21	3.56
2012-10-22	19.66
2012-10-23	3.71
2012-10-24	3.64
2012-10-25	3.58
2012-10-26	3.52
2012-10-27	3.46
2012-10-28	3.41
2012-10-29	3.35
2012-10-30	4.26
2012-10-31	3.93
2012-11-01	3.21
2012-11-02	3.16
2012-11-03	3.11
2012-11-04	14.28
2012-11-05	33.15
2012-11-06	3.61
2012-11-07	3.55
2012-11-08	3.49
2012-11-09	3.44
2012-11-10	7.46
2012-11-11	3.39
2012-11-12	18.05
2012-11-13	3.51
2012-11-14	3.45
2012-11-15	3.40
2012-11-16	3.34
2012-11-17	3.29
2012-11-18	3.23
2012-11-19	3.18
2012-11-20	3.12
2012-11-21	23.18
2012-11-22	3.34
2012-11-23	3.29
2012-11-24	3.23
2012-11-25	3.18
2012-11-26	3.13
2012-11-27	3.07
2012-11-28	3.02
2012-11-29	2.97
2012-11-30	2.92
2012-12-01	2.87
2012-12-02	2.83
2012-12-03	2.78
2012-12-04	2.73
2012-12-05	2.69
2012-12-06	2.64
2012-12-07	2.60
2012-12-08	2.56
2012-12-09	2.51
2012-12-10	2.47
2012-12-11	2.43
2012-12-12	2.39
2012-12-13	2.35
2012-12-14	2.31
2012-12-15	2.27
2012-12-16	2.23
2012-12-17	2.20
2012-12-18	2.16
2012-12-19	2.12
2012-12-20	2.09
2012-12-21	2.05
2012-12-22	2.02
2012-12-23	1.99
2012-12-24	1.95
2012-12-25	1.92
2012-12-26	9.03
2012-12-27	5.95
2012-12-28	4.05
2012-12-29	4.20
2012-12-30	2.01
2012-12-31	1.97
2013-01-01	1.94
2013-01-02	1.91
2013-01-03	1.87
2013-01-04	1.84
2013-01-05	1.81
2013-01-06	1.78
2013-01-07	1.75
2013-01-08	1.72
2013-01-09	1.69
2013-01-10	1.67
2013-01-11	1.64
2013-01-12	1.61
2013-01-13	1.58
2013-01-14	1.56
2013-01-15	33.26
2013-01-16	12.66
2013-01-17	2.16
2013-01-18	2.12
2013-01-19	2.08
2013-01-20	2.05
2013-01-21	2.02
2013-01-22	1.98
2013-01-23	2.91
2013-01-24	2.07
2013-01-25	1.90
2013-01-26	1.87
2013-01-27	1.84
2013-01-28	1.81
2013-01-29	1.78
2013-01-30	1.75
2013-01-31	1.72
2013-02-01	52.38
2013-02-02	10.71
2013-02-03	2.57
2013-02-04	2.53
2013-02-05	2.49
2013-02-06	2.44
2013-02-07	2.40
2013-02-08	2.36
2013-02-09	2.32
2013-02-10	2.29
2013-02-11	2.25
2013-02-12	2.21
2013-02-13	2.17
2013-02-14	2.14
2013-02-15	2.10
2013-02-16	2.07
2013-02-17	2.03
2013-02-18	2.00
2013-02-19	1.97
2013-02-20	1.93
2013-02-21	1.90
2013-02-22	1.87
2013-02-23	1.84
2013-02-24	1.81
2013-02-25	1.78
2013-02-26	1.75
2013-02-27	1.72
2013-02-28	1.69
2013-03-01	1.66
2013-03-02	1.63
2013-03-03	1.61
2013-03-04	1.58
2013-03-05	1.55
2013-03-06	1.53
2013-03-07	1.50
2013-03-08	1.48
2013-03-09	1.45
2013-03-10	1.43
2013-03-11	1.40
2013-03-12	1.38
2013-03-13	1.36
2013-03-14	1.34
2013-03-15	1.31
2013-03-16	1.29
2013-03-17	1.27
2013-03-18	1.25
2013-03-19	1.23
2013-03-20	1.21
2013-03-21	1.19
2013-03-22	1.17
2013-03-23	1.15
2013-03-24	1.13
2013-03-25	1.11
2013-03-26	1.09
2013-03-27	1.07
2013-03-28	1.06
2013-03-29	1.04
2013-03-30	1.02
2013-03-31	1.00
2013-04-01	0.99
2013-04-02	0.97
2013-04-03	0.95
2013-04-04	0.94
2013-04-05	0.92
2013-04-06	0.91
2013-04-07	0.89
2013-04-08	0.88
2013-04-09	0.86
2013-04-10	0.85
2013-04-11	0.83
2013-04-12	0.82
2013-04-13	0.81
2013-04-14	0.79
2013-04-15	0.78
2013-04-16	0.77
2013-04-17	0.75
2013-04-18	0.74
2013-04-19	0.73
2013-04-20	0.72
2013-04-21	0.70
2013-04-22	0.69
2013-04-23	0.68
2013-04-24	0.67
2013-04-25	0.66
2013-04-26	0.65
2013-04-27	0.64
2013-04-28	0.63
2013-04-29	0.62
2013-04-30	0.61
2013-05-01	0.60
2013-05-02	0.59
2013-05-03	0.58
2013-05-04	0.57
2013-05-05	0.56
2013-05-06	0.55
2013-05-07	0.54
2013-05-08	0.53
2013-05-09	0.52
2013-05-10	0.51
2013-05-11	0.50
2013-05-12	0.50
2013-05-13	0.49
2013-05-14	0.48
2013-05-15	0.47
2013-05-16	0.46
2013-05-17	0.46
2013-05-18	0.45
2013-05-19	0.44
2013-05-20	0.43
2013-05-21	0.43
2013-05-22	0.42
2013-05-23	0.41
2013-05-24	0.40
2013-05-25	0.40
2013-05-26	0.39
2013-05-27	0.38
2013-05-28	0.38
2013-05-29	0.37
2013-05-30	0.37
2013-05-31	0.36
2013-06-01	0.35
2013-06-02	0.35
2013-06-03	0.34
2013-06-04	0.34
2013-06-05	0.33
2013-06-06	0.33
2013-06-07	0.32
2013-06-08	0.31
2013-06-09	0.31
2013-06-10	0.30
2013-06-11	0.30
2013-06-12	0.29
2013-06-13	0.29
2013-06-14	0.28
2013-06-15	0.28
2013-06-16	0.28
2013-06-17	0.27
2013-06-18	0.27
2013-06-19	0.26
2013-06-20	0.26
2013-06-21	0.25
2013-06-22	0.25
2013-06-23	0.24
2013-06-24	0.24
2013-06-25	0.24
2013-06-26	0.23
2013-06-27	0.23
2013-06-28	0.22
2013-06-29	0.22
2013-06-30	0.22
2013-07-01	0.21
2013-07-02	0.21
2013-07-03	0.21
2013-07-04	0.20
2013-07-05	0.20
2013-07-06	0.20
2013-07-07	0.19
2013-07-08	0.19
2013-07-09	0.19
2013-07-10	0.18
2013-07-11	0.18
2013-07-12	0.18
2013-07-13	0.17
2013-07-14	0.17
2013-07-15	0.17
2013-07-16	0.17
2013-07-17	0.16
2013-07-18	0.16
2013-07-19	0.16
2013-07-20	0.16
2013-07-21	0.15
2013-07-22	0.15
2013-07-23	0.15
2013-07-24	0.15
2013-07-25	0.14
2013-07-26	0.14
2013-07-27	0.14
2013-07-28	0.14
2013-07-29	0.13
2013-07-30	0.13
2013-07-31	0.13
2013-08-01	0.13
2013-08-02	0.12
2013-08-03	0.12
2013-08-04	0.12
2013-08-05	0.12
2013-08-06	0.12
2013-08-07	0.11
2013-08-08	0.11
2013-08-09	0.11
2013-08-10	0.11
2013-08-11	0.11
2013-08-12	0.11
2013-08-13	0.10
2013-08-14	0.10
2013-08-15	0.10
2013-08-16	0.10
2013-08-17	0.10
2013-08-18	0.10
2013-08-19	0.09
2013-08-20	0.09
2013-08-21	0.09
2013-08-22	0.09
2013-08-23	0.09
2013-08-24	0.09
2013-08-25	0.08
2013-08-26	0.08
2013-08-27	0.08
2013-08-28	0.08
2013-08-29	0.08
2013-08-30	0.08
2013-08-31	0.08
2013-09-01	0.08
2013-09-02	0.07
2013-09-03	0.07
2013-09-04	0.07
2013-09-05	0.07
2013-09-06	0.07
2013-09-07	0.07
2013-09-08	0.07
2013-09-09	0.07
2013-09-10	0.06
2013-09-11	0.06
2013-09-12	0.06
2013-09-13	0.06
2013-09-14	0.06
2013-09-15	0.06
2013-09-16	0.06
2013-09-17	0.06
2013-09-18	0.06
2013-09-19	0.06
2013-09-20	0.05
2013-09-21	0.05
2013-09-22	0.05
2013-09-23	0.05
2013-09-24	44.99
2013-09-25	8.60
2013-09-26	0.89
2013-09-27	0.87
2013-09-28	0.86
2013-09-29	0.84
2013-09-30	17.56
2013-10-01	1.09
2013-10-02	1.07
2013-10-03	1.05
2013-10-04	1.03
2013-10-05	1.02
2013-10-06	1.00
2013-10-07	0.98
2013-10-08	0.97
2013-10-09	0.95
2013-10-10	72.66
2013-10-11	4.50
2013-10-12	3.02
2013-10-13	7.44
2013-10-14	2.11
2013-10-15	2.08
2013-10-16	2.04
2013-10-17	2.01
2013-10-18	1.97
2013-10-19	1.94
2013-10-20	1.91
2013-10-21	1.88
2013-10-22	1.85
2013-10-23	1.82
2013-10-24	1.79
2013-10-25	1.76
2013-10-26	1.73
2013-10-27	1.70
2013-10-28	1.67
2013-10-29	1.64
2013-10-30	1.61
2013-10-31	1.59
2013-11-01	1.56
2013-11-02	1.53
2013-11-03	1.51
2013-11-04	1.48
2013-11-05	1.46
2013-11-06	1.43
2013-11-07	1.41
2013-11-08	1.39
2013-11-09	1.36
2013-11-10	1.34
2013-11-11	1.32
2013-11-12	1.30
2013-11-13	1.28
2013-11-14	1.25
2013-11-15	1.23
2013-11-16	1.21
2013-11-17	1.19
2013-11-18	1.17
2013-11-19	1.15
2013-11-20	1.13
2013-11-21	20.86
2013-11-22	1.41
2013-11-23	1.39
2013-11-24	10.60
2013-11-25	1.49
2013-11-26	1.47
2013-11-27	1.44
2013-11-28	1.42
2013-11-29	1.40
2013-11-30	1.37
2013-12-01	36.10
2013-12-02	41.78
2013-12-03	2.50
2013-12-04	4.44
2013-12-05	18.84
2013-12-06	95.42
2013-12-07	6.66
2013-12-08	4.10
2013-12-09	4.03
2013-12-10	3.96
2013-12-11	3.89
2013-12-12	3.83
2013-12-13	3.77
2013-12-14	3.70
2013-12-15	3.64
2013-12-16	3.58
2013-12-17	3.52
2013-12-18	3.46
2013-12-19	3.40
2013-12-20	3.35
2013-12-21	3.29
2013-12-22	3.24
2013-12-23	3.18
2013-12-24	3.13
2013-12-25	3.08
2013-12-26	3.03
2013-12-27	2.98
2013-12-28	2.93
2013-12-29	2.88
2013-12-30	2.83
2013-12-31	2.78
2014-01-01	2.74
2014-01-02	2.69
2014-01-03	2.65
2014-01-04	2.60
2014-01-05	2.56
2014-01-06	2.52
2014-01-07	2.47
2014-01-08	2.43
2014-01-09	2.39
2014-01-10	2.35
2014-01-11	2.31
2014-01-12	2.27
2014-01-13	2.24
2014-01-14	2.20
2014-01-15	2.16
2014-01-16	2.13
2014-01-17	2.09
2014-01-18	2.06
2014-01-19	2.02
2014-01-20	1.99
2014-01-21	1.95
2014-01-22	1.92
2014-01-23	1.89
2014-01-24	4.89
2014-01-25	11.26
2014-01-26	2.00
2014-01-27	1.96
2014-01-28	8.10
2014-01-29	2.00
2014-01-30	1.96
2014-01-31	1.93
2014-02-01	1.90
2014-02-02	1.87
2014-02-03	1.84
2014-02-04	1.81
2014-02-05	1.78
2014-02-06	1.75
2014-02-07	1.72
2014-02-08	1.69
2014-02-09	1.66
2014-02-10	1.63
2014-02-11	1.61
2014-02-12	17.73
2014-02-13	1.81
2014-02-14	1.78
2014-02-15	10.27
2014-02-16	1.86
2014-02-17	1.83
2014-02-18	1.80
2014-02-19	1.77
2014-02-20	1.74
2014-02-21	1.71
2014-02-22	1.68
2014-02-23	1.65
2014-02-24	1.63
2014-02-25	43.83
2014-02-26	20.62
2014-02-27	10.37
2014-02-28	2.60
2014-03-01	2.55
2014-03-02	2.51
2014-03-03	2.47
2014-03-04	6.60
2014-03-05	2.46
2014-03-06	2.41
2014-03-07	2.37
2014-03-08	2.33
2014-03-09	2.30
2014-03-10	2.26
2014-03-11	3.43
2014-03-12	2.20
2014-03-13	2.17
2014-03-14	2.13
2014-03-15	2.09
2014-03-16	2.06
2014-03-17	2.02
2014-03-18	1.99
2014-03-19	1.96
2014-03-20	1.92
2014-03-21	1.89
2014-03-22	1.86
2014-03-23	1.83
2014-03-24	1.80
2014-03-25	1.77
2014-03-26	1.74
2014-03-27	1.71
2014-03-28	1.68
2014-03-29	1.65
2014-03-30	1.63
2014-03-31	1.60
2014-04-01	1.57
2014-04-02	1.55
2014-04-03	1.52
2014-04-04	1.50
2014-04-05	1.47
2014-04-06	17.00
2014-04-07	1.67
2014-04-08	2.75
2014-04-09	1.64
2014-04-10	1.61
2014-04-11	1.58
2014-04-12	1.56
2014-04-13	1.53
2014-04-14	1.50
2014-04-15	1.48
2014-04-16	1.45
2014-04-17	1.43
2014-04-18	1.41
2014-04-19	19.67
2014-04-20	19.23
2014-04-21	1.91
2014-04-22	1.88
2014-04-23	5.60
2014-04-24	11.71
2014-04-25	2.00
2014-04-26	1.97
2014-04-27	1.94
2014-04-28	1.91
2014-04-29	1.87
2014-04-30	1.84
2014-05-01	1.81
2014-05-02	1.78
2014-05-03	1.75
2014-05-04	1.72
2014-05-05	1.69
2014-05-06	5.40
2014-05-07	3.18
2014-05-08	1.69
2014-05-09	1.67
2014-05-10	1.64
2014-05-11	1.61
2014-05-12	1.58
2014-05-13	1.56
2014-05-14	1.53
2014-05-15	1.51
2014-05-16	1.48
2014-05-17	1.46
2014-05-18	1.43
2014-05-19	1.41
2014-05-20	1.38
2014-05-21	1.36
2014-05-22	1.34
2014-05-23	1.32
2014-05-24	1.29
2014-05-25	1.27
2014-05-26	1.25
2014-05-27	1.23
2014-05-28	1.21
2014-05-29	1.19
2014-05-30	1.17
2014-05-31	1.15
2014-06-01	1.13
2014-06-02	55.81
2014-06-03	25.34
2014-06-04	2.32
2014-06-05	2.28
2014-06-06	2.24
2014-06-07	2.21
2014-06-08	2.17
2014-06-09	2.13
2014-06-10	2.10
2014-06-11	2.06
2014-06-12	2.03
2014-06-13	1.99
2014-06-14	1.96
2014-06-15	1.93
2014-06-16	1.90
2014-06-17	1.86
2014-06-18	1.83
2014-06-19	1.80
2014-06-20	1.77
2014-06-21	1.74
2014-06-22	1.71
2014-06-23	1.69
2014-06-24	1.66
2014-06-25	1.63
2014-06-26	1.60
2014-06-27	1.58
2014-06-28	1.55
2014-06-29	1.52
2014-06-30	1.50
2014-07-01	1.47
2014-07-02	1.45
2014-07-03	1.42
2014-07-04	1.40
2014-07-05	1.38
2014-07-06	1.35
2014-07-07	1.33
2014-07-08	1.31
2014-07-09	1.29
2014-07-10	1.27
2014-07-11	1.25
2014-07-12	1.22
2014-07-13	1.20
2014-07-14	1.18
2014-07-15	1.16
2014-07-16	1.15
2014-07-17	1.13
2014-07-18	1.11
2014-07-19	1.09
2014-07-20	1.07
2014-07-21	1.05
2014-07-22	1.04
2014-07-23	1.02
2014-07-24	1.00
2014-07-25	0.98
2014-07-26	0.97
2014-07-27	0.95
2014-07-28	0.94
2014-07-29	0.92
2014-07-30	0.91
2014-07-31	0.89
2014-08-01	0.88
2014-08-02	0.86
2014-08-03	0.85
2014-08-04	0.83
2014-08-05	0.82
2014-08-06	0.80
2014-08-07	0.79
2014-08-08	0.78
2014-08-09	0.76
2014-08-10	0.75
2014-08-11	0.74
2014-08-12	0.73
2014-08-13	0.72
2014-08-14	0.70
2014-08-15	0.69
2014-08-16	0.68
2014-08-17	0.67
2014-08-18	0.66
2014-08-19	0.65
2014-08-20	0.64
2014-08-21	0.63
2014-08-22	0.61
2014-08-23	0.60
2014-08-24	0.59
2014-08-25	0.58
2014-08-26	0.57
2014-08-27	0.57
2014-08-28	0.56
2014-08-29	0.55
2014-08-30	0.54
2014-08-31	0.53
2014-09-01	0.52
2014-09-02	0.51
2014-09-03	0.50
2014-09-04	0.49
2014-09-05	0.49
2014-09-06	0.48
2014-09-07	0.47
2014-09-08	0.46
2014-09-09	0.45
2014-09-10	0.45
2014-09-11	0.44
2014-09-12	0.43
2014-09-13	0.42
2014-09-14	0.42
2014-09-15	0.41
2014-09-16	0.40
2014-09-17	0.40
2014-09-18	0.39
2014-09-19	0.38
2014-09-20	0.38
2014-09-21	0.37
2014-09-22	0.37
2014-09-23	0.36
2014-09-24	0.35
2014-09-25	0.35
2014-09-26	0.34
2014-09-27	0.34
2014-09-28	0.33
2014-09-29	0.32
2014-09-30	0.32
2014-10-01	0.31
2014-10-02	0.31
2014-10-03	0.30
2014-10-04	0.30
2014-10-05	0.29
2014-10-06	0.29
2014-10-07	0.28
2014-10-08	0.28
2014-10-09	0.27
2014-10-10	0.27
2014-10-11	0.27
2014-10-12	0.26
2014-10-13	0.26
2014-10-14	0.25
2014-10-15	0.25
2014-10-16	0.24
2014-10-17	0.24
2014-10-18	0.24
2014-10-19	0.23
2014-10-20	0.23
2014-10-21	0.22
2014-10-22	0.22
2014-10-23	0.22
2014-10-24	0.21
2014-10-25	0.21
2014-10-26	0.21
2014-10-27	0.20
2014-10-28	0.20
2014-10-29	0.20
2014-10-30	0.19
2014-10-31	0.19
2014-11-01	0.19
2014-11-02	0.18
2014-11-03	0.18
2014-11-04	0.18
2014-11-05	0.17
2014-11-06	0.17
2014-11-07	0.17
2014-11-08	0.17
2014-11-09	0.16
2014-11-10	0.16
2014-11-11	0.16
2014-11-12	5.11
2014-11-13	124.53
2014-11-14	2.23
2014-11-15	2.19
2014-11-16	2.16
2014-11-17	2.12
2014-11-18	2.09
2014-11-19	2.05
2014-11-20	2.02
2014-11-21	1.98
2014-11-22	1.95
2014-11-23	1.92
2014-11-24	1.89
2014-11-25	1.86
2014-11-26	1.82
2014-11-27	1.79
2014-11-28	1.76
2014-11-29	1.73
2014-11-30	1.71
2014-12-01	1.68
2014-12-02	1.65
2014-12-03	1.62
2014-12-04	21.19
2014-12-05	1.88
2014-12-06	1.85
2014-12-07	1.82
2014-12-08	1.79
2014-12-09	1.76
2014-12-10	1.73
2014-12-11	1.70
2014-12-12	1.68
2014-12-13	1.65
2014-12-14	1.62
2014-12-15	1.59
2014-12-16	1.57
2014-12-17	1.54
2014-12-18	1.51
2014-12-19	1.49
2014-12-20	1.46
2014-12-21	1.44
2014-12-22	1.42
2014-12-23	1.39
2014-12-24	1.37
2014-12-25	10.09
2014-12-26	14.24
2014-12-27	9.88
2014-12-28	5.77
2014-12-29	11.35
2014-12-30	5.77
2014-12-31	1.94
2015-01-01	1.91
2015-01-02	1.88
2015-01-03	1.85
2015-01-04	1.82
2015-01-05	1.79
2015-01-06	1.76
2015-01-07	2.37
2015-01-08	2.31
2015-01-09	17.09
2015-01-10	1.91
2015-01-11	1.88
2015-01-12	1.85
2015-01-13	6.97
2015-01-14	1.87
2015-01-15	1.84
2015-01-16	1.81
2015-01-17	1.78
2015-01-18	1.75
2015-01-19	1.72
2015-01-20	5.73
2015-01-21	1.73
2015-01-22	1.70
2015-01-23	1.67
2015-01-24	1.64
2015-01-25	1.61
2015-01-26	1.59
2015-01-27	1.56
2015-01-28	1.53
2015-01-29	1.51
2015-01-30	1.48
2015-01-31	1.46
2015-02-01	1.43
2015-02-02	1.41
2015-02-03	1.73
2015-02-04	3.04
2015-02-05	1.37
2015-02-06	1.35
2015-02-07	1.33
2015-02-08	1.31
2015-02-09	1.28
2015-02-10	1.26
2015-02-11	1.24
2015-02-12	1.22
2015-02-13	1.20
2015-02-14	9.84
2015-02-15	1.30
2015-02-16	6.41
2015-02-17	36.16
2015-02-18	9.07
2015-02-19	16.01
2015-02-20	14.01
2015-02-21	2.31
2015-02-22	2.27
2015-02-23	17.05
2015-02-24	2.44
2015-02-25	2.40
2015-02-26	2.36
2015-02-27	2.32
2015-02-28	2.28
2015-03-01	2.24
2015-03-02	2.20
2015-03-03	2.17
2015-03-04	9.13
2015-03-05	2.21
2015-03-06	2.17
2015-03-07	2.14
2015-03-08	2.10
2015-03-09	2.07
2015-03-10	7.30
2015-03-11	2.08
2015-03-12	2.05
2015-03-13	2.01
2015-03-14	21.59
2015-03-15	2.26
2015-03-16	2.22
2015-03-17	2.19
2015-03-18	2.90
2015-03-19	9.02
2015-03-20	2.20
2015-03-21	2.17
2015-03-22	2.13
2015-03-23	17.56
2015-03-24	2.31
2015-03-25	2.27
2015-03-26	2.23
2015-03-27	15.23
2015-03-28	2.37
2015-03-29	2.33
2015-03-30	2.29
2015-03-31	4.32
2015-04-01	2.25
2015-04-02	2.21
2015-04-03	2.17
2015-04-04	2.14
2015-04-05	2.10
2015-04-06	2.07
2015-04-07	2.03
2015-04-08	2.90
2015-04-09	5.90
2015-04-10	2.01
2015-04-11	1.98
2015-04-12	1.94
2015-04-13	7.69
2015-04-14	1.97
2015-04-15	1.94
2015-04-16	1.91
2015-04-17	13.57
2015-04-18	61.94
2015-04-19	17.27
2015-04-20	3.15
2015-04-21	3.09
2015-04-22	3.04
2015-04-23	2.99
2015-04-24	2.94
2015-04-25	2.89
2015-04-26	2.84
2015-04-27	2.80
2015-04-28	2.75
2015-04-29	2.70
2015-04-30	2.66
2015-05-01	2.61
2015-05-02	2.57
2015-05-03	2.53
2015-05-04	2.49
2015-05-05	2.44
2015-05-06	2.40
2015-05-07	2.36
2015-05-08	2.32
2015-05-09	2.29
2015-05-10	2.25
2015-05-11	2.21
2015-05-12	2.17
2015-05-13	2.14
2015-05-14	15.44
2015-05-15	30.64
2015-05-16	3.18
2015-05-17	2.66
2015-05-18	2.62
2015-05-19	2.58
2015-05-20	2.53
2015-05-21	2.49
2015-05-22	2.45
2015-05-23	2.41
2015-05-24	2.37
2015-05-25	2.33
2015-05-26	13.42
2015-05-27	28.96
2015-05-28	2.82
2015-05-29	2.77
2015-05-30	2.73
2015-05-31	2.68
2015-06-01	2.63
2015-06-02	2.59
2015-06-03	2.55
2015-06-04	2.51
2015-06-05	2.46
2015-06-06	2.42
2015-06-07	2.38
2015-06-08	2.34
2015-06-09	2.30
2015-06-10	2.27
2015-06-11	2.23
2015-06-12	2.19
2015-06-13	2.15
2015-06-14	2.12
2015-06-15	2.08
2015-06-16	2.05
2015-06-17	2.01
2015-06-18	1.98
2015-06-19	1.95
2015-06-20	1.91
2015-06-21	1.88
2015-06-22	1.85
2015-06-23	1.82
2015-06-24	1.79
2015-06-25	1.76
2015-06-26	1.73
2015-06-27	1.70
2015-06-28	1.67
2015-06-29	1.65
2015-06-30	1.62
2015-07-01	1.59
2015-07-02	1.56
2015-07-03	1.54
2015-07-04	1.51
2015-07-05	1.49
2015-07-06	1.46
2015-07-07	1.44
2015-07-08	1.41
2015-07-09	1.39
2015-07-10	1.37
2015-07-11	1.35
2015-07-12	1.32
2015-07-13	1.30
2015-07-14	1.28
2015-07-15	1.26
2015-07-16	1.24
2015-07-17	1.22
2015-07-18	1.20
2015-07-19	1.18
2015-07-20	1.16
2015-07-21	1.14
2015-07-22	1.12
2015-07-23	1.10
2015-07-24	1.08
2015-07-25	1.06
2015-07-26	1.05
2015-07-27	1.03
2015-07-28	1.01
2015-07-29	0.99
2015-07-30	0.98
2015-07-31	0.96
2015-08-01	0.95
2015-08-02	0.93
2015-08-03	0.91
2015-08-04	0.90
2015-08-05	0.88
2015-08-06	0.87
2015-08-07	0.85
2015-08-08	0.84
2015-08-09	0.83
2015-08-10	0.81
2015-08-11	0.80
2015-08-12	0.79
2015-08-13	0.77
2015-08-14	0.76
2015-08-15	0.75
2015-08-16	0.73
2015-08-17	0.72
2015-08-18	0.71
2015-08-19	0.70
2015-08-20	0.69
2015-08-21	0.68
2015-08-22	0.66
2015-08-23	0.65
2015-08-24	0.64
2015-08-25	0.63
2015-08-26	0.62
2015-08-27	0.61
2015-08-28	0.60
2015-08-29	0.59
2015-08-30	0.58
2015-08-31	0.57
2015-09-01	0.56
2015-09-02	0.55
2015-09-03	0.54
2015-09-04	0.53
2015-09-05	0.52
2015-09-06	0.52
2015-09-07	0.51
2015-09-08	1.19
2015-09-09	10.20
2015-09-10	10.99
2015-09-11	0.81
2015-09-12	0.79
2015-09-13	9.97
2015-09-14	3.96
2015-09-15	7.14
2015-09-16	9.54
2015-09-17	7.84
2015-09-18	1.24
2015-09-19	1.22
2015-09-20	1.20
2015-09-21	1.18
2015-09-22	12.86
2015-09-23	28.68
2015-09-24	1.75
2015-09-25	1.72
2015-09-26	1.69
2015-09-27	1.66
2015-09-28	1.63
2015-09-29	1.61
2015-09-30	1.58
2015-10-01	1.55
2015-10-02	1.53
2015-10-03	1.50
2015-10-04	1.48
2015-10-05	1.45
2015-10-06	1.43
2015-10-07	1.41
2015-10-08	1.38
2015-10-09	1.36
2015-10-10	1.34
2015-10-11	1.31
2015-10-12	1.29
2015-10-13	1.27
2015-10-14	1.25
2015-10-15	1.23
2015-10-16	1.21
2015-10-17	1.19
2015-10-18	1.17
2015-10-19	1.15
2015-10-20	1.13
2015-10-21	1.11
2015-10-22	23.88
2015-10-23	1.44
2015-10-24	1.42
2015-10-25	1.39
2015-10-26	1.37
2015-10-27	1.35
2015-10-28	1.33
2015-10-29	1.30
2015-10-30	22.06
2015-10-31	81.91
2015-11-01	10.95
2015-11-02	2.95
2015-11-03	2.90
2015-11-04	2.85
2015-11-05	2.80
2015-11-06	2.75
2015-11-07	2.71
2015-11-08	2.66
2015-11-09	2.62
2015-11-10	2.58
2015-11-11	2.53
2015-11-12	2.49
2015-11-13	2.45
2015-11-14	2.41
2015-11-15	2.37
2015-11-16	2.33
2015-11-17	2.29
2015-11-18	2.25
2015-11-19	2.21
2015-11-20	2.18
2015-11-21	2.14
2015-11-22	2.10
2015-11-23	2.07
2015-11-24	2.04
2015-11-25	2.00
2015-11-26	1.97
2015-11-27	1.94
2015-11-28	1.90
2015-11-29	1.87
2015-11-30	1.84
2015-12-01	1.81
2015-12-02	1.78
2015-12-03	1.75
2015-12-04	1.72
2015-12-05	1.69
2015-12-06	1.66
2015-12-07	1.64
2015-12-08	1.61
2015-12-09	1.58
2015-12-10	1.56
2015-12-11	1.53
2015-12-12	10.23
2015-12-13	1.62
2015-12-14	1.59
2015-12-15	1.57
2015-12-16	1.54
2015-12-17	1.51
2015-12-18	1.49
2015-12-19	1.46
2015-12-20	5.76
2015-12-21	1.49
2015-12-22	7.40
2015-12-23	24.18
2015-12-24	1.87
2015-12-25	1.84
2015-12-26	1.81
2015-12-27	1.78
2015-12-28	1.75
2015-12-29	1.72
2015-12-30	1.69
2015-12-31	1.66
