2000-01-01	1.08
2000-01-02	1.06
2000-01-03	1.04
2000-01-04	1.03
2000-01-05	1.01
2000-01-06	0.99
2000-01-07	0.98
2000-01-08	0.96
2000-01-09	0.94
2000-01-10	0.93
2000-01-11	1.47
2000-01-12	0.91
2000-01-13	0.89
2000-01-14	0.88
2000-01-15	0.86
2000-01-16	0.85
2000-01-17	0.83
2000-01-18	0.82
2000-01-19	0.81
2000-01-20	0.79
2000-01-21	0.78
2000-01-22	0.77
2000-01-23	0.75
2000-01-24	0.74
2000-01-25	0.73
2000-01-26	0.72
2000-01-27	0.70
2000-01-28	0.69
2000-01-29	0.68
2000-01-30	0.67
2000-01-31	0.66
2000-02-01	0.65
2000-02-02	0.64
2000-02-03	0.63
2000-02-04	5.73
2000-02-05	11.67
2000-02-06	8.75
2000-02-07	13.16
2000-02-08	11.68
2000-02-09	21.26
2000-02-10	4.06
2000-02-11	29.58
2000-02-12	2.03
2000-02-13	2.00
2000-02-14	1.97
2000-02-15	1.93
2000-02-16	28.59
2000-02-17	2.30
2000-02-18	2.26
2000-02-19	9.48
2000-02-20	33.35
2000-02-21	2.77
2000-02-22	2.72
2000-02-23	2.68
2000-02-24	2.63
2000-02-25	3.67
2000-02-26	4.43
2000-02-27	4.72
2000-02-28	32.86
2000-02-29	33.55
2000-03-01	33.72
2000-03-02	3.86
2000-03-03	3.80
2000-03-04	4.28
2000-03-05	4.18
2000-03-06	3.63
2000-03-07	5.25
2000-03-08	4.13
2000-03-09	3.49
2000-03-10	11.66
2000-03-11	3.50
2000-03-12	3.44
2000-03-13	3.44
2000-03-14	4.44
2000-03-15	23.39
2000-03-16	15.95
2000-03-17	12.84
2000-03-18	6.99
2000-03-19	84.83
2000-03-20	5.02
2000-03-21	139.26
2000-03-22	10.63
2000-03-23	84.29
2000-03-24	65.46
2000-03-25	81.32
2000-03-26	9.90
2000-03-27	83.72
2000-03-28	17.56
2000-03-29	28.56
2000-03-30	130.91
2000-03-31	12.56
2000-04-01	40.00
2000-04-02	63.83
2000-04-03	27.98
2000-04-04	45.50
2000-04-05	30.76
2000-04-06	44.57
2000-04-07	43.56
2000-04-08	57.38
2000-04-09	56.81
2000-04-10	45.56
2000-04-11	56.48
2000-04-12	158.47
2000-04-13	38.60
2000-04-14	32.76
2000-04-15	17.68
2000-04-16	26.54
2000-04-17	43.54
2000-04-18	51.99
2000-04-19	63.74
2000-04-20	193.00
2000-04-21	113.83
2000-04-22	109.89
2000-04-23	278.12
2000-04-24	42.19
2000-04-25	53.53
2000-04-26	58.52
2000-04-27	58.81
2000-04-28	60.50
2000-04-29	59.54
2000-04-30	66.55
2000-05-01	207.43
2000-05-02	37.86
2000-05-03	40.32
2000-05-04	37.00
2000-05-05	28.38
2000-05-06	29.34
2000-05-07	29.53
2000-05-08	27.04
2000-05-09	28.93
2000-05-10	32.02
2000-05-11	32.16
2000-05-12	33.49
2000-05-13	31.02
2000-05-14	32.67
2000-05-15	29.08
2000-05-16	27.17
2000-05-17	27.10
2000-05-18	26.32
2000-05-19	24.62
2000-05-20	22.85
2000-05-21	22.47
2000-05-22	22.09
2000-05-23	21.73
2000-05-24	21.36
2000-05-25	21.01
2000-05-26	20.66
2000-05-27	20.31
2000-05-28	19.97
2000-05-29	19.64
2000-05-30	19.59
2000-05-31	23.23
2000-06-01	42.98
2000-06-02	19.81
2000-06-03	18.53
2000-06-04	34.05
2000-06-05	51.04
2000-06-06	22.07
2000-06-07	18.15
2000-06-08	17.85
2000-06-09	17.55
2000-06-10	17.26
2000-06-11	16.97
2000-06-12	16.69
2000-06-13	16.41
2000-06-14	16.14
2000-06-15	15.87
2000-06-16	15.60
2000-06-17	15.34
2000-06-18	15.09
2000-06-19	14.84
2000-06-20	14.59
2000-06-21	14.35
2000-06-22	14.11
2000-06-23	13.87
2000-06-24	13.64
2000-06-25	13.41
2000-06-26	13.19
2000-06-27	12.97
2000-06-28	12.75
2000-06-29	12.54
2000-06-30	12.33
2000-07-01	12.13
2000-07-02	11.92
2000-07-03	11.72
2000-07-04	11.53
2000-07-05	11.34
2000-07-06	11.15
2000-07-07	10.96
2000-07-08	10.78
2000-07-09	10.60
2000-07-10	10.42
2000-07-11	10.25
2000-07-12	10.08
2000-07-13	9.91
2000-07-14	9.75
2000-07-15	9.58
2000-07-16	9.42
2000-07-17	9.27
2000-07-18	9.11
2000-07-19	8.96
2000-07-20	8.81
2000-07-21	8.66
2000-07-22	8.52
2000-07-23	8.38
2000-07-24	8.24
2000-07-25	8.10
2000-07-26	7.97
2000-07-27	7.83
2000-07-28	7.70
2000-07-29	7.57
2000-07-30	7.45
2000-07-31	7.32
2000-08-01	7.20
2000-08-02	7.08
2000-08-03	6.96
2000-08-04	6.85
2000-08-05	6.73
2000-08-06	6.62
2000-08-07	6.51
2000-08-08	6.40
2000-08-09	6.30
2000-08-10	6.19
2000-08-11	6.09
2000-08-12	5.99
2000-08-13	5.89
2000-08-14	5.79
2000-08-15	5.69
2000-08-16	5.60
2000-08-17	5.50
2000-08-18	5.41
2000-08-19	5.32
2000-08-20	5.23
2000-08-21	5.15
2000-08-22	5.06
2000-08-23	4.98
2000-08-24	4.89
2000-08-25	4.81
2000-08-26	4.73
2000-08-27	4.65
2000-08-28	4.57
2000-08-29	4.50
2000-08-30	4.42
2000-08-31	4.35
2000-09-01	4.28
2000-09-02	4.21
2000-09-03	4.14
2000-09-04	4.07
2000-09-05	4.00
2000-09-06	3.93
2000-09-07	3.87
2000-09-08	3.80
2000-09-09	3.74
2000-09-10	3.68
2000-09-11	3.62
2000-09-12	3.56
2000-09-13	3.50
2000-09-14	3.44
2000-09-15	3.38
2000-09-16	3.32
2000-09-17	3.27
2000-09-18	3.21
2000-09-19	3.16
2000-09-20	3.11
2000-09-21	3.06
2000-09-22	3.01
2000-09-23	2.96
2000-09-24	2.91
2000-09-25	2.86
2000-09-26	2.81
2000-09-27	2.76
2000-09-28	2.72
2000-09-29	2.67
2000-09-30	2.63
2000-10-01	2.58
2000-10-02	2.54
2000-10-03	2.50
2000-10-04	2.46
2000-10-05	2.42
2000-10-06	2.38
2000-10-07	2.34
2000-10-08	2.30
2000-10-09	2.26
2000-10-10	2.22
2000-10-11	2.18
2000-10-12	2.15
2000-10-13	2.11
2000-10-14	2.08
2000-10-15	2.04
2000-10-16	2.01
2000-10-17	1.97
2000-10-18	1.94
2000-10-19	1.91
2000-10-20	1.88
2000-10-21	1.85
2000-10-22	1.82
2000-10-23	1.78
2000-10-24	1.76
2000-10-25	1.73
2000-10-26	1.70
2000-10-27	1.67
2000-10-28	1.64
2000-10-29	1.61
2000-10-30	1.59
2000-10-31	1.56
2000-11-01	1.53
2000-11-02	1.51
2000-11-03	1.48
2000-11-04	1.46
2000-11-05	1.43
2000-11-06	1.41
2000-11-07	1.39
2000-11-08	1.36
2000-11-09	1.34
2000-11-10	1.32
2000-11-11	1.30
2000-11-12	1.28
2000-11-13	1.25
2000-11-14	1.23
2000-11-15	1.21
2000-11-16	1.19
2000-11-17	1.17
2000-11-18	1.15
2000-11-19	1.13
2000-11-20	1.11
2000-11-21	2.36
2000-11-22	1.58
2000-11-23	1.09
2000-11-24	1.07
2000-11-25	1.05
2000-11-26	1.03
2000-11-27	1.02
2000-11-28	1.00
2000-11-29	1.93
2000-11-30	0.98
2000-12-01	0.97
2000-12-02	0.95
2000-12-03	0.93
2000-12-04	0.92
2000-12-05	0.90
2000-12-06	0.89
2000-12-07	0.87
2000-12-08	0.86
2000-12-09	0.84
2000-12-10	3.54
2000-12-11	0.86
2000-12-12	0.85
2000-12-13	0.83
2000-12-14	0.82
2000-12-15	0.80
2000-12-16	0.79
2000-12-17	0.78
2000-12-18	0.76
2000-12-19	0.75
2000-12-20	0.74
2000-12-21	0.73
2000-12-22	33.38
2000-12-23	13.28
2000-12-24	17.85
2000-12-25	1.65
2000-12-26	12.48
2000-12-27	1.77
2000-12-28	1.74
2000-12-29	1.71
2000-12-30	1.68
2000-12-31	1.65
2001-01-01	1.62
2001-01-02	1.60
2001-01-03	1.57
2001-01-04	1.54
2001-01-05	1.52
2001-01-06	1.49
2001-01-07	1.47
2001-01-08	1.44
2001-01-09	3.79
2001-01-10	18.73
2001-01-11	1.69
2001-01-12	1.66
2001-01-13	1.63
2001-01-14	1.61
2001-01-15	1.58
2001-01-16	1.55
2001-01-17	1.53
2001-01-18	1.50
2001-01-19	1.48
2001-01-20	1.45
2001-01-21	1.43
2001-01-22	3.34
2001-01-23	1.41
2001-01-24	8.07
2001-01-25	2.65
2001-01-26	2.51
2001-01-27	1.46
2001-01-28	1.57
2001-01-29	1.41
2001-01-30	2.16
2001-01-31	4.16
2001-02-01	2.22
2001-02-02	1.39
2001-02-03	2.41
2001-02-04	1.36
2001-02-05	1.34
2001-02-06	1.32
2001-02-07	1.29
2001-02-08	1.27
2001-02-09	1.25
2001-02-10	1.23
2001-02-11	1.21
2001-02-12	1.19
2001-02-13	1.17
2001-02-14	57.79
2001-02-15	2.04
2001-02-16	2.01
2001-02-17	1.98
2001-02-18	1.94
2001-02-19	108.48
2001-02-20	268.79
2001-02-21	388.02
2001-02-22	56.84
2001-02-23	14.28
2001-02-24	58.05
2001-02-25	113.29
2001-02-26	162.84
2001-02-27	17.97
2001-02-28	17.67
2001-03-01	17.37
2001-03-02	17.08
2001-03-03	16.80
2001-03-04	17.39
2001-03-05	45.45
2001-03-06	42.92
2001-03-07	34.19
2001-03-08	40.33
2001-03-09	200.72
2001-03-10	125.16
2001-03-11	31.01
2001-03-12	52.00
2001-03-13	64.89
2001-03-14	80.29
2001-03-15	283.12
2001-03-16	26.02
2001-03-17	25.17
2001-03-18	47.26
2001-03-19	89.17
2001-03-20	162.00
2001-03-21	32.64
2001-03-22	67.74
2001-03-23	132.39
2001-03-24	160.33
2001-03-25	29.87
2001-03-26	61.55
2001-03-27	305.34
2001-03-28	37.85
2001-03-29	32.88
2001-03-30	46.60
2001-03-31	95.57
2001-04-01	80.98
2001-04-02	200.82
2001-04-03	273.37
2001-04-04	106.90
2001-04-05	96.86
2001-04-06	145.20
2001-04-07	162.28
2001-04-08	232.36
2001-04-09	202.22
2001-04-10	230.33
2001-04-11	156.87
2001-04-12	171.32
2001-04-13	166.77
2001-04-14	217.13
2001-04-15	68.08
2001-04-16	66.43
2001-04-17	184.79
2001-04-18	52.78
2001-04-19	51.90
2001-04-20	58.38
2001-04-21	111.52
2001-04-22	148.26
2001-04-23	123.28
2001-04-24	51.50
2001-04-25	80.75
2001-04-26	132.61
2001-04-27	50.77
2001-04-28	49.92
2001-04-29	49.09
2001-04-30	60.44
2001-05-01	85.35
2001-05-02	97.84
2001-05-03	84.09
2001-05-04	127.90
2001-05-05	700.81
2001-05-06	57.54
2001-05-07	696.45
2001-05-08	494.08
2001-05-09	72.45
2001-05-10	261.46
2001-05-11	75.10
2001-05-12	231.02
2001-05-13	101.88
2001-05-14	93.37
2001-05-15	387.99
2001-05-16	539.75
2001-05-17	81.26
2001-05-18	82.93
2001-05-19	114.73
2001-05-20	97.40
2001-05-21	97.16
2001-05-22	99.06
2001-05-23	98.61
2001-05-24	101.74
2001-05-25	114.33
2001-05-26	196.21
2001-05-27	125.04
2001-05-28	90.59
2001-05-29	129.71
2001-05-30	84.64
2001-05-31	79.35
2001-06-01	82.37
2001-06-02	269.19
2001-06-03	222.73
2001-06-04	321.54
2001-06-05	313.34
2001-06-06	87.76
2001-06-07	91.82
2001-06-08	78.60
2001-06-09	81.47
2001-06-10	81.05
2001-06-11	77.53
2001-06-12	74.61
2001-06-13	73.36
2001-06-14	72.31
2001-06-15	71.37
2001-06-16	66.93
2001-06-17	65.62
2001-06-18	64.42
2001-06-19	63.35
2001-06-20	62.29
2001-06-21	61.26
2001-06-22	60.24
2001-06-23	59.23
2001-06-24	58.24
2001-06-25	57.27
2001-06-26	56.32
2001-06-27	55.38
2001-06-28	54.46
2001-06-29	53.55
2001-06-30	52.66
2001-07-01	51.78
2001-07-02	50.92
2001-07-03	50.07
2001-07-04	49.23
2001-07-05	48.41
2001-07-06	47.61
2001-07-07	46.81
2001-07-08	46.03
2001-07-09	45.27
2001-07-10	44.51
2001-07-11	43.77
2001-07-12	43.04
2001-07-13	42.32
2001-07-14	41.62
2001-07-15	40.92
2001-07-16	40.24
2001-07-17	39.57
2001-07-18	38.91
2001-07-19	38.26
2001-07-20	37.62
2001-07-21	37.00
2001-07-22	36.38
2001-07-23	35.77
2001-07-24	35.18
2001-07-25	34.59
2001-07-26	34.02
2001-07-27	33.45
2001-07-28	32.89
2001-07-29	32.34
2001-07-30	31.80
2001-07-31	31.27
2001-08-01	30.75
2001-08-02	30.24
2001-08-03	29.74
2001-08-04	29.24
2001-08-05	28.75
2001-08-06	28.27
2001-08-07	27.80
2001-08-08	27.34
2001-08-09	26.88
2001-08-10	26.44
2001-08-11	26.00
2001-08-12	25.56
2001-08-13	25.14
2001-08-14	24.72
2001-08-15	24.30
2001-08-16	23.90
2001-08-17	23.50
2001-08-18	23.11
2001-08-19	22.72
2001-08-20	22.35
2001-08-21	21.97
2001-08-22	21.61
2001-08-23	21.25
2001-08-24	20.89
2001-08-25	20.54
2001-08-26	20.20
2001-08-27	19.87
2001-08-28	19.53
2001-08-29	19.21
2001-08-30	18.89
2001-08-31	18.57
2001-09-01	18.26
2001-09-02	17.96
2001-09-03	17.66
2001-09-04	17.37
2001-09-05	17.08
2001-09-06	16.79
2001-09-07	16.51
2001-09-08	16.24
2001-09-09	15.97
2001-09-10	15.70
2001-09-11	15.44
2001-09-12	15.18
2001-09-13	14.93
2001-09-14	14.68
2001-09-15	14.44
2001-09-16	14.19
2001-09-17	13.96
2001-09-18	13.73
2001-09-19	13.50
2001-09-20	13.27
2001-09-21	13.05
2001-09-22	12.83
2001-09-23	12.62
2001-09-24	12.41
2001-09-25	12.20
2001-09-26	12.00
2001-09-27	11.80
2001-09-28	11.60
2001-09-29	11.41
2001-09-30	11.22
2001-10-01	11.03
2001-10-02	10.85
2001-10-03	10.67
2001-10-04	10.49
2001-10-05	10.31
2001-10-06	10.14
2001-10-07	9.97
2001-10-08	9.81
2001-10-09	9.64
2001-10-10	9.48
2001-10-11	9.32
2001-10-12	9.17
2001-10-13	9.02
2001-10-14	8.87
2001-10-15	8.72
2001-10-16	8.57
2001-10-17	8.43
2001-10-18	8.29
2001-10-19	8.15
2001-10-20	8.02
2001-10-21	7.88
2001-10-22	7.75
2001-10-23	7.62
2001-10-24	7.49
2001-10-25	7.37
2001-10-26	7.25
2001-10-27	7.13
2001-10-28	7.01
2001-10-29	6.89
2001-10-30	6.78
2001-10-31	6.66
2001-11-01	6.55
2001-11-02	6.44
2001-11-03	6.34
2001-11-04	6.23
2001-11-05	6.13
2001-11-06	6.02
2001-11-07	5.92
2001-11-08	5.82
2001-11-09	5.73
2001-11-10	5.63
2001-11-11	5.54
2001-11-12	5.45
2001-11-13	5.36
2001-11-14	5.27
2001-11-15	5.18
2001-11-16	5.09
2001-11-17	5.01
2001-11-18	4.92
2001-11-19	4.84
2001-11-20	4.76
2001-11-21	4.68
2001-11-22	4.60
2001-11-23	4.53
2001-11-24	4.45
2001-11-25	4.38
2001-11-26	4.30
2001-11-27	4.23
2001-11-28	4.16
2001-11-29	4.09
2001-11-30	4.02
2001-12-01	3.96
2001-12-02	3.89
2001-12-03	3.83
2001-12-04	3.76
2001-12-05	3.70
2001-12-06	3.64
2001-12-07	3.58
2001-12-08	3.52
2001-12-09	3.46
2001-12-10	3.40
2001-12-11	3.34
2001-12-12	3.29
2001-12-13	3.23
2001-12-14	3.18
2001-12-15	3.13
2001-12-16	3.08
2001-12-17	3.02
2001-12-18	2.97
2001-12-19	2.92
2001-12-20	2.88
2001-12-21	2.83
2001-12-22	2.78
2001-12-23	2.73
2001-12-24	2.69
2001-12-25	2.64
2001-12-26	2.60
2001-12-27	2.56
2001-12-28	2.51
2001-12-29	2.47
2001-12-30	2.43
2001-12-31	2.39
2002-01-01	4.57
2002-01-02	2.35
2002-01-03	2.31
2002-01-04	2.27
2002-01-05	2.23
2002-01-06	2.19
2002-01-07	2.16
2002-01-08	2.12
2002-01-09	2.09
2002-01-10	2.05
2002-01-11	2.02
2002-01-12	1.98
2002-01-13	1.95
2002-01-14	1.92
2002-01-15	1.89
2002-01-16	1.85
2002-01-17	1.82
2002-01-18	1.79
2002-01-19	1.76
2002-01-20	1.73
2002-01-21	1.71
2002-01-22	1.68
2002-01-23	2.50
2002-01-24	6.89
2002-01-25	21.50
2002-01-26	12.07
2002-01-27	5.47
2002-01-28	2.13
2002-01-29	2.10
2002-01-30	2.06
2002-01-31	2.03
2002-02-01	1.99
2002-02-02	1.96
2002-02-03	1.93
2002-02-04	1.90
2002-02-05	2.02
2002-02-06	34.00
2002-02-07	7.25
2002-02-08	2.68
2002-02-09	2.33
2002-02-10	2.49
2002-02-11	2.26
2002-02-12	2.22
2002-02-13	2.18
2002-02-14	2.15
2002-02-15	2.11
2002-02-16	2.07
2002-02-17	2.04
2002-02-18	2.01
2002-02-19	1.97
2002-02-20	1.94
2002-02-21	1.91
2002-02-22	1.88
2002-02-23	1.84
2002-02-24	1.81
2002-02-25	1.78
2002-02-26	2.42
2002-02-27	6.18
2002-02-28	124.98
2002-03-01	3.73
2002-03-02	3.67
2002-03-03	3.61
2002-03-04	3.86
2002-03-05	4.97
2002-03-06	7.55
2002-03-07	3.47
2002-03-08	3.41
2002-03-09	3.36
2002-03-10	3.30
2002-03-11	3.24
2002-03-12	3.19
2002-03-13	3.68
2002-03-14	7.43
2002-03-15	11.18
2002-03-16	8.12
2002-03-17	3.77
2002-03-18	4.35
2002-03-19	6.24
2002-03-20	3.18
2002-03-21	4.71
2002-03-22	5.99
2002-03-23	10.26
2002-03-24	11.01
2002-03-25	15.57
2002-03-26	27.15
2002-03-27	68.20
2002-03-28	48.26
2002-03-29	9.15
2002-03-30	10.19
2002-03-31	12.79
2002-04-01	22.23
2002-04-02	85.00
2002-04-03	6.65
2002-04-04	6.54
2002-04-05	6.56
2002-04-06	78.32
2002-04-07	54.43
2002-04-08	8.02
2002-04-09	49.56
2002-04-10	8.42
2002-04-11	8.28
2002-04-12	8.15
2002-04-13	8.01
2002-04-14	7.88
2002-04-15	8.30
2002-04-16	16.97
2002-04-17	40.31
2002-04-18	110.06
2002-04-19	121.35
2002-04-20	26.57
2002-04-21	14.30
2002-04-22	18.24
2002-04-23	24.62
2002-04-24	21.06
2002-04-25	20.13
2002-04-26	17.22
2002-04-27	15.38
2002-04-28	13.01
2002-04-29	14.54
2002-04-30	10.57
2002-05-01	11.60
2002-05-02	12.41
2002-05-03	12.57
2002-05-04	12.68
2002-05-05	33.63
2002-05-06	13.68
2002-05-07	9.96
2002-05-08	9.80
2002-05-09	28.60
2002-05-10	41.92
2002-05-11	152.57
2002-05-12	38.01
2002-05-13	121.52
2002-05-14	14.02
2002-05-15	13.79
2002-05-16	13.56
2002-05-17	13.33
2002-05-18	13.11
2002-05-19	12.89
2002-05-20	26.39
2002-05-21	24.89
2002-05-22	141.52
2002-05-23	46.69
2002-05-24	14.81
2002-05-25	14.57
2002-05-26	14.32
2002-05-27	14.08
2002-05-28	13.85
2002-05-29	13.62
2002-05-30	13.39
2002-05-31	13.17
2002-06-01	12.95
2002-06-02	37.59
2002-06-03	65.04
2002-06-04	195.52
2002-06-05	220.95
2002-06-06	216.39
2002-06-07	154.55
2002-06-08	286.89
2002-06-09	201.46
2002-06-10	102.65
2002-06-11	30.75
2002-06-12	30.24
2002-06-13	29.74
2002-06-14	29.24
2002-06-15	28.75
2002-06-16	28.27
2002-06-17	27.80
2002-06-18	27.34
2002-06-19	26.88
2002-06-20	26.44
2002-06-21	25.99
2002-06-22	25.56
2002-06-23	25.14
2002-06-24	24.72
2002-06-25	24.30
2002-06-26	23.90
2002-06-27	23.50
2002-06-28	23.11
2002-06-29	22.72
2002-06-30	22.35
2002-07-01	21.97
2002-07-02	21.61
2002-07-03	21.25
2002-07-04	20.89
2002-07-05	20.54
2002-07-06	20.20
2002-07-07	19.87
2002-07-08	19.53
2002-07-09	19.21
2002-07-10	18.89
2002-07-11	18.57
2002-07-12	18.26
2002-07-13	17.96
2002-07-14	17.66
2002-07-15	17.37
2002-07-16	17.08
2002-07-17	16.79
2002-07-18	16.51
2002-07-19	16.24
2002-07-20	15.97
2002-07-21	15.70
2002-07-22	15.44
2002-07-23	15.18
2002-07-24	14.93
2002-07-25	14.68
2002-07-26	14.43
2002-07-27	14.19
2002-07-28	13.96
2002-07-29	13.72
2002-07-30	13.50
2002-07-31	13.27
2002-08-01	13.05
2002-08-02	12.83
2002-08-03	12.62
2002-08-04	12.41
2002-08-05	12.20
2002-08-06	12.00
2002-08-07	11.80
2002-08-08	11.60
2002-08-09	11.41
2002-08-10	11.22
2002-08-11	11.03
2002-08-12	10.85
2002-08-13	10.67
2002-08-14	10.49
2002-08-15	10.31
2002-08-16	10.14
2002-08-17	9.97
2002-08-18	9.81
2002-08-19	9.64
2002-08-20	9.48
2002-08-21	9.32
2002-08-22	9.17
2002-08-23	9.02
2002-08-24	8.87
2002-08-25	8.72
2002-08-26	8.57
2002-08-27	8.43
2002-08-28	8.29
2002-08-29	8.15
2002-08-30	8.02
2002-08-31	7.88
2002-09-01	7.75
2002-09-02	7.62
2002-09-03	7.49
2002-09-04	7.37
2002-09-05	7.25
2002-09-06	7.13
2002-09-07	7.01
2002-09-08	6.89
2002-09-09	6.78
2002-09-10	6.66
2002-09-11	6.55
2002-09-12	6.44
2002-09-13	6.34
2002-09-14	6.23
2002-09-15	6.13
2002-09-16	6.02
2002-09-17	5.92
2002-09-18	5.82
2002-09-19	5.73
2002-09-20	5.63
2002-09-21	5.54
2002-09-22	5.45
2002-09-23	5.35
2002-09-24	5.27
2002-09-25	5.18
2002-09-26	5.09
2002-09-27	5.01
2002-09-28	4.92
2002-09-29	4.84
2002-09-30	4.76
2002-10-01	4.68
2002-10-02	4.60
2002-10-03	4.53
2002-10-04	4.45
2002-10-05	4.38
2002-10-06	4.30
2002-10-07	4.23
2002-10-08	4.16
2002-10-09	4.09
2002-10-10	4.02
2002-10-11	3.96
2002-10-12	3.89
2002-10-13	3.83
2002-10-14	3.76
2002-10-15	3.70
2002-10-16	3.64
2002-10-17	3.58
2002-10-18	3.52
2002-10-19	3.46
2002-10-20	3.40
2002-10-21	3.34
2002-10-22	3.29
2002-10-23	3.23
2002-10-24	3.18
2002-10-25	3.13
2002-10-26	3.08
2002-10-27	3.02
2002-10-28	2.97
2002-10-29	2.92
2002-10-30	2.88
2002-10-31	2.83
2002-11-01	2.78
2002-11-02	2.73
2002-11-03	2.69
2002-11-04	2.64
2002-11-05	2.60
2002-11-06	2.56
2002-11-07	2.51
2002-11-08	2.47
2002-11-09	2.43
2002-11-10	2.39
2002-11-11	2.35
2002-11-12	2.31
2002-11-13	2.27
2002-11-14	2.23
2002-11-15	2.20
2002-11-16	2.16
2002-11-17	2.12
2002-11-18	2.09
2002-11-19	2.05
2002-11-20	2.02
2002-11-21	1.99
2002-11-22	1.95
2002-11-23	1.92
2002-11-24	2.11
2002-11-25	2.23
2002-11-26	1.84
2002-11-27	1.81
2002-11-28	1.78
2002-11-29	1.75
2002-11-30	1.72
2002-12-01	1.69
2002-12-02	1.66
2002-12-03	1.63
2002-12-04	1.60
2002-12-05	4.98
2002-12-06	3.41
2002-12-07	1.61
2002-12-08	1.58
2002-12-09	1.56
2002-12-10	1.53
2002-12-11	1.50
2002-12-12	3.66
2002-12-13	1.49
2002-12-14	2.57
2002-12-15	3.86
2002-12-16	1.47
2002-12-17	1.45
2002-12-18	1.42
2002-12-19	1.40
2002-12-20	1.38
2002-12-21	1.35
2002-12-22	1.33
2002-12-23	1.31
2002-12-24	1.29
2002-12-25	1.27
2002-12-26	1.24
2002-12-27	1.22
2002-12-28	1.20
2002-12-29	1.18
2002-12-30	1.16
2002-12-31	1.14
2003-01-01	1.13
2003-01-02	7.05
2003-01-03	30.81
2003-01-04	1.64
2003-01-05	1.61
2003-01-06	1.59
2003-01-07	1.56
2003-01-08	1.54
2003-01-09	1.51
2003-01-10	1.48
2003-01-11	1.46
2003-01-12	1.44
2003-01-13	4.23
2003-01-14	5.60
2003-01-15	25.88
2003-01-16	1.85
2003-01-17	1.81
2003-01-18	1.78
2003-01-19	21.00
2003-01-20	3.66
2003-01-21	2.03
2003-01-22	1.99
2003-01-23	1.96
2003-01-24	1.93
2003-01-25	1.90
2003-01-26	1.86
2003-01-27	1.83
2003-01-28	1.80
2003-01-29	1.77
2003-01-30	1.74
2003-01-31	1.71
2003-02-01	1.69
2003-02-02	2.95
2003-02-03	40.64
2003-02-04	28.03
2003-02-05	2.63
2003-02-06	2.59
2003-02-07	2.54
2003-02-08	2.50
2003-02-09	2.46
2003-02-10	2.42
2003-02-11	43.71
2003-02-12	3.00
2003-02-13	2.95
2003-02-14	22.84
2003-02-15	3.18
2003-02-16	3.12
2003-02-17	26.86
2003-02-18	3.41
2003-02-19	3.35
2003-02-20	3.29
2003-02-21	3.24
2003-02-22	132.34
2003-02-23	38.32
2003-02-24	5.66
2003-02-25	5.57
2003-02-26	58.24
2003-02-27	119.59
2003-02-28	7.96
2003-03-01	7.82
2003-03-02	7.69
2003-03-03	7.56
2003-03-04	7.44
2003-03-05	8.51
2003-03-06	177.93
2003-03-07	30.05
2003-03-08	10.00
2003-03-09	12.31
2003-03-10	186.14
2003-03-11	62.18
2003-03-12	12.99
2003-03-13	12.78
2003-03-14	12.56
2003-03-15	12.35
2003-03-16	12.15
2003-03-17	55.00
2003-03-18	23.90
2003-03-19	21.83
2003-03-20	19.21
2003-03-21	18.17
2003-03-22	17.12
2003-03-23	13.74
2003-03-24	42.67
2003-03-25	12.16
2003-03-26	20.31
2003-03-27	11.89
2003-03-28	11.70
2003-03-29	11.51
2003-03-30	20.27
2003-03-31	28.64
2003-04-01	25.99
2003-04-02	36.98
2003-04-03	34.71
2003-04-04	40.19
2003-04-05	39.54
2003-04-06	33.10
2003-04-07	35.93
2003-04-08	45.31
2003-04-09	66.58
2003-04-10	13.57
2003-04-11	39.98
2003-04-12	57.83
2003-04-13	72.78
2003-04-14	59.55
2003-04-15	36.31
2003-04-16	49.06
2003-04-17	89.29
2003-04-18	23.85
2003-04-19	16.38
2003-04-20	16.24
2003-04-21	17.50
2003-04-22	35.51
2003-04-23	42.63
2003-04-24	55.86
2003-04-25	73.87
2003-04-26	82.91
2003-04-27	64.56
2003-04-28	66.82
2003-04-29	63.52
2003-04-30	46.80
2003-05-01	36.26
2003-05-02	41.02
2003-05-03	34.12
2003-05-04	25.84
2003-05-05	26.58
2003-05-06	18.66
2003-05-07	18.35
2003-05-08	20.54
2003-05-09	26.05
2003-05-10	34.00
2003-05-11	27.60
2003-05-12	28.60
2003-05-13	28.37
2003-05-14	31.14
2003-05-15	147.18
2003-05-16	18.98
2003-05-17	18.67
2003-05-18	28.11
2003-05-19	26.34
2003-05-20	53.80
2003-05-21	33.82
2003-05-22	21.03
2003-05-23	19.61
2003-05-24	19.72
2003-05-25	19.66
2003-05-26	20.24
2003-05-27	17.62
2003-05-28	16.69
2003-05-29	16.42
2003-05-30	16.14
2003-05-31	15.87
2003-06-01	15.61
2003-06-02	15.35
2003-06-03	15.09
2003-06-04	14.84
2003-06-05	14.59
2003-06-06	14.35
2003-06-07	14.11
2003-06-08	13.88
2003-06-09	13.65
2003-06-10	13.42
2003-06-11	13.19
2003-06-12	12.97
2003-06-13	12.76
2003-06-14	12.55
2003-06-15	12.34
2003-06-16	12.13
2003-06-17	11.93
2003-06-18	11.73
2003-06-19	11.53
2003-06-20	11.34
2003-06-21	11.15
2003-06-22	10.97
2003-06-23	10.78
2003-06-24	10.60
2003-06-25	10.43
2003-06-26	10.25
2003-06-27	10.08
2003-06-28	9.92
2003-06-29	9.75
2003-06-30	9.59
2003-07-01	9.43
2003-07-02	9.27
2003-07-03	9.12
2003-07-04	8.96
2003-07-05	8.81
2003-07-06	8.67
2003-07-07	8.52
2003-07-08	8.38
2003-07-09	8.24
2003-07-10	8.10
2003-07-11	7.97
2003-07-12	7.84
2003-07-13	7.71
2003-07-14	7.58
2003-07-15	7.45
2003-07-16	7.33
2003-07-17	7.20
2003-07-18	7.08
2003-07-19	6.97
2003-07-20	6.85
2003-07-21	6.74
2003-07-22	6.62
2003-07-23	6.51
2003-07-24	6.41
2003-07-25	6.30
2003-07-26	6.19
2003-07-27	6.09
2003-07-28	5.99
2003-07-29	5.89
2003-07-30	5.79
2003-07-31	5.69
2003-08-01	5.60
2003-08-02	5.51
2003-08-03	5.41
2003-08-04	5.32
2003-08-05	5.24
2003-08-06	5.15
2003-08-07	5.06
2003-08-08	4.98
2003-08-09	4.89
2003-08-10	4.81
2003-08-11	4.73
2003-08-12	4.65
2003-08-13	4.58
2003-08-14	4.50
2003-08-15	4.43
2003-08-16	4.35
2003-08-17	4.28
2003-08-18	4.21
2003-08-19	4.14
2003-08-20	4.07
2003-08-21	4.00
2003-08-22	3.93
2003-08-23	3.87
2003-08-24	3.80
2003-08-25	3.74
2003-08-26	3.68
2003-08-27	3.62
2003-08-28	3.56
2003-08-29	3.50
2003-08-30	3.44
2003-08-31	3.38
2003-09-01	3.33
2003-09-02	3.27
2003-09-03	3.22
2003-09-04	3.16
2003-09-05	3.11
2003-09-06	3.06
2003-09-07	3.01
2003-09-08	2.96
2003-09-09	2.91
2003-09-10	2.86
2003-09-11	2.81
2003-09-12	2.76
2003-09-13	2.72
2003-09-14	2.67
2003-09-15	2.63
2003-09-16	2.58
2003-09-17	2.54
2003-09-18	2.50
2003-09-19	2.46
2003-09-20	2.42
2003-09-21	2.38
2003-09-22	2.34
2003-09-23	2.30
2003-09-24	2.26
2003-09-25	2.22
2003-09-26	2.18
2003-09-27	2.15
2003-09-28	2.11
2003-09-29	2.08
2003-09-30	2.04
2003-10-01	2.01
2003-10-02	1.98
2003-10-03	1.94
2003-10-04	1.91
2003-10-05	1.88
2003-10-06	1.85
2003-10-07	1.82
2003-10-08	1.79
2003-10-09	1.76
2003-10-10	1.73
2003-10-11	1.70
2003-10-12	1.67
2003-10-13	1.64
2003-10-14	1.61
2003-10-15	1.59
2003-10-16	1.56
2003-10-17	1.53
2003-10-18	1.51
2003-10-19	1.48
2003-10-20	1.46
2003-10-21	1.44
2003-10-22	1.41
2003-10-23	1.39
2003-10-24	1.36
2003-10-25	1.34
2003-10-26	1.32
2003-10-27	1.30
2003-10-28	1.28
2003-10-29	1.25
2003-10-30	1.23
2003-10-31	1.21
2003-11-01	1.19
2003-11-02	1.17
2003-11-03	1.15
2003-11-04	1.13
2003-11-05	1.12
2003-11-06	1.10
2003-11-07	1.08
2003-11-08	1.06
2003-11-09	1.04
2003-11-10	1.03
2003-11-11	1.01
2003-11-12	0.99
2003-11-13	0.98
2003-11-14	0.96
2003-11-15	0.94
2003-11-16	0.93
2003-11-17	0.91
2003-11-18	0.90
2003-11-19	0.88
2003-11-20	0.87
2003-11-21	0.85
2003-11-22	0.84
2003-11-23	0.82
2003-11-24	0.81
2003-11-25	0.80
2003-11-26	0.78
2003-11-27	0.77
2003-11-28	0.76
2003-11-29	0.75
2003-11-30	0.73
2003-12-01	1.97
2003-12-02	0.73
2003-12-03	0.72
2003-12-04	0.79
2003-12-05	0.99
2003-12-06	0.69
2003-12-07	0.68
2003-12-08	0.66
2003-12-09	0.65
2003-12-10	3.09
2003-12-11	3.60
2003-12-12	11.44
2003-12-13	20.08
2003-12-14	1.16
2003-12-15	1.14
2003-12-16	1.13
2003-12-17	9.22
2003-12-18	5.01
2003-12-19	1.26
2003-12-20	1.24
2003-12-21	1.22
2003-12-22	1.20
2003-12-23	1.18
2003-12-24	1.16
2003-12-25	1.14
2003-12-26	1.12
2003-12-27	1.10
2003-12-28	1.08
2003-12-29	1.06
2003-12-30	1.05
2003-12-31	1.03
2004-01-01	1.01
2004-01-02	1.00
2004-01-03	0.98
2004-01-04	12.36
2004-01-05	1.13
2004-01-06	1.11
2004-01-07	1.09
2004-01-08	1.07
2004-01-09	2.09
2004-01-10	1.06
2004-01-11	1.04
2004-01-12	1.02
2004-01-13	1.00
2004-01-14	0.99
2004-01-15	0.97
2004-01-16	0.95
2004-01-17	0.94
2004-01-18	0.92
2004-01-19	0.91
2004-01-20	0.89
2004-01-21	0.88
2004-01-22	0.86
2004-01-23	0.85
2004-01-24	0.83
2004-01-25	0.82
2004-01-26	8.13
2004-01-27	6.72
2004-01-28	34.41
2004-01-29	1.51
2004-01-30	1.49
2004-01-31	1.46
2004-02-01	1.44
2004-02-02	1.41
2004-02-03	1.39
2004-02-04	2.63
2004-02-05	1.36
2004-02-06	1.34
2004-02-07	1.32
2004-02-08	1.30
2004-02-09	1.28
2004-02-10	8.72
2004-02-11	1.35
2004-02-12	1.33
2004-02-13	1.31
2004-02-14	1.29
2004-02-15	1.27
2004-02-16	2.89
2004-02-17	1.25
2004-02-18	1.23
2004-02-19	6.43
2004-02-20	20.99
2004-02-21	10.83
2004-02-22	9.01
2004-02-23	83.49
2004-02-24	205.83
2004-02-25	12.83
2004-02-26	62.04
2004-02-27	7.08
2004-02-28	6.96
2004-02-29	6.85
2004-03-01	8.52
2004-03-02	296.53
2004-03-03	11.21
2004-03-04	11.03
2004-03-05	10.84
2004-03-06	10.66
2004-03-07	17.94
2004-03-08	19.87
2004-03-09	54.94
2004-03-10	12.12
2004-03-11	10.79
2004-03-12	17.07
2004-03-13	11.68
2004-03-14	10.38
2004-03-15	10.21
2004-03-16	10.04
2004-03-17	9.87
2004-03-18	9.70
2004-03-19	83.74
2004-03-20	10.58
2004-03-21	10.40
2004-03-22	10.23
2004-03-23	10.15
2004-03-24	13.03
2004-03-25	20.50
2004-03-26	23.40
2004-03-27	22.22
2004-03-28	29.74
2004-03-29	23.87
2004-03-30	18.93
2004-03-31	15.95
2004-04-01	25.73
2004-04-02	39.80
2004-04-03	10.39
2004-04-04	12.53
2004-04-05	11.76
2004-04-06	12.94
2004-04-07	13.85
2004-04-08	16.68
2004-04-09	104.37
2004-04-10	50.39
2004-04-11	14.31
2004-04-12	27.49
2004-04-13	30.53
2004-04-14	41.03
2004-04-15	11.82
2004-04-16	11.62
2004-04-17	20.01
2004-04-18	25.60
2004-04-19	23.01
2004-04-20	32.81
2004-04-21	61.62
2004-04-22	103.42
2004-04-23	69.27
2004-04-24	40.81
2004-04-25	92.65
2004-04-26	166.67
2004-04-27	45.71
2004-04-28	150.31
2004-04-29	48.34
2004-04-30	82.42
2004-05-01	23.68
2004-05-02	65.21
2004-05-03	39.53
2004-05-04	50.91
2004-05-05	58.35
2004-05-06	64.41
2004-05-07	50.73
2004-05-08	63.11
2004-05-09	58.07
2004-05-10	64.59
2004-05-11	63.28
2004-05-12	50.54
2004-05-13	87.05
2004-05-14	30.99
2004-05-15	60.25
2004-05-16	36.78
2004-05-17	47.47
2004-05-18	60.46
2004-05-19	62.55
2004-05-20	56.43
2004-05-21	39.38
2004-05-22	76.86
2004-05-23	35.74
2004-05-24	32.19
2004-05-25	26.84
2004-05-26	25.65
2004-05-27	26.82
2004-05-28	22.64
2004-05-29	22.12
2004-05-30	21.75
2004-05-31	21.39
2004-06-01	21.03
2004-06-02	20.68
2004-06-03	20.34
2004-06-04	20.00
2004-06-05	19.66
2004-06-06	19.34
2004-06-07	19.01
2004-06-08	18.70
2004-06-09	18.39
2004-06-10	18.08
2004-06-11	17.78
2004-06-12	17.48
2004-06-13	17.19
2004-06-14	16.90
2004-06-15	16.62
2004-06-16	16.35
2004-06-17	16.07
2004-06-18	15.80
2004-06-19	15.54
2004-06-20	15.28
2004-06-21	15.03
2004-06-22	14.78
2004-06-23	14.53
2004-06-24	14.29
2004-06-25	14.05
2004-06-26	13.82
2004-06-27	13.59
2004-06-28	13.36
2004-06-29	13.14
2004-06-30	12.92
2004-07-01	12.70
2004-07-02	12.49
2004-07-03	12.28
2004-07-04	12.08
2004-07-05	11.88
2004-07-06	11.68
2004-07-07	11.48
2004-07-08	11.29
2004-07-09	11.10
2004-07-10	10.92
2004-07-11	10.74
2004-07-12	10.56
2004-07-13	10.38
2004-07-14	10.21
2004-07-15	10.04
2004-07-16	9.87
2004-07-17	9.71
2004-07-18	9.55
2004-07-19	9.39
2004-07-20	9.23
2004-07-21	9.08
2004-07-22	8.93
2004-07-23	8.78
2004-07-24	8.63
2004-07-25	8.49
2004-07-26	8.34
2004-07-27	8.21
2004-07-28	8.07
2004-07-29	7.93
2004-07-30	7.80
2004-07-31	7.67
2004-08-01	7.54
2004-08-02	7.42
2004-08-03	7.29
2004-08-04	7.17
2004-08-05	7.05
2004-08-06	6.94
2004-08-07	6.82
2004-08-08	6.71
2004-08-09	6.60
2004-08-10	6.49
2004-08-11	6.38
2004-08-12	6.27
2004-08-13	6.17
2004-08-14	6.06
2004-08-15	5.96
2004-08-16	5.86
2004-08-17	5.77
2004-08-18	5.67
2004-08-19	5.57
2004-08-20	5.48
2004-08-21	5.39
2004-08-22	5.30
2004-08-23	5.21
2004-08-24	5.13
2004-08-25	5.04
2004-08-26	4.96
2004-08-27	4.87
2004-08-28	4.79
2004-08-29	4.71
2004-08-30	4.63
2004-08-31	4.56
2004-09-01	4.48
2004-09-02	4.41
2004-09-03	4.33
2004-09-04	4.26
2004-09-05	4.19
2004-09-06	4.12
2004-09-07	4.05
2004-09-08	3.98
2004-09-09	3.92
2004-09-10	3.85
2004-09-11	3.79
2004-09-12	3.72
2004-09-13	3.66
2004-09-14	3.60
2004-09-15	3.54
2004-09-16	3.48
2004-09-17	3.42
2004-09-18	3.37
2004-09-19	3.31
2004-09-20	3.26
2004-09-21	3.20
2004-09-22	3.15
2004-09-23	3.10
2004-09-24	3.04
2004-09-25	2.99
2004-09-26	2.94
2004-09-27	2.89
2004-09-28	2.85
2004-09-29	2.80
2004-09-30	2.75
2004-10-01	2.71
2004-10-02	2.66
2004-10-03	2.62
2004-10-04	2.57
2004-10-05	2.53
2004-10-06	2.49
2004-10-07	2.45
2004-10-08	2.41
2004-10-09	2.37
2004-10-10	2.33
2004-10-11	2.29
2004-10-12	2.25
2004-10-13	2.21
2004-10-14	2.18
2004-10-15	2.14
2004-10-16	2.10
2004-10-17	2.07
2004-10-18	2.03
2004-10-19	2.00
2004-10-20	1.97
2004-10-21	1.93
2004-10-22	1.90
2004-10-23	1.87
2004-10-24	1.84
2004-10-25	1.81
2004-10-26	1.78
2004-10-27	1.75
2004-10-28	1.72
2004-10-29	1.69
2004-10-30	1.66
2004-10-31	1.63
2004-11-01	1.61
2004-11-02	1.58
2004-11-03	1.55
2004-11-04	1.53
2004-11-05	1.50
2004-11-06	1.48
2004-11-07	1.45
2004-11-08	1.43
2004-11-09	1.41
2004-11-10	1.38
2004-11-11	1.36
2004-11-12	1.34
2004-11-13	1.31
2004-11-14	1.29
2004-11-15	1.27
2004-11-16	1.25
2004-11-17	1.23
2004-11-18	1.21
2004-11-19	1.19
2004-11-20	1.17
2004-11-21	1.15
2004-11-22	1.13
2004-11-23	1.11
2004-11-24	1.09
2004-11-25	1.07
2004-11-26	1.06
2004-11-27	1.04
2004-11-28	1.49
2004-11-29	1.01
2004-11-30	0.99
2004-12-01	0.98
2004-12-02	0.96
2004-12-03	0.95
2004-12-04	0.93
2004-12-05	0.91
2004-12-06	0.90
2004-12-07	0.88
2004-12-08	0.87
2004-12-09	0.86
2004-12-10	0.84
2004-12-11	0.83
2004-12-12	0.81
2004-12-13	0.80
2004-12-14	0.79
2004-12-15	0.77
2004-12-16	0.76
2004-12-17	0.75
2004-12-18	0.73
2004-12-19	0.72
2004-12-20	0.71
2004-12-21	0.70
2004-12-22	0.69
2004-12-23	0.68
2004-12-24	0.66
2004-12-25	0.65
2004-12-26	0.64
2004-12-27	0.63
2004-12-28	0.62
2004-12-29	0.61
2004-12-30	0.60
2004-12-31	0.59
2005-01-01	0.58
2005-01-02	0.57
2005-01-03	0.56
2005-01-04	0.55
2005-01-05	0.54
2005-01-06	0.53
2005-01-07	0.53
2005-01-08	0.52
2005-01-09	0.51
2005-01-10	0.50
2005-01-11	0.49
2005-01-12	0.48
2005-01-13	0.47
2005-01-14	2.35
2005-01-15	1.02
2005-01-16	0.49
2005-01-17	0.48
2005-01-18	0.47
2005-01-19	1.32
2005-01-20	0.74
2005-01-21	0.47
2005-01-22	0.46
2005-01-23	0.45
2005-01-24	0.45
2005-01-25	4.11
2005-01-26	5.99
2005-01-27	0.57
2005-01-28	0.56
2005-01-29	0.94
2005-01-30	14.30
2005-01-31	44.18
2005-02-01	26.12
2005-02-02	1.82
2005-02-03	1.79
2005-02-04	1.76
2005-02-05	1.81
2005-02-06	1.70
2005-02-07	1.69
2005-02-08	5.74
2005-02-09	2.13
2005-02-10	5.87
2005-02-11	13.17
2005-02-12	2.86
2005-02-13	5.45
2005-02-14	3.97
2005-02-15	1.88
2005-02-16	1.85
2005-02-17	1.82
2005-02-18	1.78
2005-02-19	1.76
2005-02-20	1.73
2005-02-21	1.70
2005-02-22	1.67
2005-02-23	1.64
2005-02-24	8.86
2005-02-25	1.70
2005-02-26	1.68
2005-02-27	1.65
2005-02-28	2.75
2005-03-01	1.61
2005-03-02	1.58
2005-03-03	1.56
2005-03-04	2.32
2005-03-05	1.52
2005-03-06	1.49
2005-03-07	1.47
2005-03-08	1.44
2005-03-09	1.42
2005-03-10	1.40
2005-03-11	1.37
2005-03-12	1.35
2005-03-13	1.33
2005-03-14	1.31
2005-03-15	1.28
2005-03-16	1.26
2005-03-17	1.24
2005-03-18	13.55
2005-03-19	21.62
2005-03-20	2.90
2005-03-21	6.94
2005-03-22	9.77
2005-03-23	7.26
2005-03-24	3.49
2005-03-25	3.75
2005-03-26	25.55
2005-03-27	40.23
2005-03-28	3.65
2005-03-29	6.10
2005-03-30	9.58
2005-03-31	3.82
2005-04-01	7.89
2005-04-02	10.28
2005-04-03	5.05
2005-04-04	7.76
2005-04-05	9.27
2005-04-06	85.65
2005-04-07	45.27
2005-04-08	4.87
2005-04-09	8.87
2005-04-10	13.73
2005-04-11	13.48
2005-04-12	10.68
2005-04-13	8.56
2005-04-14	7.87
2005-04-15	9.80
2005-04-16	5.71
2005-04-17	6.32
2005-04-18	12.07
2005-04-19	22.17
2005-04-20	17.31
2005-04-21	14.82
2005-04-22	63.96
2005-04-23	50.08
2005-04-24	39.45
2005-04-25	141.82
2005-04-26	36.29
2005-04-27	9.39
2005-04-28	22.76
2005-04-29	74.87
2005-04-30	55.31
2005-05-01	41.40
2005-05-02	30.93
2005-05-03	66.26
2005-05-04	89.28
2005-05-05	12.96
2005-05-06	13.24
2005-05-07	14.19
2005-05-08	14.75
2005-05-09	14.94
2005-05-10	15.85
2005-05-11	14.93
2005-05-12	14.94
2005-05-13	14.32
2005-05-14	13.60
2005-05-15	12.65
2005-05-16	11.13
2005-05-17	10.94
2005-05-18	10.76
2005-05-19	10.58
2005-05-20	11.24
2005-05-21	12.25
2005-05-22	10.93
2005-05-23	10.86
2005-05-24	11.03
2005-05-25	11.91
2005-05-26	10.75
2005-05-27	9.39
2005-05-28	9.23
2005-05-29	9.08
2005-05-30	8.93
2005-05-31	8.78
2005-06-01	8.63
2005-06-02	8.49
2005-06-03	8.35
2005-06-04	8.21
2005-06-05	8.07
2005-06-06	7.94
2005-06-07	7.81
2005-06-08	7.68
2005-06-09	7.55
2005-06-10	7.42
2005-06-11	7.30
2005-06-12	7.18
2005-06-13	7.06
2005-06-14	6.94
2005-06-15	6.82
2005-06-16	6.71
2005-06-17	6.60
2005-06-18	6.49
2005-06-19	6.38
2005-06-20	6.27
2005-06-21	6.17
2005-06-22	6.07
2005-06-23	5.97
2005-06-24	5.87
2005-06-25	5.77
2005-06-26	5.67
2005-06-27	5.58
2005-06-28	5.48
2005-06-29	5.39
2005-06-30	5.30
2005-07-01	5.21
2005-07-02	5.13
2005-07-03	5.04
2005-07-04	4.96
2005-07-05	4.88
2005-07-06	4.79
2005-07-07	4.71
2005-07-08	4.64
2005-07-09	4.56
2005-07-10	4.48
2005-07-11	4.41
2005-07-12	4.33
2005-07-13	4.26
2005-07-14	4.19
2005-07-15	4.12
2005-07-16	4.05
2005-07-17	3.99
2005-07-18	3.92
2005-07-19	3.85
2005-07-20	3.79
2005-07-21	3.73
2005-07-22	3.66
2005-07-23	3.60
2005-07-24	3.54
2005-07-25	3.48
2005-07-26	3.43
2005-07-27	3.37
2005-07-28	3.31
2005-07-29	3.26
2005-07-30	3.20
2005-07-31	3.15
2005-08-01	3.10
2005-08-02	3.05
2005-08-03	2.99
2005-08-04	2.94
2005-08-05	2.90
2005-08-06	2.85
2005-08-07	2.80
2005-08-08	2.75
2005-08-09	2.71
2005-08-10	2.66
2005-08-11	2.62
2005-08-12	2.57
2005-08-13	2.53
2005-08-14	2.49
2005-08-15	2.45
2005-08-16	2.41
2005-08-17	2.37
2005-08-18	2.33
2005-08-19	2.29
2005-08-20	2.25
2005-08-21	2.21
2005-08-22	2.18
2005-08-23	2.14
2005-08-24	2.10
2005-08-25	2.07
2005-08-26	2.03
2005-08-27	2.00
2005-08-28	1.97
2005-08-29	1.93
2005-08-30	1.90
2005-08-31	1.87
2005-09-01	1.84
2005-09-02	1.81
2005-09-03	1.78
2005-09-04	1.75
2005-09-05	1.72
2005-09-06	1.69
2005-09-07	1.66
2005-09-08	1.64
2005-09-09	1.61
2005-09-10	1.58
2005-09-11	1.55
2005-09-12	1.53
2005-09-13	1.50
2005-09-14	1.48
2005-09-15	1.45
2005-09-16	1.43
2005-09-17	1.41
2005-09-18	1.38
2005-09-19	1.36
2005-09-20	1.34
2005-09-21	1.31
2005-09-22	1.29
2005-09-23	1.27
2005-09-24	1.25
2005-09-25	1.23
2005-09-26	1.21
2005-09-27	1.19
2005-09-28	1.17
2005-09-29	1.15
2005-09-30	1.13
2005-10-01	1.11
2005-10-02	1.09
2005-10-03	1.07
2005-10-04	1.06
2005-10-05	1.04
2005-10-06	1.02
2005-10-07	1.00
2005-10-08	0.99
2005-10-09	0.97
2005-10-10	0.95
2005-10-11	0.94
2005-10-12	0.92
2005-10-13	0.91
2005-10-14	0.89
2005-10-15	0.88
2005-10-16	0.86
2005-10-17	0.85
2005-10-18	0.83
2005-10-19	0.82
2005-10-20	0.81
2005-10-21	0.79
2005-10-22	0.78
2005-10-23	0.77
2005-10-24	0.75
2005-10-25	0.74
2005-10-26	0.73
2005-10-27	0.72
2005-10-28	0.71
2005-10-29	0.69
2005-10-30	0.68
2005-10-31	0.67
2005-11-01	0.66
2005-11-02	0.65
2005-11-03	0.64
2005-11-04	0.63
2005-11-05	0.62
2005-11-06	0.61
2005-11-07	0.60
2005-11-08	0.59
2005-11-09	0.58
2005-11-10	0.57
2005-11-11	0.56
2005-11-12	0.55
2005-11-13	0.54
2005-11-14	0.53
2005-11-15	0.52
2005-11-16	0.51
2005-11-17	0.50
2005-11-18	0.50
2005-11-19	0.49
2005-11-20	0.48
2005-11-21	0.47
2005-11-22	0.46
2005-11-23	0.46
2005-11-24	0.45
2005-11-25	0.44
2005-11-26	0.43
2005-11-27	0.43
2005-11-28	0.42
2005-11-29	0.41
2005-11-30	0.41
2005-12-01	0.40
2005-12-02	0.39
2005-12-03	7.58
2005-12-04	13.96
2005-12-05	0.70
2005-12-06	0.69
2005-12-07	0.68
2005-12-08	0.67
2005-12-09	0.66
2005-12-10	0.65
2005-12-11	0.64
2005-12-12	0.63
2005-12-13	0.62
2005-12-14	0.60
2005-12-15	0.59
2005-12-16	0.58
2005-12-17	0.58
2005-12-18	0.57
2005-12-19	0.56
2005-12-20	0.55
2005-12-21	0.54
2005-12-22	0.53
2005-12-23	2.23
2005-12-24	0.54
2005-12-25	0.71
2005-12-26	3.11
2005-12-27	1.83
2005-12-28	0.57
2005-12-29	0.56
2005-12-30	0.55
2005-12-31	0.54
2006-01-01	0.69
2006-01-02	0.52
2006-01-03	0.52
2006-01-04	2.11
2006-01-05	29.46
2006-01-06	0.98
2006-01-07	0.97
2006-01-08	0.95
2006-01-09	0.93
2006-01-10	0.92
2006-01-11	0.90
2006-01-12	0.89
2006-01-13	0.87
2006-01-14	0.86
2006-01-15	0.84
2006-01-16	0.83
2006-01-17	0.82
2006-01-18	0.80
2006-01-19	0.79
2006-01-20	0.78
2006-01-21	0.76
2006-01-22	0.75
2006-01-23	0.74
2006-01-24	1.42
2006-01-25	52.66
2006-01-26	18.46
2006-01-27	1.80
2006-01-28	1.77
2006-01-29	1.74
2006-01-30	1.71
2006-01-31	1.68
2006-02-01	1.65
2006-02-02	1.62
2006-02-03	1.60
2006-02-04	1.57
2006-02-05	1.54
2006-02-06	1.52
2006-02-07	1.49
2006-02-08	1.47
2006-02-09	1.44
2006-02-10	1.42
2006-02-11	1.40
2006-02-12	1.37
2006-02-13	1.37
2006-02-14	1.93
2006-02-15	4.84
2006-02-16	1.35
2006-02-17	1.33
2006-02-18	1.55
2006-02-19	1.90
2006-02-20	1.28
2006-02-21	1.26
2006-02-22	12.08
2006-02-23	1.39
2006-02-24	3.84
2006-02-25	1.38
2006-02-26	1.36
2006-02-27	41.36
2006-02-28	1.96
2006-03-01	1.93
2006-03-02	2.63
2006-03-03	1.88
2006-03-04	2.96
2006-03-05	15.01
2006-03-06	17.88
2006-03-07	30.69
2006-03-08	2.66
2006-03-09	32.27
2006-03-10	3.05
2006-03-11	3.00
2006-03-12	8.86
2006-03-13	10.30
2006-03-14	38.00
2006-03-15	4.02
2006-03-16	4.61
2006-03-17	21.86
2006-03-18	3.72
2006-03-19	4.99
2006-03-20	10.42
2006-03-21	14.51
2006-03-22	35.30
2006-03-23	57.07
2006-03-24	13.06
2006-03-25	12.82
2006-03-26	74.43
2006-03-27	6.13
2006-03-28	6.02
2006-03-29	15.69
2006-03-30	26.25
2006-03-31	6.21
2006-04-01	6.11
2006-04-02	6.00
2006-04-03	6.76
2006-04-04	23.06
2006-04-05	30.34
2006-04-06	75.07
2006-04-07	7.30
2006-04-08	7.18
2006-04-09	16.52
2006-04-10	35.03
2006-04-11	38.56
2006-04-12	71.15
2006-04-13	95.52
2006-04-14	67.41
2006-04-15	21.80
2006-04-16	149.03
2006-04-17	12.76
2006-04-18	12.55
2006-04-19	12.34
2006-04-20	17.20
2006-04-21	24.60
2006-04-22	31.47
2006-04-23	17.51
2006-04-24	12.01
2006-04-25	12.00
2006-04-26	15.99
2006-04-27	19.10
2006-04-28	19.71
2006-04-29	19.76
2006-04-30	15.55
2006-05-01	11.68
2006-05-02	12.03
2006-05-03	12.80
2006-05-04	12.70
2006-05-05	12.90
2006-05-06	12.80
2006-05-07	13.06
2006-05-08	10.22
2006-05-09	9.99
2006-05-10	9.82
2006-05-11	9.66
2006-05-12	9.49
2006-05-13	9.34
2006-05-14	9.18
2006-05-15	9.03
2006-05-16	12.86
2006-05-17	10.18
2006-05-18	8.67
2006-05-19	12.00
2006-05-20	8.44
2006-05-21	8.30
2006-05-22	8.16
2006-05-23	8.02
2006-05-24	7.89
2006-05-25	17.41
2006-05-26	7.78
2006-05-27	7.65
2006-05-28	7.53
2006-05-29	7.61
2006-05-30	20.66
2006-05-31	47.40
2006-06-01	68.82
2006-06-02	8.75
2006-06-03	8.60
2006-06-04	8.46
2006-06-05	8.33
2006-06-06	8.18
2006-06-07	8.04
2006-06-08	7.91
2006-06-09	7.78
2006-06-10	7.65
2006-06-11	7.52
2006-06-12	7.40
2006-06-13	7.27
2006-06-14	7.15
2006-06-15	7.03
2006-06-16	6.91
2006-06-17	6.80
2006-06-18	6.69
2006-06-19	6.57
2006-06-20	6.47
2006-06-21	6.36
2006-06-22	6.25
2006-06-23	6.15
2006-06-24	6.04
2006-06-25	5.94
2006-06-26	5.84
2006-06-27	5.75
2006-06-28	5.65
2006-06-29	5.56
2006-06-30	5.46
2006-07-01	5.37
2006-07-02	5.28
2006-07-03	5.20
2006-07-04	5.11
2006-07-05	5.02
2006-07-06	4.94
2006-07-07	4.86
2006-07-08	4.78
2006-07-09	4.70
2006-07-10	4.62
2006-07-11	4.54
2006-07-12	4.47
2006-07-13	4.39
2006-07-14	4.32
2006-07-15	4.25
2006-07-16	4.18
2006-07-17	4.11
2006-07-18	4.04
2006-07-19	3.97
2006-07-20	3.90
2006-07-21	3.84
2006-07-22	3.78
2006-07-23	3.71
2006-07-24	3.65
2006-07-25	3.59
2006-07-26	3.53
2006-07-27	3.47
2006-07-28	3.41
2006-07-29	3.36
2006-07-30	3.30
2006-07-31	3.25
2006-08-01	3.19
2006-08-02	3.14
2006-08-03	3.09
2006-08-04	3.03
2006-08-05	2.98
2006-08-06	2.93
2006-08-07	2.89
2006-08-08	2.84
2006-08-09	2.79
2006-08-10	2.74
2006-08-11	2.70
2006-08-12	2.65
2006-08-13	2.61
2006-08-14	2.57
2006-08-15	2.52
2006-08-16	2.48
2006-08-17	2.44
2006-08-18	2.40
2006-08-19	2.36
2006-08-20	2.32
2006-08-21	2.28
2006-08-22	2.24
2006-08-23	2.21
2006-08-24	2.17
2006-08-25	2.13
2006-08-26	2.10
2006-08-27	2.06
2006-08-28	2.03
2006-08-29	1.99
2006-08-30	1.96
2006-08-31	1.93
2006-09-01	1.90
2006-09-02	1.86
2006-09-03	1.83
2006-09-04	1.80
2006-09-05	1.77
2006-09-06	1.74
2006-09-07	1.71
2006-09-08	1.69
2006-09-09	1.66
2006-09-10	1.63
2006-09-11	1.60
2006-09-12	1.58
2006-09-13	1.55
2006-09-14	1.52
2006-09-15	1.50
2006-09-16	1.47
2006-09-17	1.45
2006-09-18	1.42
2006-09-19	1.40
2006-09-20	1.38
2006-09-21	1.35
2006-09-22	1.33
2006-09-23	1.31
2006-09-24	1.29
2006-09-25	1.27
2006-09-26	1.25
2006-09-27	1.22
2006-09-28	1.20
2006-09-29	1.18
2006-09-30	1.16
2006-10-01	1.14
2006-10-02	1.13
2006-10-03	1.11
2006-10-04	1.09
2006-10-05	1.07
2006-10-06	1.05
2006-10-07	1.04
2006-10-08	1.02
2006-10-09	1.00
2006-10-10	0.98
2006-10-11	0.97
2006-10-12	0.95
2006-10-13	0.94
2006-10-14	0.92
2006-10-15	0.90
2006-10-16	0.89
2006-10-17	0.87
2006-10-18	0.86
2006-10-19	0.85
2006-10-20	0.83
2006-10-21	0.82
2006-10-22	0.80
2006-10-23	0.79
2006-10-24	0.78
2006-10-25	0.76
2006-10-26	0.75
2006-10-27	0.74
2006-10-28	0.73
2006-10-29	0.72
2006-10-30	0.98
2006-10-31	0.70
2006-11-01	0.68
2006-11-02	1.08
2006-11-03	3.83
2006-11-04	0.71
2006-11-05	0.70
2006-11-06	0.68
2006-11-07	0.67
2006-11-08	0.66
2006-11-09	1.22
2006-11-10	1.29
2006-11-11	0.65
2006-11-12	0.64
2006-11-13	0.63
2006-11-14	0.62
2006-11-15	0.61
2006-11-16	0.60
2006-11-17	4.82
2006-11-18	0.65
2006-11-19	0.63
2006-11-20	0.62
2006-11-21	0.61
2006-11-22	0.60
2006-11-23	0.59
2006-11-24	0.58
2006-11-25	0.57
2006-11-26	0.56
2006-11-27	0.55
2006-11-28	0.55
2006-11-29	0.54
2006-11-30	0.53
2006-12-01	0.52
2006-12-02	0.51
2006-12-03	14.87
2006-12-04	5.91
2006-12-05	0.80
2006-12-06	0.78
2006-12-07	0.77
2006-12-08	0.76
2006-12-09	0.88
2006-12-10	0.84
2006-12-11	0.72
2006-12-12	0.71
2006-12-13	0.70
2006-12-14	0.69
2006-12-15	0.68
2006-12-16	0.67
2006-12-17	0.65
2006-12-18	0.64
2006-12-19	0.63
2006-12-20	0.62
2006-12-21	0.61
2006-12-22	0.60
2006-12-23	0.59
2006-12-24	0.58
2006-12-25	0.57
2006-12-26	0.56
2006-12-27	0.55
2006-12-28	0.54
2006-12-29	6.58
2006-12-30	11.03
2006-12-31	0.78
2007-01-01	0.77
2007-01-02	0.75
2007-01-03	0.74
2007-01-04	0.73
2007-01-05	0.72
2007-01-06	0.71
2007-01-07	0.69
2007-01-08	0.68
2007-01-09	0.67
2007-01-10	0.66
2007-01-11	0.65
2007-01-12	0.64
2007-01-13	0.63
2007-01-14	0.62
2007-01-15	0.61
2007-01-16	0.60
2007-01-17	0.59
2007-01-18	0.58
2007-01-19	0.57
2007-01-20	0.56
2007-01-21	0.55
2007-01-22	0.54
2007-01-23	0.53
2007-01-24	0.52
2007-01-25	0.51
2007-01-26	0.50
2007-01-27	18.04
2007-01-28	0.77
2007-01-29	12.92
2007-01-30	9.46
2007-01-31	7.61
2007-02-01	1.15
2007-02-02	1.13
2007-02-03	1.11
2007-02-04	1.09
2007-02-05	1.08
2007-02-06	1.06
2007-02-07	1.04
2007-02-08	1.02
2007-02-09	1.01
2007-02-10	3.87
2007-02-11	1.02
2007-02-12	1.24
2007-02-13	1.93
2007-02-14	2.03
2007-02-15	8.87
2007-02-16	18.77
2007-02-17	6.47
2007-02-18	1.42
2007-02-19	1.40
2007-02-20	1.38
2007-02-21	1.35
2007-02-22	1.33
2007-02-23	1.35
2007-02-24	1.29
2007-02-25	1.27
2007-02-26	1.25
2007-02-27	1.23
2007-02-28	1.20
2007-03-01	1.18
2007-03-02	1.16
2007-03-03	1.15
2007-03-04	1.13
2007-03-05	1.11
2007-03-06	1.09
2007-03-07	1.07
2007-03-08	1.05
2007-03-09	1.04
2007-03-10	1.02
2007-03-11	1.00
2007-03-12	0.98
2007-03-13	0.97
2007-03-14	0.95
2007-03-15	0.94
2007-03-16	5.24
2007-03-17	0.98
2007-03-18	0.96
2007-03-19	2.85
2007-03-20	0.96
2007-03-21	18.35
2007-03-22	11.95
2007-03-23	33.04
2007-03-24	1.85
2007-03-25	3.39
2007-03-26	4.59
2007-03-27	2.80
2007-03-28	3.32
2007-03-29	1.81
2007-03-30	2.67
2007-03-31	14.95
2007-04-01	2.08
2007-04-02	1.91
2007-04-03	2.44
2007-04-04	5.84
2007-04-05	4.52
2007-04-06	1.90
2007-04-07	4.12
2007-04-08	1.88
2007-04-09	1.85
2007-04-10	1.93
2007-04-11	3.82
2007-04-12	4.67
2007-04-13	5.41
2007-04-14	9.90
2007-04-15	2.30
2007-04-16	3.33
2007-04-17	6.07
2007-04-18	6.08
2007-04-19	42.17
2007-04-20	78.28
2007-04-21	7.49
2007-04-22	8.78
2007-04-23	7.12
2007-04-24	14.19
2007-04-25	15.30
2007-04-26	29.58
2007-04-27	36.47
2007-04-28	53.13
2007-04-29	17.74
2007-04-30	19.14
2007-05-01	10.57
2007-05-02	11.16
2007-05-03	13.79
2007-05-04	14.85
2007-05-05	12.19
2007-05-06	9.52
2007-05-07	9.71
2007-05-08	8.60
2007-05-09	12.63
2007-05-10	14.54
2007-05-11	7.39
2007-05-12	27.73
2007-05-13	5.93
2007-05-14	5.83
2007-05-15	5.73
2007-05-16	25.18
2007-05-17	5.86
2007-05-18	5.76
2007-05-19	47.30
2007-05-20	10.01
2007-05-21	6.20
2007-05-22	6.09
2007-05-23	373.94
2007-05-24	11.82
2007-05-25	11.63
2007-05-26	11.43
2007-05-27	11.24
2007-05-28	11.05
2007-05-29	10.87
2007-05-30	10.69
2007-05-31	14.03
2007-06-01	10.39
2007-06-02	10.22
2007-06-03	10.05
2007-06-04	9.88
2007-06-05	9.72
2007-06-06	9.55
2007-06-07	9.40
2007-06-08	9.24
2007-06-09	9.08
2007-06-10	8.93
2007-06-11	8.78
2007-06-12	8.64
2007-06-13	8.49
2007-06-14	8.35
2007-06-15	8.21
2007-06-16	8.08
2007-06-17	7.94
2007-06-18	7.81
2007-06-19	7.68
2007-06-20	7.55
2007-06-21	7.43
2007-06-22	7.30
2007-06-23	7.18
2007-06-24	7.06
2007-06-25	6.94
2007-06-26	6.83
2007-06-27	6.71
2007-06-28	6.60
2007-06-29	6.49
2007-06-30	6.38
2007-07-01	6.28
2007-07-02	6.17
2007-07-03	6.07
2007-07-04	5.97
2007-07-05	5.87
2007-07-06	5.77
2007-07-07	5.67
2007-07-08	5.58
2007-07-09	5.49
2007-07-10	5.40
2007-07-11	5.31
2007-07-12	5.22
2007-07-13	5.13
2007-07-14	5.04
2007-07-15	4.96
2007-07-16	4.88
2007-07-17	4.80
2007-07-18	4.72
2007-07-19	4.64
2007-07-20	4.56
2007-07-21	4.48
2007-07-22	4.41
2007-07-23	4.34
2007-07-24	4.26
2007-07-25	4.19
2007-07-26	4.12
2007-07-27	4.05
2007-07-28	3.99
2007-07-29	3.92
2007-07-30	3.86
2007-07-31	3.79
2007-08-01	3.73
2007-08-02	3.67
2007-08-03	3.60
2007-08-04	3.54
2007-08-05	3.49
2007-08-06	3.43
2007-08-07	3.37
2007-08-08	3.31
2007-08-09	3.26
2007-08-10	3.20
2007-08-11	3.15
2007-08-12	3.10
2007-08-13	3.05
2007-08-14	3.00
2007-08-15	2.95
2007-08-16	2.90
2007-08-17	2.85
2007-08-18	2.80
2007-08-19	2.75
2007-08-20	2.71
2007-08-21	2.66
2007-08-22	2.62
2007-08-23	2.58
2007-08-24	2.53
2007-08-25	2.49
2007-08-26	2.45
2007-08-27	2.41
2007-08-28	2.37
2007-08-29	2.33
2007-08-30	2.29
2007-08-31	2.25
2007-09-01	2.21
2007-09-02	2.18
2007-09-03	2.14
2007-09-04	2.11
2007-09-05	2.07
2007-09-06	2.04
2007-09-07	2.00
2007-09-08	1.97
2007-09-09	1.94
2007-09-10	1.90
2007-09-11	1.87
2007-09-12	1.84
2007-09-13	1.81
2007-09-14	1.78
2007-09-15	1.75
2007-09-16	1.72
2007-09-17	1.69
2007-09-18	6.00
2007-09-19	3.23
2007-09-20	1.70
2007-09-21	1.67
2007-09-22	1.65
2007-09-23	1.62
2007-09-24	1.59
2007-09-25	1.56
2007-09-26	1.54
2007-09-27	1.51
2007-09-28	1.49
2007-09-29	1.46
2007-09-30	1.44
2007-10-01	1.41
2007-10-02	1.39
2007-10-03	1.37
2007-10-04	1.35
2007-10-05	1.32
2007-10-06	1.30
2007-10-07	1.28
2007-10-08	1.26
2007-10-09	1.24
2007-10-10	1.22
2007-10-11	1.20
2007-10-12	1.18
2007-10-13	1.16
2007-10-14	1.14
2007-10-15	1.12
2007-10-16	1.10
2007-10-17	1.08
2007-10-18	1.06
2007-10-19	1.05
2007-10-20	1.03
2007-10-21	1.01
2007-10-22	0.99
2007-10-23	0.98
2007-10-24	0.96
2007-10-25	0.95
2007-10-26	0.93
2007-10-27	0.91
2007-10-28	0.90
2007-10-29	0.88
2007-10-30	0.87
2007-10-31	0.85
2007-11-01	0.84
2007-11-02	0.83
2007-11-03	0.81
2007-11-04	0.80
2007-11-05	0.79
2007-11-06	0.77
2007-11-07	0.76
2007-11-08	0.75
2007-11-09	0.73
2007-11-10	0.72
2007-11-11	0.71
2007-11-12	0.70
2007-11-13	0.69
2007-11-14	0.68
2007-11-15	0.66
2007-11-16	0.65
2007-11-17	0.64
2007-11-18	0.63
2007-11-19	0.62
2007-11-20	0.61
2007-11-21	0.60
2007-11-22	0.59
2007-11-23	0.58
2007-11-24	0.57
2007-11-25	0.56
2007-11-26	0.55
2007-11-27	0.54
2007-11-28	0.53
2007-11-29	0.52
2007-11-30	0.52
2007-12-01	0.51
2007-12-02	0.50
2007-12-03	0.49
2007-12-04	0.48
2007-12-05	0.47
2007-12-06	0.47
2007-12-07	0.46
2007-12-08	0.45
2007-12-09	0.44
2007-12-10	0.44
2007-12-11	0.43
2007-12-12	0.42
2007-12-13	0.41
2007-12-14	0.41
2007-12-15	0.40
2007-12-16	0.39
2007-12-17	0.39
2007-12-18	0.38
2007-12-19	0.38
2007-12-20	0.37
2007-12-21	0.36
2007-12-22	0.36
2007-12-23	0.35
2007-12-24	0.34
2007-12-25	0.34
2007-12-26	0.33
2007-12-27	0.33
2007-12-28	0.32
2007-12-29	0.32
2007-12-30	0.31
2007-12-31	0.31
2008-01-01	0.30
2008-01-02	0.30
2008-01-03	0.29
2008-01-04	0.29
2008-01-05	0.28
2008-01-06	0.28
2008-01-07	0.27
2008-01-08	0.27
2008-01-09	0.26
2008-01-10	0.26
2008-01-11	0.25
2008-01-12	0.25
2008-01-13	0.25
2008-01-14	0.24
2008-01-15	0.24
2008-01-16	0.23
2008-01-17	0.23
2008-01-18	0.23
2008-01-19	0.22
2008-01-20	0.22
2008-01-21	0.22
2008-01-22	0.21
2008-01-23	0.21
2008-01-24	0.20
2008-01-25	0.20
2008-01-26	0.20
2008-01-27	0.19
2008-01-28	0.19
2008-01-29	0.19
2008-01-30	0.19
2008-01-31	0.18
2008-02-01	0.18
2008-02-02	0.18
2008-02-03	0.17
2008-02-04	0.17
2008-02-05	0.17
2008-02-06	0.16
2008-02-07	0.53
2008-02-08	15.83
2008-02-09	13.46
2008-02-10	0.62
2008-02-11	0.61
2008-02-12	0.60
2008-02-13	0.59
2008-02-14	0.58
2008-02-15	0.57
2008-02-16	0.56
2008-02-17	0.55
2008-02-18	0.54
2008-02-19	0.53
2008-02-20	0.52
2008-02-21	3.23
2008-02-22	42.60
2008-02-23	7.39
2008-02-24	1.30
2008-02-25	1.28
2008-02-26	1.58
2008-02-27	1.24
2008-02-28	1.22
2008-02-29	1.20
2008-03-01	1.18
2008-03-02	1.16
2008-03-03	2.51
2008-03-04	1.14
2008-03-05	1.12
2008-03-06	1.10
2008-03-07	1.09
2008-03-08	1.07
2008-03-09	2.85
2008-03-10	9.00
2008-03-11	13.38
2008-03-12	1.35
2008-03-13	1.33
2008-03-14	1.30
2008-03-15	1.28
2008-03-16	29.36
2008-03-17	1.69
2008-03-18	1.66
2008-03-19	1.64
2008-03-20	1.61
2008-03-21	9.68
2008-03-22	12.80
2008-03-23	1.84
2008-03-24	1.81
2008-03-25	3.62
2008-03-26	46.15
2008-03-27	29.49
2008-03-28	112.23
2008-03-29	19.28
2008-03-30	4.73
2008-03-31	6.38
2008-04-01	7.10
2008-04-02	13.95
2008-04-03	24.28
2008-04-04	28.95
2008-04-05	73.01
2008-04-06	6.20
2008-04-07	8.14
2008-04-08	19.24
2008-04-09	32.46
2008-04-10	58.84
2008-04-11	69.57
2008-04-12	40.70
2008-04-13	66.98
2008-04-14	9.27
2008-04-15	11.93
2008-04-16	15.17
2008-04-17	20.53
2008-04-18	154.69
2008-04-19	86.73
2008-04-20	32.64
2008-04-21	22.44
2008-04-22	26.77
2008-04-23	24.20
2008-04-24	23.17
2008-04-25	20.86
2008-04-26	16.75
2008-04-27	14.57
2008-04-28	13.63
2008-04-29	14.15
2008-04-30	14.08
2008-05-01	13.80
2008-05-02	11.48
2008-05-03	11.11
2008-05-04	10.93
2008-05-05	10.75
2008-05-06	10.57
2008-05-07	10.39
2008-05-08	10.22
2008-05-09	10.05
2008-05-10	9.88
2008-05-11	9.72
2008-05-12	9.55
2008-05-13	11.10
2008-05-14	23.40
2008-05-15	9.34
2008-05-16	9.18
2008-05-17	9.03
2008-05-18	8.88
2008-05-19	8.73
2008-05-20	8.59
2008-05-21	8.44
2008-05-22	8.30
2008-05-23	8.16
2008-05-24	8.03
2008-05-25	7.89
2008-05-26	7.76
2008-05-27	7.63
2008-05-28	7.51
2008-05-29	7.38
2008-05-30	7.26
2008-05-31	7.14
2008-06-01	7.02
2008-06-02	6.90
2008-06-03	6.79
2008-06-04	6.67
2008-06-05	6.56
2008-06-06	6.45
2008-06-07	6.34
2008-06-08	6.24
2008-06-09	6.13
2008-06-10	6.03
2008-06-11	5.93
2008-06-12	5.83
2008-06-13	5.74
2008-06-14	5.64
2008-06-15	5.55
2008-06-16	5.45
2008-06-17	5.36
2008-06-18	5.27
2008-06-19	5.19
2008-06-20	5.10
2008-06-21	5.01
2008-06-22	4.93
2008-06-23	4.85
2008-06-24	4.77
2008-06-25	4.69
2008-06-26	4.61
2008-06-27	4.53
2008-06-28	4.46
2008-06-29	4.38
2008-06-30	4.31
2008-07-01	4.24
2008-07-02	4.17
2008-07-03	4.10
2008-07-04	4.03
2008-07-05	3.96
2008-07-06	3.90
2008-07-07	3.83
2008-07-08	3.77
2008-07-09	3.71
2008-07-10	3.64
2008-07-11	3.58
2008-07-12	3.52
2008-07-13	3.46
2008-07-14	3.41
2008-07-15	3.35
2008-07-16	3.29
2008-07-17	3.24
2008-07-18	3.19
2008-07-19	3.13
2008-07-20	3.08
2008-07-21	3.03
2008-07-22	2.98
2008-07-23	2.93
2008-07-24	2.88
2008-07-25	2.83
2008-07-26	2.78
2008-07-27	2.74
2008-07-28	2.69
2008-07-29	2.65
2008-07-30	2.60
2008-07-31	2.56
2008-08-01	2.52
2008-08-02	2.48
2008-08-03	2.43
2008-08-04	2.39
2008-08-05	2.35
2008-08-06	2.31
2008-08-07	2.28
2008-08-08	2.24
2008-08-09	2.20
2008-08-10	2.16
2008-08-11	2.13
2008-08-12	2.09
2008-08-13	2.06
2008-08-14	2.02
2008-08-15	1.99
2008-08-16	1.96
2008-08-17	1.92
2008-08-18	1.89
2008-08-19	1.86
2008-08-20	1.83
2008-08-21	1.80
2008-08-22	1.77
2008-08-23	1.74
2008-08-24	1.71
2008-08-25	1.68
2008-08-26	1.65
2008-08-27	1.63
2008-08-28	1.60
2008-08-29	1.57
2008-08-30	1.55
2008-08-31	1.52
2008-09-01	1.50
2008-09-02	1.47
2008-09-03	1.45
2008-09-04	1.42
2008-09-05	1.40
2008-09-06	1.37
2008-09-07	1.35
2008-09-08	1.33
2008-09-09	1.31
2008-09-10	1.29
2008-09-11	1.26
2008-09-12	1.24
2008-09-13	1.22
2008-09-14	1.20
2008-09-15	1.18
2008-09-16	1.16
2008-09-17	1.14
2008-09-18	1.12
2008-09-19	1.10
2008-09-20	1.09
2008-09-21	1.07
2008-09-22	1.05
2008-09-23	1.03
2008-09-24	1.02
2008-09-25	1.00
2008-09-26	0.98
2008-09-27	0.97
2008-09-28	0.95
2008-09-29	0.93
2008-09-30	0.92
2008-10-01	0.90
2008-10-02	0.89
2008-10-03	0.87
2008-10-04	0.86
2008-10-05	0.84
2008-10-06	0.83
2008-10-07	0.82
2008-10-08	0.80
2008-10-09	0.79
2008-10-10	0.78
2008-10-11	0.76
2008-10-12	0.75
2008-10-13	0.74
2008-10-14	0.73
2008-10-15	0.71
2008-10-16	0.70
2008-10-17	0.69
2008-10-18	0.68
2008-10-19	0.67
2008-10-20	0.66
2008-10-21	0.65
2008-10-22	0.63
2008-10-23	0.62
2008-10-24	0.61
2008-10-25	0.60
2008-10-26	0.59
2008-10-27	0.58
2008-10-28	0.57
2008-10-29	0.56
2008-10-30	0.55
2008-10-31	0.55
2008-11-01	0.54
2008-11-02	0.53
2008-11-03	0.52
2008-11-04	0.51
2008-11-05	0.50
2008-11-06	0.49
2008-11-07	0.48
2008-11-08	0.48
2008-11-09	0.47
2008-11-10	0.46
2008-11-11	0.45
2008-11-12	0.45
2008-11-13	0.44
2008-11-14	0.43
2008-11-15	0.42
2008-11-16	0.42
2008-11-17	0.41
2008-11-18	0.40
2008-11-19	0.40
2008-11-20	0.39
2008-11-21	0.38
2008-11-22	0.38
2008-11-23	0.37
2008-11-24	0.36
2008-11-25	0.36
2008-11-26	0.35
2008-11-27	0.35
2008-11-28	0.34
2008-11-29	0.33
2008-11-30	0.33
2008-12-01	0.32
2008-12-02	0.32
2008-12-03	0.31
2008-12-04	0.31
2008-12-05	0.30
2008-12-06	0.30
2008-12-07	0.29
2008-12-08	0.29
2008-12-09	0.28
2008-12-10	0.33
2008-12-11	0.27
2008-12-12	0.27
2008-12-13	0.27
2008-12-14	0.26
2008-12-15	0.26
2008-12-16	0.25
2008-12-17	0.25
2008-12-18	0.24
2008-12-19	0.24
2008-12-20	0.24
2008-12-21	0.23
2008-12-22	0.23
2008-12-23	0.22
2008-12-24	0.22
2008-12-25	0.22
2008-12-26	0.21
2008-12-27	0.77
2008-12-28	4.19
2008-12-29	0.28
2008-12-30	0.27
2008-12-31	0.27
2009-01-01	0.26
2009-01-02	0.26
2009-01-03	0.25
2009-01-04	0.25
2009-01-05	0.25
2009-01-06	0.24
2009-01-07	0.24
2009-01-08	0.23
2009-01-09	0.23
2009-01-10	0.23
2009-01-11	0.22
2009-01-12	0.22
2009-01-13	0.21
2009-01-14	0.21
2009-01-15	1.60
2009-01-16	11.15
2009-01-17	16.70
2009-01-18	26.00
2009-01-19	1.05
2009-01-20	1.03
2009-01-21	1.02
2009-01-22	1.00
2009-01-23	0.98
2009-01-24	0.97
2009-01-25	0.95
2009-01-26	0.94
2009-01-27	0.92
2009-01-28	0.90
2009-01-29	0.89
2009-01-30	0.87
2009-01-31	0.86
2009-02-01	0.85
2009-02-02	0.83
2009-02-03	0.82
2009-02-04	0.80
2009-02-05	0.79
2009-02-06	1.12
2009-02-07	2.55
2009-02-08	2.61
2009-02-09	1.12
2009-02-10	0.79
2009-02-11	0.78
2009-02-12	0.77
2009-02-13	0.76
2009-02-14	0.74
2009-02-15	0.73
2009-02-16	0.72
2009-02-17	2.09
2009-02-18	0.72
2009-02-19	0.70
2009-02-20	0.69
2009-02-21	2.18
2009-02-22	0.69
2009-02-23	0.68
2009-02-24	3.60
2009-02-25	5.84
2009-02-26	0.78
2009-02-27	0.77
2009-02-28	10.48
2009-03-01	0.90
2009-03-02	17.37
2009-03-03	1.13
2009-03-04	1.11
2009-03-05	1.10
2009-03-06	1.17
2009-03-07	3.76
2009-03-08	1.73
2009-03-09	1.08
2009-03-10	1.06
2009-03-11	5.40
2009-03-12	1.10
2009-03-13	1.08
2009-03-14	1.06
2009-03-15	1.04
2009-03-16	1.02
2009-03-17	1.01
2009-03-18	0.99
2009-03-19	1.38
2009-03-20	0.96
2009-03-21	0.95
2009-03-22	0.93
2009-03-23	0.92
2009-03-24	0.90
2009-03-25	0.89
2009-03-26	0.87
2009-03-27	0.86
2009-03-28	0.84
2009-03-29	8.49
2009-03-30	0.94
2009-03-31	12.16
2009-04-01	1.09
2009-04-02	1.07
2009-04-03	1.10
2009-04-04	6.06
2009-04-05	1.10
2009-04-06	1.42
2009-04-07	8.61
2009-04-08	11.00
2009-04-09	15.56
2009-04-10	6.84
2009-04-11	4.74
2009-04-12	1.60
2009-04-13	2.06
2009-04-14	10.14
2009-04-15	6.45
2009-04-16	5.45
2009-04-17	3.81
2009-04-18	5.56
2009-04-19	7.66
2009-04-20	8.13
2009-04-21	4.78
2009-04-22	4.83
2009-04-23	3.24
2009-04-24	3.44
2009-04-25	14.26
2009-04-26	70.11
2009-04-27	3.16
2009-04-28	28.30
2009-04-29	20.29
2009-04-30	5.02
2009-05-01	34.50
2009-05-02	46.95
2009-05-03	5.04
2009-05-04	7.01
2009-05-05	4.58
2009-05-06	8.93
2009-05-07	7.09
2009-05-08	20.79
2009-05-09	4.66
2009-05-10	4.58
2009-05-11	4.51
2009-05-12	4.43
2009-05-13	4.36
2009-05-14	4.28
2009-05-15	47.39
2009-05-16	96.44
2009-05-17	24.70
2009-05-18	11.96
2009-05-19	9.09
2009-05-20	7.03
2009-05-21	6.25
2009-05-22	97.10
2009-05-23	219.84
2009-05-24	38.68
2009-05-25	11.08
2009-05-26	10.89
2009-05-27	10.71
2009-05-28	10.53
2009-05-29	10.36
2009-05-30	10.18
2009-05-31	10.02
2009-06-01	12.41
2009-06-02	9.73
2009-06-03	9.56
2009-06-04	9.40
2009-06-05	9.25
2009-06-06	9.09
2009-06-07	8.94
2009-06-08	8.79
2009-06-09	8.65
2009-06-10	8.50
2009-06-11	8.36
2009-06-12	8.22
2009-06-13	8.08
2009-06-14	7.95
2009-06-15	7.82
2009-06-16	7.69
2009-06-17	7.56
2009-06-18	7.43
2009-06-19	7.31
2009-06-20	7.19
2009-06-21	7.07
2009-06-22	6.95
2009-06-23	6.83
2009-06-24	6.72
2009-06-25	6.61
2009-06-26	6.50
2009-06-27	6.39
2009-06-28	6.28
2009-06-29	6.18
2009-06-30	6.07
2009-07-01	5.97
2009-07-02	5.87
2009-07-03	5.78
2009-07-04	5.68
2009-07-05	5.59
2009-07-06	5.49
2009-07-07	5.40
2009-07-08	5.31
2009-07-09	5.22
2009-07-10	5.13
2009-07-11	5.05
2009-07-12	4.97
2009-07-13	4.88
2009-07-14	4.80
2009-07-15	4.72
2009-07-16	4.64
2009-07-17	4.56
2009-07-18	4.49
2009-07-19	4.41
2009-07-20	4.34
2009-07-21	4.27
2009-07-22	4.20
2009-07-23	4.13
2009-07-24	4.06
2009-07-25	3.99
2009-07-26	3.92
2009-07-27	3.86
2009-07-28	3.79
2009-07-29	3.73
2009-07-30	3.67
2009-07-31	3.61
2009-08-01	3.55
2009-08-02	3.49
2009-08-03	3.43
2009-08-04	3.37
2009-08-05	3.32
2009-08-06	3.26
2009-08-07	3.21
2009-08-08	3.15
2009-08-09	3.10
2009-08-10	3.05
2009-08-11	3.00
2009-08-12	2.95
2009-08-13	2.90
2009-08-14	2.85
2009-08-15	2.80
2009-08-16	2.76
2009-08-17	2.71
2009-08-18	2.67
2009-08-19	2.62
2009-08-20	2.58
2009-08-21	2.53
2009-08-22	2.49
2009-08-23	2.45
2009-08-24	2.41
2009-08-25	2.37
2009-08-26	2.33
2009-08-27	2.29
2009-08-28	2.25
2009-08-29	2.22
2009-08-30	2.18
2009-08-31	2.14
2009-09-01	2.11
2009-09-02	2.07
2009-09-03	2.04
2009-09-04	2.00
2009-09-05	1.97
2009-09-06	1.94
2009-09-07	1.90
2009-09-08	1.87
2009-09-09	1.84
2009-09-10	1.81
2009-09-11	1.78
2009-09-12	1.75
2009-09-13	1.72
2009-09-14	1.69
2009-09-15	1.67
2009-09-16	1.64
2009-09-17	1.61
2009-09-18	1.58
2009-09-19	1.56
2009-09-20	1.53
2009-09-21	1.51
2009-09-22	1.48
2009-09-23	1.46
2009-09-24	1.43
2009-09-25	1.41
2009-09-26	1.38
2009-09-27	1.36
2009-09-28	1.34
2009-09-29	1.32
2009-09-30	1.29
2009-10-01	1.27
2009-10-02	1.25
2009-10-03	1.23
2009-10-04	1.21
2009-10-05	1.19
2009-10-06	1.17
2009-10-07	1.15
2009-10-08	1.13
2009-10-09	1.11
2009-10-10	1.09
2009-10-11	1.08
2009-10-12	1.06
2009-10-13	1.04
2009-10-14	1.02
2009-10-15	1.01
2009-10-16	0.99
2009-10-17	0.97
2009-10-18	0.96
2009-10-19	0.94
2009-10-20	0.92
2009-10-21	0.91
2009-10-22	0.89
2009-10-23	0.88
2009-10-24	0.86
2009-10-25	0.85
2009-10-26	0.84
2009-10-27	0.82
2009-10-28	0.81
2009-10-29	0.79
2009-10-30	0.78
2009-10-31	0.77
2009-11-01	0.76
2009-11-02	0.74
2009-11-03	0.73
2009-11-04	0.72
2009-11-05	0.71
2009-11-06	0.69
2009-11-07	0.68
2009-11-08	0.67
2009-11-09	0.66
2009-11-10	0.65
2009-11-11	0.64
2009-11-12	0.63
2009-11-13	0.62
2009-11-14	0.70
2009-11-15	0.60
2009-11-16	0.59
2009-11-17	0.58
2009-11-18	2.16
2009-11-19	0.59
2009-11-20	0.58
2009-11-21	0.57
2009-11-22	0.82
2009-11-23	0.55
2009-11-24	1.96
2009-11-25	0.88
2009-11-26	0.55
2009-11-27	5.36
2009-11-28	5.22
2009-11-29	0.68
2009-11-30	3.42
2009-12-01	0.70
2009-12-02	0.69
2009-12-03	6.55
2009-12-04	0.76
2009-12-05	0.75
2009-12-06	0.73
2009-12-07	7.00
2009-12-08	0.81
2009-12-09	0.80
2009-12-10	6.87
2009-12-11	0.87
2009-12-12	0.85
2009-12-13	0.84
2009-12-14	0.83
2009-12-15	0.81
2009-12-16	0.80
2009-12-17	0.79
2009-12-18	0.77
2009-12-19	0.76
2009-12-20	0.75
2009-12-21	0.73
2009-12-22	0.72
2009-12-23	0.71
2009-12-24	0.70
2009-12-25	0.69
2009-12-26	0.68
2009-12-27	0.66
2009-12-28	0.65
2009-12-29	18.53
2009-12-30	9.97
2009-12-31	2.45
2010-01-01	1.06
2010-01-02	1.04
2010-01-03	1.02
2010-01-04	1.00
2010-01-05	23.05
2010-01-06	4.31
2010-01-07	1.35
2010-01-08	3.00
2010-01-09	1.55
2010-01-10	13.71
2010-01-11	1.49
2010-01-12	1.47
2010-01-13	1.44
2010-01-14	11.79
2010-01-15	15.02
2010-01-16	8.60
2010-01-17	1.84
2010-01-18	1.80
2010-01-19	1.77
2010-01-20	1.75
2010-01-21	1.72
2010-01-22	1.69
2010-01-23	1.66
2010-01-24	1.63
2010-01-25	1.60
2010-01-26	1.58
2010-01-27	1.55
2010-01-28	1.66
2010-01-29	1.50
2010-01-30	1.96
2010-01-31	1.93
2010-02-01	1.44
2010-02-02	1.42
2010-02-03	1.40
2010-02-04	1.37
2010-02-05	1.35
2010-02-06	1.33
2010-02-07	1.31
2010-02-08	1.28
2010-02-09	1.26
2010-02-10	10.24
2010-02-11	56.17
2010-02-12	40.71
2010-02-13	2.81
2010-02-14	2.76
2010-02-15	25.37
2010-02-16	44.21
2010-02-17	3.65
2010-02-18	4.54
2010-02-19	22.55
2010-02-20	4.08
2010-02-21	8.90
2010-02-22	4.60
2010-02-23	6.00
2010-02-24	5.27
2010-02-25	6.75
2010-02-26	60.36
2010-02-27	262.06
2010-02-28	8.62
2010-03-01	190.70
2010-03-02	17.58
2010-03-03	11.14
2010-03-04	13.47
2010-03-05	45.42
2010-03-06	105.47
2010-03-07	14.03
2010-03-08	12.34
2010-03-09	60.88
2010-03-10	14.57
2010-03-11	124.75
2010-03-12	449.14
2010-03-13	20.91
2010-03-14	27.71
2010-03-15	59.42
2010-03-16	26.60
2010-03-17	357.97
2010-03-18	25.48
2010-03-19	25.05
2010-03-20	34.70
2010-03-21	238.09
2010-03-22	392.79
2010-03-23	560.58
2010-03-24	152.37
2010-03-25	41.94
2010-03-26	41.41
2010-03-27	40.66
2010-03-28	40.10
2010-03-29	44.13
2010-03-30	41.98
2010-03-31	62.85
2010-04-01	44.94
2010-04-02	94.32
2010-04-03	51.65
2010-04-04	43.46
2010-04-05	39.10
2010-04-06	53.59
2010-04-07	66.62
2010-04-08	64.51
2010-04-09	58.90
2010-04-10	163.26
2010-04-11	69.47
2010-04-12	36.73
2010-04-13	38.89
2010-04-14	76.79
2010-04-15	236.07
2010-04-16	88.65
2010-04-17	148.43
2010-04-18	39.96
2010-04-19	38.92
2010-04-20	42.59
2010-04-21	249.45
2010-04-22	332.31
2010-04-23	169.42
2010-04-24	57.54
2010-04-25	168.15
2010-04-26	565.60
2010-04-27	140.97
2010-04-28	145.07
2010-04-29	78.64
2010-04-30	81.33
2010-05-01	84.14
2010-05-02	1406.36
2010-05-03	473.00
2010-05-04	90.35
2010-05-05	93.30
2010-05-06	196.36
2010-05-07	501.33
2010-05-08	390.12
2010-05-09	231.82
2010-05-10	155.63
2010-05-11	95.33
2010-05-12	98.86
2010-05-13	99.70
2010-05-14	101.90
2010-05-15	99.62
2010-05-16	101.47
2010-05-17	110.35
2010-05-18	84.48
2010-05-19	85.16
2010-05-20	89.84
2010-05-21	89.26
2010-05-22	88.37
2010-05-23	80.45
2010-05-24	73.03
2010-05-25	71.81
2010-05-26	71.07
2010-05-27	74.39
2010-05-28	75.50
2010-05-29	74.77
2010-05-30	71.41
2010-05-31	68.23
2010-06-01	71.41
2010-06-02	87.47
2010-06-03	513.05
2010-06-04	855.11
2010-06-05	370.63
2010-06-06	125.37
2010-06-07	84.83
2010-06-08	84.02
2010-06-09	83.04
2010-06-10	82.09
2010-06-11	77.77
2010-06-12	76.59
2010-06-13	75.20
2010-06-14	73.95
2010-06-15	72.72
2010-06-16	71.50
2010-06-17	70.31
2010-06-18	69.14
2010-06-19	67.99
2010-06-20	66.86
2010-06-21	65.74
2010-06-22	64.65
2010-06-23	63.57
2010-06-24	62.51
2010-06-25	61.47
2010-06-26	60.44
2010-06-27	59.43
2010-06-28	58.44
2010-06-29	57.47
2010-06-30	56.51
2010-07-01	55.57
2010-07-02	54.64
2010-07-03	53.73
2010-07-04	52.84
2010-07-05	51.96
2010-07-06	51.09
2010-07-07	50.24
2010-07-08	49.40
2010-07-09	48.58
2010-07-10	47.77
2010-07-11	46.97
2010-07-12	46.19
2010-07-13	45.42
2010-07-14	44.66
2010-07-15	43.92
2010-07-16	43.19
2010-07-17	42.47
2010-07-18	41.76
2010-07-19	41.06
2010-07-20	40.38
2010-07-21	39.71
2010-07-22	39.04
2010-07-23	38.39
2010-07-24	37.75
2010-07-25	37.12
2010-07-26	36.51
2010-07-27	35.90
2010-07-28	35.30
2010-07-29	34.71
2010-07-30	34.13
2010-07-31	33.56
2010-08-01	33.00
2010-08-02	32.45
2010-08-03	31.91
2010-08-04	31.38
2010-08-05	30.86
2010-08-06	30.34
2010-08-07	29.84
2010-08-08	29.34
2010-08-09	28.85
2010-08-10	28.37
2010-08-11	27.90
2010-08-12	27.43
2010-08-13	26.98
2010-08-14	26.53
2010-08-15	26.08
2010-08-16	25.65
2010-08-17	25.22
2010-08-18	24.80
2010-08-19	24.39
2010-08-20	23.98
2010-08-21	23.58
2010-08-22	23.19
2010-08-23	22.80
2010-08-24	22.42
2010-08-25	22.05
2010-08-26	21.68
2010-08-27	21.32
2010-08-28	20.96
2010-08-29	20.62
2010-08-30	20.27
2010-08-31	19.93
2010-09-01	19.60
2010-09-02	19.27
2010-09-03	18.95
2010-09-04	18.64
2010-09-05	18.33
2010-09-06	18.02
2010-09-07	17.72
2010-09-08	17.43
2010-09-09	17.14
2010-09-10	16.85
2010-09-11	16.57
2010-09-12	16.29
2010-09-13	16.02
2010-09-14	15.75
2010-09-15	15.49
2010-09-16	15.23
2010-09-17	14.98
2010-09-18	14.73
2010-09-19	14.48
2010-09-20	14.24
2010-09-21	14.01
2010-09-22	13.77
2010-09-23	16.67
2010-09-24	15.63
2010-09-25	13.18
2010-09-26	14.67
2010-09-27	12.77
2010-09-28	12.56
2010-09-29	12.35
2010-09-30	12.14
2010-10-01	11.94
2010-10-02	11.74
2010-10-03	11.55
2010-10-04	11.36
2010-10-05	11.17
2010-10-06	10.98
2010-10-07	10.80
2010-10-08	10.62
2010-10-09	10.44
2010-10-10	10.27
2010-10-11	10.09
2010-10-12	9.93
2010-10-13	9.76
2010-10-14	9.60
2010-10-15	9.44
2010-10-16	9.28
2010-10-17	9.13
2010-10-18	8.97
2010-10-19	8.82
2010-10-20	8.68
2010-10-21	8.53
2010-10-22	8.39
2010-10-23	8.25
2010-10-24	8.11
2010-10-25	7.98
2010-10-26	7.85
2010-10-27	7.71
2010-10-28	7.59
2010-10-29	7.46
2010-10-30	7.34
2010-10-31	7.22
2010-11-01	7.09
2010-11-02	6.97
2010-11-03	6.86
2010-11-04	6.74
2010-11-05	6.63
2010-11-06	6.52
2010-11-07	6.41
2010-11-08	6.31
2010-11-09	6.20
2010-11-10	6.10
2010-11-11	6.00
2010-11-12	5.90
2010-11-13	5.80
2010-11-14	5.70
2010-11-15	5.89
2010-11-16	5.52
2010-11-17	5.42
2010-11-18	5.33
2010-11-19	5.47
2010-11-20	5.16
2010-11-21	5.08
2010-11-22	4.99
2010-11-23	4.91
2010-11-24	4.83
2010-11-25	4.75
2010-11-26	4.67
2010-11-27	4.59
2010-11-28	4.89
2010-11-29	4.44
2010-11-30	4.37
2010-12-01	4.30
2010-12-02	4.22
2010-12-03	4.15
2010-12-04	4.09
2010-12-05	4.02
2010-12-06	3.95
2010-12-07	3.88
2010-12-08	3.82
2010-12-09	3.76
2010-12-10	3.69
2010-12-11	3.63
2010-12-12	3.57
2010-12-13	3.51
2010-12-14	3.45
2010-12-15	3.40
2010-12-16	3.34
2010-12-17	3.31
2010-12-18	9.83
2010-12-19	7.46
2010-12-20	3.29
2010-12-21	3.24
2010-12-22	3.19
2010-12-23	3.13
2010-12-24	3.08
2010-12-25	3.03
2010-12-26	2.98
2010-12-27	2.93
2010-12-28	2.88
2010-12-29	2.83
2010-12-30	2.78
2010-12-31	2.74
2011-01-01	2.69
2011-01-02	2.65
2011-01-03	2.60
2011-01-04	2.56
2011-01-05	2.52
2011-01-06	2.48
2011-01-07	2.43
2011-01-08	2.39
2011-01-09	4.46
2011-01-10	12.50
2011-01-11	12.99
2011-01-12	2.60
2011-01-13	2.56
2011-01-14	2.52
2011-01-15	2.47
2011-01-16	2.43
2011-01-17	3.59
2011-01-18	18.48
2011-01-19	12.93
2011-01-20	7.23
2011-01-21	31.57
2011-01-22	3.16
2011-01-23	4.08
2011-01-24	3.07
2011-01-25	3.88
2011-01-26	3.32
2011-01-27	3.66
2011-01-28	8.74
2011-01-29	2.95
2011-01-30	2.90
2011-01-31	2.85
2011-02-01	2.80
2011-02-02	2.76
2011-02-03	6.11
2011-02-04	2.72
2011-02-05	19.81
2011-02-06	50.32
2011-02-07	13.66
2011-02-08	3.72
2011-02-09	3.66
2011-02-10	3.60
2011-02-11	3.54
2011-02-12	3.48
2011-02-13	3.42
2011-02-14	3.37
2011-02-15	3.31
2011-02-16	3.26
2011-02-17	3.20
2011-02-18	3.15
2011-02-19	3.10
2011-02-20	4.82
2011-02-21	107.81
2011-02-22	52.98
2011-02-23	5.36
2011-02-24	5.27
2011-02-25	5.27
2011-02-26	6.25
2011-02-27	9.32
2011-02-28	11.29
2011-03-01	8.51
2011-03-02	7.82
2011-03-03	8.96
2011-03-04	20.00
2011-03-05	82.47
2011-03-06	147.34
2011-03-07	9.38
2011-03-08	8.35
2011-03-09	8.18
2011-03-10	8.04
2011-03-11	7.91
2011-03-12	9.96
2011-03-13	180.96
2011-03-14	25.48
2011-03-15	11.32
2011-03-16	12.13
2011-03-17	10.24
2011-03-18	10.51
2011-03-19	41.51
2011-03-20	10.14
2011-03-21	10.34
2011-03-22	13.83
2011-03-23	56.62
2011-03-24	27.83
2011-03-25	76.64
2011-03-26	11.31
2011-03-27	11.13
2011-03-28	100.10
2011-03-29	12.19
2011-03-30	238.13
2011-03-31	193.32
2011-04-01	40.20
2011-04-02	18.10
2011-04-03	31.49
2011-04-04	51.59
2011-04-05	86.85
2011-04-06	108.20
2011-04-07	103.27
2011-04-08	20.93
2011-04-09	21.25
2011-04-10	39.68
2011-04-11	64.85
2011-04-12	459.52
2011-04-13	34.33
2011-04-14	31.64
2011-04-15	50.48
2011-04-16	62.15
2011-04-17	78.00
2011-04-18	73.02
2011-04-19	86.05
2011-04-20	124.33
2011-04-21	28.94
2011-04-22	28.46
2011-04-23	79.14
2011-04-24	35.13
2011-04-25	42.65
2011-04-26	62.04
2011-04-27	85.10
2011-04-28	36.75
2011-04-29	27.97
2011-04-30	27.50
2011-05-01	27.04
2011-05-02	38.12
2011-05-03	213.03
2011-05-04	40.74
2011-05-05	54.97
2011-05-06	693.02
2011-05-07	40.29
2011-05-08	38.17
2011-05-09	37.54
2011-05-10	50.08
2011-05-11	63.35
2011-05-12	69.00
2011-05-13	57.20
2011-05-14	51.40
2011-05-15	52.55
2011-05-16	53.34
2011-05-17	49.28
2011-05-18	48.42
2011-05-19	47.21
2011-05-20	46.99
2011-05-21	41.95
2011-05-22	39.97
2011-05-23	36.68
2011-05-24	36.57
2011-05-25	34.65
2011-05-26	34.52
2011-05-27	35.19
2011-05-28	33.67
2011-05-29	33.27
2011-05-30	32.18
2011-05-31	29.03
2011-06-01	28.55
2011-06-02	28.07
2011-06-03	27.60
2011-06-04	27.14
2011-06-05	26.69
2011-06-06	26.25
2011-06-07	25.81
2011-06-08	25.38
2011-06-09	24.95
2011-06-10	24.54
2011-06-11	24.13
2011-06-12	23.73
2011-06-13	23.33
2011-06-14	22.94
2011-06-15	22.56
2011-06-16	22.18
2011-06-17	21.82
2011-06-18	21.45
2011-06-19	21.09
2011-06-20	20.74
2011-06-21	20.40
2011-06-22	20.06
2011-06-23	19.72
2011-06-24	19.39
2011-06-25	19.07
2011-06-26	18.75
2011-06-27	18.44
2011-06-28	18.13
2011-06-29	17.83
2011-06-30	17.53
2011-07-01	17.24
2011-07-02	16.95
2011-07-03	16.67
2011-07-04	16.39
2011-07-05	16.12
2011-07-06	15.85
2011-07-07	15.59
2011-07-08	15.33
2011-07-09	15.07
2011-07-10	14.82
2011-07-11	14.57
2011-07-12	14.33
2011-07-13	14.09
2011-07-14	13.86
2011-07-15	13.63
2011-07-16	13.40
2011-07-17	13.18
2011-07-18	12.96
2011-07-19	12.74
2011-07-20	12.53
2011-07-21	12.32
2011-07-22	12.11
2011-07-23	11.91
2011-07-24	11.71
2011-07-25	11.52
2011-07-26	11.33
2011-07-27	11.14
2011-07-28	10.95
2011-07-29	10.77
2011-07-30	10.59
2011-07-31	10.41
2011-08-01	10.24
2011-08-02	10.07
2011-08-03	9.90
2011-08-04	9.74
2011-08-05	9.57
2011-08-06	9.41
2011-08-07	9.26
2011-08-08	9.10
2011-08-09	8.95
2011-08-10	8.80
2011-08-11	8.66
2011-08-12	8.51
2011-08-13	8.37
2011-08-14	8.23
2011-08-15	10.09
2011-08-16	7.99
2011-08-17	7.86
2011-08-18	7.73
2011-08-19	7.60
2011-08-20	7.47
2011-08-21	7.35
2011-08-22	7.22
2011-08-23	7.10
2011-08-24	6.98
2011-08-25	6.87
2011-08-26	6.75
2011-08-27	6.64
2011-08-28	6.53
2011-08-29	6.42
2011-08-30	6.31
2011-08-31	6.21
2011-09-01	6.11
2011-09-02	6.00
2011-09-03	5.90
2011-09-04	5.81
2011-09-05	5.71
2011-09-06	5.61
2011-09-07	5.52
2011-09-08	5.43
2011-09-09	5.34
2011-09-10	5.25
2011-09-11	5.16
2011-09-12	5.08
2011-09-13	4.99
2011-09-14	4.91
2011-09-15	4.83
2011-09-16	4.75
2011-09-17	4.67
2011-09-18	4.59
2011-09-19	4.51
2011-09-20	4.44
2011-09-21	4.36
2011-09-22	4.29
2011-09-23	4.22
2011-09-24	4.15
2011-09-25	4.08
2011-09-26	4.01
2011-09-27	3.94
2011-09-28	3.88
2011-09-29	3.81
2011-09-30	3.75
2011-10-01	3.69
2011-10-02	3.63
2011-10-03	3.57
2011-10-04	3.51
2011-10-05	3.45
2011-10-06	3.39
2011-10-07	3.33
2011-10-08	3.28
2011-10-09	3.22
2011-10-10	3.17
2011-10-11	3.12
2011-10-12	3.07
2011-10-13	3.01
2011-10-14	2.96
2011-10-15	2.91
2011-10-16	2.87
2011-10-17	2.82
2011-10-18	2.77
2011-10-19	2.73
2011-10-20	2.68
2011-10-21	2.64
2011-10-22	2.59
2011-10-23	2.55
2011-10-24	2.51
2011-10-25	2.46
2011-10-26	2.42
2011-10-27	2.38
2011-10-28	2.34
2011-10-29	2.30
2011-10-30	2.27
2011-10-31	8.88
2011-11-01	2.30
2011-11-02	2.26
2011-11-03	2.22
2011-11-04	2.18
2011-11-05	2.15
2011-11-06	2.11
2011-11-07	2.08
2011-11-08	2.04
2011-11-09	2.01
2011-11-10	2.30
2011-11-11	1.95
2011-11-12	6.10
2011-11-13	27.79
2011-11-14	9.88
2011-11-15	2.42
2011-11-16	2.38
2011-11-17	2.34
2011-11-18	2.30
2011-11-19	3.15
2011-11-20	2.24
2011-11-21	2.20
2011-11-22	2.16
2011-11-23	2.13
2011-11-24	2.09
2011-11-25	2.06
2011-11-26	2.02
2011-11-27	1.99
2011-11-28	1.96
2011-11-29	1.92
2011-11-30	1.89
2011-12-01	1.86
2011-12-02	1.83
2011-12-03	1.80
2011-12-04	1.77
2011-12-05	10.59
2011-12-06	6.47
2011-12-07	1.90
2011-12-08	1.86
2011-12-09	1.83
2011-12-10	1.80
2011-12-11	1.77
2011-12-12	1.74
2011-12-13	1.71
2011-12-14	1.69
2011-12-15	1.66
2011-12-16	8.76
2011-12-17	16.69
2011-12-18	1.93
2011-12-19	2.84
2011-12-20	1.88
2011-12-21	3.20
2011-12-22	1.84
2011-12-23	1.81
2011-12-24	1.83
2011-12-25	1.75
2011-12-26	5.79
2011-12-27	1.76
2011-12-28	1.73
2011-12-29	1.70
2011-12-30	1.67
2011-12-31	1.64
2012-01-01	1.62
2012-01-02	1.59
2012-01-03	1.56
2012-01-04	9.01
2012-01-05	1.63
2012-01-06	1.61
2012-01-07	4.04
2012-01-08	5.82
2012-01-09	1.63
2012-01-10	1.61
2012-01-11	3.37
2012-01-12	1.58
2012-01-13	1.56
2012-01-14	1.53
2012-01-15	1.50
2012-01-16	13.90
2012-01-17	1.65
2012-01-18	9.72
2012-01-19	5.49
2012-01-20	1.76
2012-01-21	1.73
2012-01-22	1.70
2012-01-23	1.68
2012-01-24	1.65
2012-01-25	1.62
2012-01-26	1.59
2012-01-27	1.57
2012-01-28	1.54
2012-01-29	1.52
2012-01-30	1.49
2012-01-31	1.89
2012-02-01	1.45
2012-02-02	1.42
2012-02-03	1.40
2012-02-04	1.72
2012-02-05	3.06
2012-02-06	2.42
2012-02-07	2.38
2012-02-08	2.79
2012-02-09	1.35
2012-02-10	1.33
2012-02-11	2.07
2012-02-12	7.40
2012-02-13	20.69
2012-02-14	1.66
2012-02-15	1.64
2012-02-16	1.61
2012-02-17	1.58
2012-02-18	2.19
2012-02-19	1.89
2012-02-20	1.52
2012-02-21	1.49
2012-02-22	1.47
2012-02-23	1.44
2012-02-24	1.42
2012-02-25	5.59
2012-02-26	42.28
2012-02-27	7.04
2012-02-28	12.18
2012-02-29	7.32
2012-03-01	3.87
2012-03-02	6.75
2012-03-03	9.97
2012-03-04	2.40
2012-03-05	2.61
2012-03-06	6.18
2012-03-07	35.42
2012-03-08	9.16
2012-03-09	4.47
2012-03-10	11.58
2012-03-11	91.75
2012-03-12	114.77
2012-03-13	6.05
2012-03-14	6.20
2012-03-15	34.53
2012-03-16	6.22
2012-03-17	111.99
2012-03-18	18.38
2012-03-19	79.84
2012-03-20	532.21
2012-03-21	129.65
2012-03-22	18.62
2012-03-23	18.70
2012-03-24	22.70
2012-03-25	18.60
2012-03-26	30.10
2012-03-27	39.36
2012-03-28	321.50
2012-03-29	22.22
2012-03-30	30.79
2012-03-31	39.03
2012-04-01	113.44
2012-04-02	22.56
2012-04-03	22.18
2012-04-04	44.77
2012-04-05	111.42
2012-04-06	22.90
2012-04-07	22.52
2012-04-08	26.76
2012-04-09	171.57
2012-04-10	23.90
2012-04-11	23.50
2012-04-12	34.87
2012-04-13	46.99
2012-04-14	55.02
2012-04-15	23.05
2012-04-16	33.84
2012-04-17	38.91
2012-04-18	54.95
2012-04-19	36.06
2012-04-20	36.04
2012-04-21	162.86
2012-04-22	118.21
2012-04-23	41.59
2012-04-24	29.22
2012-04-25	24.71
2012-04-26	27.62
2012-04-27	38.58
2012-04-28	33.69
2012-04-29	50.33
2012-04-30	43.55
2012-05-01	23.73
2012-05-02	23.71
2012-05-03	22.88
2012-05-04	31.79
2012-05-05	94.83
2012-05-06	75.65
2012-05-07	140.22
2012-05-08	28.15
2012-05-09	33.31
2012-05-10	38.36
2012-05-11	46.55
2012-05-12	55.29
2012-05-13	46.45
2012-05-14	39.80
2012-05-15	25.33
2012-05-16	23.60
2012-05-17	23.20
2012-05-18	23.47
2012-05-19	29.12
2012-05-20	33.83
2012-05-21	32.38
2012-05-22	29.31
2012-05-23	25.35
2012-05-24	25.68
2012-05-25	25.63
2012-05-26	24.99
2012-05-27	20.43
2012-05-28	20.09
2012-05-29	19.75
2012-05-30	19.42
2012-05-31	19.10
2012-06-01	18.78
2012-06-02	18.47
2012-06-03	18.16
2012-06-04	17.86
2012-06-05	17.56
2012-06-06	17.27
2012-06-07	16.98
2012-06-08	16.69
2012-06-09	16.42
2012-06-10	16.14
2012-06-11	15.87
2012-06-12	15.61
2012-06-13	15.35
2012-06-14	15.09
2012-06-15	14.84
2012-06-16	14.59
2012-06-17	14.35
2012-06-18	14.11
2012-06-19	13.88
2012-06-20	13.65
2012-06-21	13.42
2012-06-22	13.19
2012-06-23	12.97
2012-06-24	12.76
2012-06-25	12.55
2012-06-26	12.34
2012-06-27	12.13
2012-06-28	11.93
2012-06-29	11.73
2012-06-30	11.53
2012-07-01	11.34
2012-07-02	11.15
2012-07-03	10.97
2012-07-04	10.78
2012-07-05	10.60
2012-07-06	10.43
2012-07-07	10.25
2012-07-08	10.08
2012-07-09	9.92
2012-07-10	9.75
2012-07-11	9.59
2012-07-12	9.43
2012-07-13	9.27
2012-07-14	9.12
2012-07-15	8.96
2012-07-16	8.81
2012-07-17	8.67
2012-07-18	8.52
2012-07-19	8.38
2012-07-20	8.24
2012-07-21	8.10
2012-07-22	7.97
2012-07-23	7.84
2012-07-24	7.71
2012-07-25	7.58
2012-07-26	7.45
2012-07-27	7.33
2012-07-28	7.20
2012-07-29	7.08
2012-07-30	6.97
2012-07-31	6.85
2012-08-01	6.74
2012-08-02	6.62
2012-08-03	6.51
2012-08-04	6.41
2012-08-05	6.30
2012-08-06	6.19
2012-08-07	6.09
2012-08-08	5.99
2012-08-09	5.89
2012-08-10	5.79
2012-08-11	5.69
2012-08-12	5.60
2012-08-13	5.51
2012-08-14	5.41
2012-08-15	5.32
2012-08-16	5.24
2012-08-17	5.15
2012-08-18	5.06
2012-08-19	4.98
2012-08-20	4.89
2012-08-21	4.81
2012-08-22	4.73
2012-08-23	4.65
2012-08-24	4.58
2012-08-25	4.50
2012-08-26	4.43
2012-08-27	4.35
2012-08-28	4.28
2012-08-29	4.21
2012-08-30	4.14
2012-08-31	4.07
2012-09-01	4.00
2012-09-02	3.93
2012-09-03	3.87
2012-09-04	3.80
2012-09-05	3.74
2012-09-06	3.68
2012-09-07	3.62
2012-09-08	3.56
2012-09-09	3.50
2012-09-10	3.44
2012-09-11	3.38
2012-09-12	3.33
2012-09-13	3.27
2012-09-14	3.22
2012-09-15	3.16
2012-09-16	3.11
2012-09-17	3.06
2012-09-18	3.01
2012-09-19	2.96
2012-09-20	2.91
2012-09-21	2.86
2012-09-22	2.81
2012-09-23	2.76
2012-09-24	2.72
2012-09-25	2.67
2012-09-26	2.63
2012-09-27	2.58
2012-09-28	2.54
2012-09-29	2.50
2012-09-30	2.46
2012-10-01	2.42
2012-10-02	2.38
2012-10-03	2.34
2012-10-04	2.30
2012-10-05	2.26
2012-10-06	2.22
2012-10-07	2.18
2012-10-08	2.15
2012-10-09	2.11
2012-10-10	2.08
2012-10-11	2.04
2012-10-12	2.01
2012-10-13	1.98
2012-10-14	1.94
2012-10-15	1.91
2012-10-16	1.88
2012-10-17	1.85
2012-10-18	1.82
2012-10-19	1.79
2012-10-20	1.76
2012-10-21	1.73
2012-10-22	1.70
2012-10-23	1.67
2012-10-24	1.64
2012-10-25	1.61
2012-10-26	1.59
2012-10-27	1.56
2012-10-28	1.53
2012-10-29	1.51
2012-10-30	1.48
2012-10-31	1.46
2012-11-01	1.44
2012-11-02	1.41
2012-11-03	1.39
2012-11-04	1.36
2012-11-05	1.34
2012-11-06	1.32
2012-11-07	1.30
2012-11-08	3.11
2012-11-09	1.28
2012-11-10	1.26
2012-11-11	6.20
2012-11-12	1.30
2012-11-13	1.28
2012-11-14	3.36
2012-11-15	1.36
2012-11-16	1.25
2012-11-17	1.23
2012-11-18	1.21
2012-11-19	1.19
2012-11-20	1.17
2012-11-21	1.15
2012-11-22	4.33
2012-11-23	4.48
2012-11-24	1.20
2012-11-25	7.28
2012-11-26	1.26
2012-11-27	1.24
2012-11-28	3.29
2012-11-29	1.79
2012-11-30	15.52
2012-12-01	1.43
2012-12-02	1.40
2012-12-03	1.38
2012-12-04	1.36
2012-12-05	1.33
2012-12-06	1.31
2012-12-07	1.29
2012-12-08	1.27
2012-12-09	1.25
2012-12-10	1.23
2012-12-11	1.21
2012-12-12	1.19
2012-12-13	1.17
2012-12-14	1.15
2012-12-15	1.13
2012-12-16	1.11
2012-12-17	1.09
2012-12-18	8.19
2012-12-19	35.28
2012-12-20	39.69
2012-12-21	33.57
2012-12-22	2.75
2012-12-23	9.75
2012-12-24	2.77
2012-12-25	2.73
2012-12-26	2.68
2012-12-27	2.64
2012-12-28	2.59
2012-12-29	2.55
2012-12-30	2.51
2012-12-31	2.46
2013-01-01	2.42
2013-01-02	2.38
2013-01-03	2.34
2013-01-04	2.30
2013-01-05	2.27
2013-01-06	2.23
2013-01-07	2.19
2013-01-08	2.15
2013-01-09	2.12
2013-01-10	2.08
2013-01-11	2.05
2013-01-12	2.01
2013-01-13	1.98
2013-01-14	1.95
2013-01-15	1.92
2013-01-16	1.88
2013-01-17	1.85
2013-01-18	1.82
2013-01-19	1.79
2013-01-20	1.76
2013-01-21	1.73
2013-01-22	1.70
2013-01-23	1.67
2013-01-24	1.65
2013-01-25	1.62
2013-01-26	43.75
2013-01-27	48.17
2013-01-28	42.78
2013-01-29	120.77
2013-01-30	69.19
2013-01-31	6.31
2013-02-01	6.21
2013-02-02	6.10
2013-02-03	6.00
2013-02-04	5.90
2013-02-05	5.80
2013-02-06	5.71
2013-02-07	5.61
2013-02-08	5.52
2013-02-09	5.50
2013-02-10	5.34
2013-02-11	5.50
2013-02-12	5.16
2013-02-13	5.08
2013-02-14	4.99
2013-02-15	4.91
2013-02-16	4.83
2013-02-17	4.75
2013-02-18	5.00
2013-02-19	8.01
2013-02-20	4.57
2013-02-21	4.50
2013-02-22	4.42
2013-02-23	4.89
2013-02-24	5.65
2013-02-25	7.32
2013-02-26	93.69
2013-02-27	5.59
2013-02-28	40.69
2013-03-01	5.97
2013-03-02	9.38
2013-03-03	84.71
2013-03-04	71.62
2013-03-05	64.44
2013-03-06	79.15
2013-03-07	124.15
2013-03-08	11.38
2013-03-09	186.45
2013-03-10	13.83
2013-03-11	13.60
2013-03-12	24.61
2013-03-13	59.62
2013-03-14	80.07
2013-03-15	75.88
2013-03-16	72.68
2013-03-17	34.01
2013-03-18	42.88
2013-03-19	16.28
2013-03-20	35.28
2013-03-21	40.78
2013-03-22	40.24
2013-03-23	44.26
2013-03-24	42.68
2013-03-25	46.89
2013-03-26	39.03
2013-03-27	40.14
2013-03-28	46.17
2013-03-29	52.53
2013-03-30	45.50
2013-03-31	38.55
2013-04-01	43.12
2013-04-02	21.81
2013-04-03	22.67
2013-04-04	38.04
2013-04-05	45.74
2013-04-06	22.45
2013-04-07	23.64
2013-04-08	21.17
2013-04-09	275.62
2013-04-10	52.50
2013-04-11	20.99
2013-04-12	21.23
2013-04-13	28.32
2013-04-14	75.32
2013-04-15	470.38
2013-04-16	160.18
2013-04-17	30.27
2013-04-18	88.48
2013-04-19	29.25
2013-04-20	29.45
2013-04-21	28.30
2013-04-22	28.28
2013-04-23	27.67
2013-04-24	33.80
2013-04-25	26.58
2013-04-26	27.16
2013-04-27	25.72
2013-04-28	25.29
2013-04-29	24.87
2013-04-30	24.45
2013-05-01	126.25
2013-05-02	25.29
2013-05-03	62.62
2013-05-04	25.06
2013-05-05	24.65
2013-05-06	25.50
2013-05-07	23.85
2013-05-08	24.32
2013-05-09	32.42
2013-05-10	82.98
2013-05-11	49.23
2013-05-12	23.46
2013-05-13	23.07
2013-05-14	22.68
2013-05-15	22.30
2013-05-16	21.93
2013-05-17	21.57
2013-05-18	21.21
2013-05-19	20.85
2013-05-20	20.51
2013-05-21	20.16
2013-05-22	19.83
2013-05-23	19.50
2013-05-24	19.17
2013-05-25	18.85
2013-05-26	18.54
2013-05-27	18.23
2013-05-28	17.93
2013-05-29	17.63
2013-05-30	17.33
2013-05-31	17.05
2013-06-01	16.76
2013-06-02	16.48
2013-06-03	16.21
2013-06-04	15.94
2013-06-05	15.67
2013-06-06	15.41
2013-06-07	15.15
2013-06-08	14.90
2013-06-09	14.65
2013-06-10	14.41
2013-06-11	14.17
2013-06-12	13.93
2013-06-13	13.70
2013-06-14	13.47
2013-06-15	13.25
2013-06-16	13.03
2013-06-17	12.81
2013-06-18	12.60
2013-06-19	12.39
2013-06-20	12.18
2013-06-21	11.98
2013-06-22	11.78
2013-06-23	11.58
2013-06-24	11.39
2013-06-25	11.20
2013-06-26	11.01
2013-06-27	10.83
2013-06-28	10.65
2013-06-29	10.47
2013-06-30	10.29
2013-07-01	10.12
2013-07-02	9.95
2013-07-03	9.79
2013-07-04	9.63
2013-07-05	9.47
2013-07-06	9.31
2013-07-07	9.15
2013-07-08	9.00
2013-07-09	8.85
2013-07-10	8.70
2013-07-11	8.56
2013-07-12	8.41
2013-07-13	8.27
2013-07-14	8.14
2013-07-15	8.00
2013-07-16	7.87
2013-07-17	7.74
2013-07-18	7.61
2013-07-19	7.48
2013-07-20	7.36
2013-07-21	7.23
2013-07-22	7.11
2013-07-23	6.99
2013-07-24	6.88
2013-07-25	6.76
2013-07-26	6.65
2013-07-27	6.54
2013-07-28	6.43
2013-07-29	6.32
2013-07-30	6.22
2013-07-31	6.11
2013-08-01	6.01
2013-08-02	5.91
2013-08-03	5.81
2013-08-04	5.72
2013-08-05	5.62
2013-08-06	5.53
2013-08-07	5.44
2013-08-08	5.35
2013-08-09	5.26
2013-08-10	5.17
2013-08-11	5.08
2013-08-12	5.00
2013-08-13	4.91
2013-08-14	4.83
2013-08-15	4.75
2013-08-16	4.67
2013-08-17	4.59
2013-08-18	4.52
2013-08-19	4.44
2013-08-20	4.37
2013-08-21	4.30
2013-08-22	4.22
2013-08-23	4.15
2013-08-24	4.08
2013-08-25	4.02
2013-08-26	3.95
2013-08-27	3.88
2013-08-28	3.82
2013-08-29	3.76
2013-08-30	3.69
2013-08-31	3.63
2013-09-01	3.57
2013-09-02	3.51
2013-09-03	3.45
2013-09-04	3.40
2013-09-05	3.34
2013-09-06	3.28
2013-09-07	3.23
2013-09-08	3.17
2013-09-09	3.12
2013-09-10	3.07
2013-09-11	3.02
2013-09-12	2.97
2013-09-13	2.92
2013-09-14	2.87
2013-09-15	2.82
2013-09-16	2.78
2013-09-17	2.73
2013-09-18	2.68
2013-09-19	2.64
2013-09-20	2.59
2013-09-21	2.55
2013-09-22	2.51
2013-09-23	2.47
2013-09-24	2.43
2013-09-25	2.39
2013-09-26	2.35
2013-09-27	2.31
2013-09-28	2.27
2013-09-29	2.23
2013-09-30	2.19
2013-10-01	2.16
2013-10-02	2.12
2013-10-03	2.09
2013-10-04	2.05
2013-10-05	2.02
2013-10-06	1.98
2013-10-07	1.95
2013-10-08	1.92
2013-10-09	1.89
2013-10-10	1.85
2013-10-11	1.82
2013-10-12	1.79
2013-10-13	1.76
2013-10-14	1.73
2013-10-15	1.70
2013-10-16	1.68
2013-10-17	1.65
2013-10-18	1.62
2013-10-19	1.59
2013-10-20	1.57
2013-10-21	1.54
2013-10-22	1.52
2013-10-23	1.49
2013-10-24	1.47
2013-10-25	1.44
2013-10-26	1.42
2013-10-27	1.39
2013-10-28	1.37
2013-10-29	1.35
2013-10-30	1.32
2013-10-31	1.30
2013-11-01	1.28
2013-11-02	1.26
2013-11-03	1.24
2013-11-04	1.22
2013-11-05	1.20
2013-11-06	1.18
2013-11-07	1.16
2013-11-08	1.14
2013-11-09	1.12
2013-11-10	1.10
2013-11-11	1.08
2013-11-12	1.06
2013-11-13	1.05
2013-11-14	1.03
2013-11-15	1.01
2013-11-16	1.00
2013-11-17	0.98
2013-11-18	1.32
2013-11-19	1.51
2013-11-20	1.48
2013-11-21	0.94
2013-11-22	0.92
2013-11-23	0.91
2013-11-24	0.89
2013-11-25	0.88
2013-11-26	0.86
2013-11-27	0.85
2013-11-28	0.83
2013-11-29	0.82
2013-11-30	0.81
2013-12-01	0.79
2013-12-02	5.78
2013-12-03	21.64
2013-12-04	2.69
2013-12-05	1.17
2013-12-06	1.15
2013-12-07	1.13
2013-12-08	1.12
2013-12-09	1.10
2013-12-10	1.21
2013-12-11	1.06
2013-12-12	1.05
2013-12-13	1.03
2013-12-14	1.01
2013-12-15	0.99
2013-12-16	0.98
2013-12-17	0.96
2013-12-18	0.95
2013-12-19	0.93
2013-12-20	0.91
2013-12-21	1.01
2013-12-22	0.89
2013-12-23	0.87
2013-12-24	7.98
2013-12-25	13.52
2013-12-26	9.04
2013-12-27	1.25
2013-12-28	1.23
2013-12-29	1.21
2013-12-30	1.19
2013-12-31	1.17
2014-01-01	1.15
2014-01-02	1.35
2014-01-03	1.12
2014-01-04	1.10
2014-01-05	1.08
2014-01-06	1.06
2014-01-07	9.43
2014-01-08	6.40
2014-01-09	25.07
2014-01-10	1.59
2014-01-11	1.56
2014-01-12	1.54
2014-01-13	1.51
2014-01-14	1.49
2014-01-15	1.46
2014-01-16	1.44
2014-01-17	1.41
2014-01-18	1.39
2014-01-19	1.37
2014-01-20	1.34
2014-01-21	1.32
2014-01-22	6.64
2014-01-23	1.36
2014-01-24	1.34
2014-01-25	1.32
2014-01-26	1.30
2014-01-27	1.28
2014-01-28	1.25
2014-01-29	1.23
2014-01-30	1.21
2014-01-31	12.23
2014-02-01	7.10
2014-02-02	19.95
2014-02-03	9.38
2014-02-04	30.00
2014-02-05	34.69
2014-02-06	17.75
2014-02-07	2.90
2014-02-08	2.85
2014-02-09	2.80
2014-02-10	11.33
2014-02-11	78.27
2014-02-12	4.02
2014-02-13	3.95
2014-02-14	3.89
2014-02-15	3.82
2014-02-16	3.76
2014-02-17	3.69
2014-02-18	3.63
2014-02-19	3.68
2014-02-20	3.51
2014-02-21	3.46
2014-02-22	3.86
2014-02-23	8.38
2014-02-24	15.23
2014-02-25	24.44
2014-02-26	23.58
2014-02-27	4.04
2014-02-28	3.98
2014-03-01	3.91
2014-03-02	4.59
2014-03-03	4.63
2014-03-04	5.29
2014-03-05	5.21
2014-03-06	5.57
2014-03-07	7.35
2014-03-08	8.54
2014-03-09	10.56
2014-03-10	24.79
2014-03-11	39.36
2014-03-12	104.02
2014-03-13	16.59
2014-03-14	15.31
2014-03-15	264.69
2014-03-16	31.45
2014-03-17	10.37
2014-03-18	13.04
2014-03-19	115.50
2014-03-20	13.23
2014-03-21	16.07
2014-03-22	22.34
2014-03-23	27.70
2014-03-24	41.20
2014-03-25	18.59
2014-03-26	15.23
2014-03-27	150.23
2014-03-28	23.96
2014-03-29	13.45
2014-03-30	13.23
2014-03-31	16.23
2014-04-01	28.66
2014-04-02	27.41
2014-04-03	29.32
2014-04-04	28.62
2014-04-05	28.57
2014-04-06	30.56
2014-04-07	91.36
2014-04-08	25.93
2014-04-09	30.09
2014-04-10	111.36
2014-04-11	180.49
2014-04-12	40.85
2014-04-13	165.51
2014-04-14	202.29
2014-04-15	22.60
2014-04-16	321.21
2014-04-17	217.25
2014-04-18	125.49
2014-04-19	40.20
2014-04-20	143.14
2014-04-21	369.51
2014-04-22	225.08
2014-04-23	40.22
2014-04-24	52.47
2014-04-25	59.80
2014-04-26	59.21
2014-04-27	53.70
2014-04-28	48.86
2014-04-29	47.68
2014-04-30	43.94
2014-05-01	40.65
2014-05-02	44.40
2014-05-03	44.26
2014-05-04	40.00
2014-05-05	36.77
2014-05-06	36.15
2014-05-07	35.37
2014-05-08	34.51
2014-05-09	34.97
2014-05-10	41.34
2014-05-11	39.13
2014-05-12	30.43
2014-05-13	71.81
2014-05-14	30.10
2014-05-15	33.82
2014-05-16	74.91
2014-05-17	29.42
2014-05-18	28.93
2014-05-19	41.46
2014-05-20	31.06
2014-05-21	27.76
2014-05-22	27.30
2014-05-23	26.84
2014-05-24	26.40
2014-05-25	25.96
2014-05-26	25.52
2014-05-27	25.10
2014-05-28	24.68
2014-05-29	24.27
2014-05-30	23.86
2014-05-31	23.47
2014-06-01	23.07
2014-06-02	22.69
2014-06-03	22.31
2014-06-04	21.94
2014-06-05	21.57
2014-06-06	21.21
2014-06-07	20.86
2014-06-08	20.51
2014-06-09	20.17
2014-06-10	19.84
2014-06-11	19.51
2014-06-12	19.18
2014-06-13	18.86
2014-06-14	18.55
2014-06-15	18.24
2014-06-16	17.93
2014-06-17	17.63
2014-06-18	17.34
2014-06-19	17.05
2014-06-20	16.77
2014-06-21	16.49
2014-06-22	16.21
2014-06-23	15.94
2014-06-24	15.68
2014-06-25	15.42
2014-06-26	15.16
2014-06-27	14.91
2014-06-28	14.66
2014-06-29	14.41
2014-06-30	14.17
2014-07-01	13.94
2014-07-02	13.70
2014-07-03	13.48
2014-07-04	13.25
2014-07-05	13.03
2014-07-06	12.81
2014-07-07	12.60
2014-07-08	12.39
2014-07-09	12.18
2014-07-10	11.98
2014-07-11	11.78
2014-07-12	11.58
2014-07-13	11.39
2014-07-14	11.20
2014-07-15	11.01
2014-07-16	10.83
2014-07-17	10.65
2014-07-18	10.47
2014-07-19	10.30
2014-07-20	10.13
2014-07-21	9.96
2014-07-22	9.79
2014-07-23	9.63
2014-07-24	9.47
2014-07-25	9.31
2014-07-26	9.16
2014-07-27	9.00
2014-07-28	8.85
2014-07-29	8.71
2014-07-30	8.56
2014-07-31	8.42
2014-08-01	8.28
2014-08-02	8.14
2014-08-03	8.00
2014-08-04	7.87
2014-08-05	7.74
2014-08-06	7.61
2014-08-07	7.48
2014-08-08	7.36
2014-08-09	7.24
2014-08-10	7.12
2014-08-11	7.00
2014-08-12	6.88
2014-08-13	6.77
2014-08-14	6.65
2014-08-15	6.54
2014-08-16	6.43
2014-08-17	6.33
2014-08-18	6.22
2014-08-19	6.12
2014-08-20	6.01
2014-08-21	5.91
2014-08-22	5.82
2014-08-23	5.72
2014-08-24	5.62
2014-08-25	5.53
2014-08-26	5.44
2014-08-27	5.35
2014-08-28	5.26
2014-08-29	5.17
2014-08-30	5.08
2014-08-31	5.00
2014-09-01	4.92
2014-09-02	4.83
2014-09-03	4.75
2014-09-04	4.67
2014-09-05	4.60
2014-09-06	4.52
2014-09-07	4.44
2014-09-08	4.37
2014-09-09	4.30
2014-09-10	4.23
2014-09-11	4.16
2014-09-12	4.09
2014-09-13	4.02
2014-09-14	3.95
2014-09-15	3.89
2014-09-16	3.82
2014-09-17	3.76
2014-09-18	3.69
2014-09-19	3.63
2014-09-20	3.57
2014-09-21	3.51
2014-09-22	3.45
2014-09-23	3.40
2014-09-24	3.34
2014-09-25	3.28
2014-09-26	3.23
2014-09-27	3.18
2014-09-28	3.12
2014-09-29	3.07
2014-09-30	3.02
2014-10-01	2.97
2014-10-02	2.92
2014-10-03	2.87
2014-10-04	2.82
2014-10-05	2.78
2014-10-06	2.73
2014-10-07	2.68
2014-10-08	2.64
2014-10-09	2.60
2014-10-10	2.55
2014-10-11	2.51
2014-10-12	2.47
2014-10-13	2.43
2014-10-14	2.39
2014-10-15	2.35
2014-10-16	2.31
2014-10-17	4.30
2014-10-18	2.26
2014-10-19	2.23
2014-10-20	2.19
2014-10-21	2.15
2014-10-22	2.12
2014-10-23	2.08
2014-10-24	2.05
2014-10-25	2.01
2014-10-26	1.98
2014-10-27	1.95
2014-10-28	1.91
2014-10-29	1.88
2014-10-30	1.85
2014-10-31	1.82
2014-11-01	2.00
2014-11-02	3.19
2014-11-03	1.76
2014-11-04	1.73
2014-11-05	1.70
2014-11-06	1.67
2014-11-07	7.12
2014-11-08	6.69
2014-11-09	1.76
2014-11-10	1.73
2014-11-11	9.78
2014-11-12	1.80
2014-11-13	1.77
2014-11-14	1.74
2014-11-15	1.71
2014-11-16	1.68
2014-11-17	1.65
2014-11-18	1.63
2014-11-19	1.60
2014-11-20	1.57
2014-11-21	1.55
2014-11-22	1.52
2014-11-23	1.50
2014-11-24	1.47
2014-11-25	1.45
2014-11-26	1.42
2014-11-27	1.40
2014-11-28	1.37
2014-11-29	1.35
2014-11-30	1.33
2014-12-01	1.31
2014-12-02	1.29
2014-12-03	1.26
2014-12-04	1.24
2014-12-05	1.22
2014-12-06	1.20
2014-12-07	1.18
2014-12-08	1.16
2014-12-09	3.58
2014-12-10	23.07
2014-12-11	8.98
2014-12-12	1.59
2014-12-13	1.57
2014-12-14	1.54
2014-12-15	8.10
2014-12-16	4.17
2014-12-17	2.19
2014-12-18	1.59
2014-12-19	1.57
2014-12-20	1.54
2014-12-21	1.51
2014-12-22	1.49
2014-12-23	1.46
2014-12-24	1.44
2014-12-25	1.42
2014-12-26	1.39
2014-12-27	1.37
2014-12-28	1.35
2014-12-29	1.32
2014-12-30	1.30
2014-12-31	1.28
2015-01-01	1.26
2015-01-02	1.24
2015-01-03	1.22
2015-01-04	1.20
2015-01-05	1.18
2015-01-06	1.16
2015-01-07	1.14
2015-01-08	1.12
2015-01-09	3.74
2015-01-10	1.12
2015-01-11	1.11
2015-01-12	1.09
2015-01-13	1.07
2015-01-14	1.05
2015-01-15	1.03
2015-01-16	1.02
2015-01-17	1.00
2015-01-18	0.98
2015-01-19	0.97
2015-01-20	0.95
2015-01-21	0.93
2015-01-22	0.92
2015-01-23	0.90
2015-01-24	0.89
2015-01-25	0.87
2015-01-26	0.86
2015-01-27	0.85
2015-01-28	0.83
2015-01-29	0.82
2015-01-30	0.80
2015-01-31	17.80
2015-02-01	20.68
2015-02-02	1.35
2015-02-03	1.33
2015-02-04	1.31
2015-02-05	1.28
2015-02-06	1.26
2015-02-07	1.24
2015-02-08	1.22
2015-02-09	1.20
2015-02-10	1.18
2015-02-11	3.15
2015-02-12	23.82
2015-02-13	33.05
2015-02-14	47.19
2015-02-15	17.19
2015-02-16	53.45
2015-02-17	4.51
2015-02-18	5.96
2015-02-19	77.39
2015-02-20	4.71
2015-02-21	25.67
2015-02-22	8.62
2015-02-23	5.42
2015-02-24	4.80
2015-02-25	5.47
2015-02-26	10.13
2015-02-27	11.07
2015-02-28	9.70
2015-03-01	14.28
2015-03-02	11.44
2015-03-03	35.16
2015-03-04	160.76
2015-03-05	8.03
2015-03-06	7.97
2015-03-07	13.05
2015-03-08	12.63
2015-03-09	17.27
2015-03-10	22.61
2015-03-11	21.26
2015-03-12	21.04
2015-03-13	37.34
2015-03-14	56.23
2015-03-15	103.32
2015-03-16	246.52
2015-03-17	214.29
2015-03-18	102.71
2015-03-19	30.50
2015-03-20	87.49
2015-03-21	139.42
2015-03-22	80.19
2015-03-23	426.85
2015-03-24	135.47
2015-03-25	62.47
2015-03-26	156.46
2015-03-27	174.15
2015-03-28	103.57
2015-03-29	32.71
2015-03-30	31.89
2015-03-31	31.36
2015-04-01	30.84
2015-04-02	40.12
2015-04-03	86.13
2015-04-04	253.27
2015-04-05	489.90
2015-04-06	349.65
2015-04-07	166.06
2015-04-08	52.03
2015-04-09	63.69
2015-04-10	74.43
2015-04-11	82.94
2015-04-12	177.05
2015-04-13	49.62
2015-04-14	417.74
2015-04-15	145.31
2015-04-16	50.96
2015-04-17	64.37
2015-04-18	95.13
2015-04-19	88.43
2015-04-20	93.60
2015-04-21	84.65
2015-04-22	94.74
2015-04-23	49.35
2015-04-24	60.26
2015-04-25	64.65
2015-04-26	81.75
2015-04-27	66.85
2015-04-28	47.41
2015-04-29	48.32
2015-04-30	50.05
2015-05-01	54.70
2015-05-02	43.52
2015-05-03	100.95
2015-05-04	213.67
2015-05-05	386.06
2015-05-06	161.16
2015-05-07	144.21
2015-05-08	225.63
2015-05-09	310.61
2015-05-10	74.52
2015-05-11	156.18
2015-05-12	89.15
2015-05-13	258.94
2015-05-14	66.11
2015-05-15	66.40
2015-05-16	76.33
2015-05-17	81.16
2015-05-18	80.42
2015-05-19	92.22
2015-05-20	68.50
2015-05-21	67.24
2015-05-22	68.39
2015-05-23	65.48
2015-05-24	60.42
2015-05-25	57.78
2015-05-26	57.03
2015-05-27	56.31
2015-05-28	55.55
2015-05-29	52.52
2015-05-30	51.90
2015-05-31	51.29
2015-06-01	47.44
2015-06-02	45.54
2015-06-03	44.78
2015-06-04	44.03
2015-06-05	43.30
2015-06-06	42.58
2015-06-07	41.87
2015-06-08	41.17
2015-06-09	40.48
2015-06-10	39.81
2015-06-11	39.14
2015-06-12	38.75
2015-06-13	37.85
2015-06-14	37.22
2015-06-15	36.60
2015-06-16	35.99
2015-06-17	35.39
2015-06-18	34.80
2015-06-19	34.22
2015-06-20	33.65
2015-06-21	33.09
2015-06-22	32.54
2015-06-23	32.00
2015-06-24	31.46
2015-06-25	30.94
2015-06-26	30.42
2015-06-27	29.92
2015-06-28	29.42
2015-06-29	28.93
2015-06-30	28.45
2015-07-01	27.97
2015-07-02	27.51
2015-07-03	27.05
2015-07-04	26.60
2015-07-05	26.15
2015-07-06	25.72
2015-07-07	25.29
2015-07-08	24.87
2015-07-09	24.45
2015-07-10	24.05
2015-07-11	23.64
2015-07-12	23.25
2015-07-13	22.86
2015-07-14	22.48
2015-07-15	22.11
2015-07-16	21.74
2015-07-17	21.38
2015-07-18	21.02
2015-07-19	20.67
2015-07-20	20.33
2015-07-21	19.99
2015-07-22	19.65
2015-07-23	19.33
2015-07-24	19.00
2015-07-25	18.69
2015-07-26	18.38
2015-07-27	18.07
2015-07-28	17.77
2015-07-29	17.47
2015-07-30	17.18
2015-07-31	16.89
2015-08-01	16.61
2015-08-02	16.34
2015-08-03	16.06
2015-08-04	15.80
2015-08-05	15.53
2015-08-06	15.27
2015-08-07	15.02
2015-08-08	14.77
2015-08-09	14.52
2015-08-10	14.28
2015-08-11	14.04
2015-08-12	13.81
2015-08-13	13.58
2015-08-14	13.35
2015-08-15	13.13
2015-08-16	12.91
2015-08-17	12.70
2015-08-18	12.48
2015-08-19	12.28
2015-08-20	12.07
2015-08-21	11.87
2015-08-22	11.67
2015-08-23	11.48
2015-08-24	11.29
2015-08-25	11.10
2015-08-26	10.91
2015-08-27	10.73
2015-08-28	10.55
2015-08-29	10.38
2015-08-30	10.20
2015-08-31	10.03
2015-09-01	9.87
2015-09-02	9.70
2015-09-03	9.54
2015-09-04	9.38
2015-09-05	9.23
2015-09-06	9.07
2015-09-07	8.92
2015-09-08	8.77
2015-09-09	8.63
2015-09-10	8.48
2015-09-11	8.34
2015-09-12	8.20
2015-09-13	8.06
2015-09-14	7.93
2015-09-15	7.80
2015-09-16	7.67
2015-09-17	7.54
2015-09-18	7.41
2015-09-19	7.29
2015-09-20	7.17
2015-09-21	7.05
2015-09-22	6.93
2015-09-23	6.82
2015-09-24	6.70
2015-09-25	6.59
2015-09-26	6.48
2015-09-27	6.37
2015-09-28	6.27
2015-09-29	6.16
2015-09-30	6.06
2015-10-01	5.96
2015-10-02	5.86
2015-10-03	5.76
2015-10-04	5.67
2015-10-05	5.57
2015-10-06	5.48
2015-10-07	5.39
2015-10-08	5.30
2015-10-09	5.21
2015-10-10	5.12
2015-10-11	5.04
2015-10-12	4.95
2015-10-13	4.87
2015-10-14	4.79
2015-10-15	4.71
2015-10-16	4.63
2015-10-17	4.55
2015-10-18	4.48
2015-10-19	4.51
2015-10-20	10.04
2015-10-21	6.67
2015-10-22	4.32
2015-10-23	4.24
2015-10-24	4.17
2015-10-25	4.10
2015-10-26	4.04
2015-10-27	3.97
2015-10-28	3.90
2015-10-29	3.84
2015-10-30	3.77
2015-10-31	5.33
2015-11-01	3.67
2015-11-02	3.61
2015-11-03	3.55
2015-11-04	3.49
2015-11-05	3.44
2015-11-06	3.38
2015-11-07	3.32
2015-11-08	3.27
2015-11-09	3.21
2015-11-10	3.16
2015-11-11	3.11
2015-11-12	3.05
2015-11-13	3.00
2015-11-14	2.95
2015-11-15	2.90
2015-11-16	2.86
2015-11-17	2.81
2015-11-18	2.76
2015-11-19	2.72
2015-11-20	2.67
2015-11-21	2.63
2015-11-22	2.58
2015-11-23	2.54
2015-11-24	2.50
2015-11-25	2.46
2015-11-26	2.41
2015-11-27	2.37
2015-11-28	2.34
2015-11-29	14.99
2015-11-30	8.64
2015-12-01	7.48
2015-12-02	6.75
2015-12-03	2.58
2015-12-04	19.21
2015-12-05	2.77
2015-12-06	8.09
2015-12-07	9.11
2015-12-08	9.01
2015-12-09	19.41
2015-12-10	3.09
2015-12-11	3.47
2015-12-12	4.29
2015-12-13	27.23
2015-12-14	4.86
2015-12-15	3.28
2015-12-16	3.22
2015-12-17	3.17
2015-12-18	3.12
2015-12-19	3.06
2015-12-20	28.08
2015-12-21	3.37
2015-12-22	3.31
2015-12-23	3.26
2015-12-24	3.20
2015-12-25	3.15
2015-12-26	3.10
2015-12-27	3.04
2015-12-28	2.99
2015-12-29	2.94
2015-12-30	2.89
2015-12-31	6.10
