2000-01-01	1.79
2000-01-02	1.22
2000-01-03	1.20
2000-01-04	1.18
2000-01-05	1.16
2000-01-06	1.14
2000-01-07	1.12
2000-01-08	1.10
2000-01-09	1.08
2000-01-10	1.06
2000-01-11	1.05
2000-01-12	1.03
2000-01-13	1.01
2000-01-14	0.99
2000-01-15	0.98
2000-01-16	0.96
2000-01-17	0.94
2000-01-18	0.93
2000-01-19	0.91
2000-01-20	0.90
2000-01-21	0.88
2000-01-22	0.87
2000-01-23	0.85
2000-01-24	0.84
2000-01-25	0.83
2000-01-26	0.81
2000-01-27	0.80
2000-01-28	0.79
2000-01-29	0.77
2000-01-30	0.76
2000-01-31	0.75
2000-02-01	0.73
2000-02-02	0.72
2000-02-03	2.96
2000-02-04	0.73
2000-02-05	0.72
2000-02-06	0.71
2000-02-07	0.70
2000-02-08	5.68
2000-02-09	0.76
2000-02-10	19.83
2000-02-11	1.04
2000-02-12	1.02
2000-02-13	1.00
2000-02-14	0.99
2000-02-15	0.97
2000-02-16	0.95
2000-02-17	12.97
2000-02-18	1.12
2000-02-19	1.10
2000-02-20	1.08
2000-02-21	1.06
2000-02-22	1.04
2000-02-23	1.03
2000-02-24	1.01
2000-02-25	0.99
2000-02-26	0.98
2000-02-27	9.17
2000-02-28	1.08
2000-02-29	1.06
2000-03-01	1.04
2000-03-02	1.02
2000-03-03	1.01
2000-03-04	0.99
2000-03-05	0.97
2000-03-06	0.96
2000-03-07	2.88
2000-03-08	28.58
2000-03-09	193.05
2000-03-10	4.45
2000-03-11	4.38
2000-03-12	4.31
2000-03-13	4.23
2000-03-14	4.16
2000-03-15	4.09
2000-03-16	4.03
2000-03-17	3.96
2000-03-18	3.89
2000-03-19	3.83
2000-03-20	615.51
2000-03-21	13.56
2000-03-22	13.34
2000-03-23	13.11
2000-03-24	12.90
2000-03-25	104.71
2000-03-26	251.92
2000-03-27	17.62
2000-03-28	17.26
2000-03-29	16.98
2000-03-30	16.69
2000-03-31	229.81
2000-04-01	373.59
2000-04-02	24.96
2000-04-03	24.55
2000-04-04	24.14
2000-04-05	23.74
2000-04-06	154.26
2000-04-07	25.06
2000-04-08	24.64
2000-04-09	24.23
2000-04-10	23.83
2000-04-11	23.43
2000-04-12	23.04
2000-04-13	22.66
2000-04-14	22.28
2000-04-15	21.91
2000-04-16	21.54
2000-04-17	21.18
2000-04-18	20.83
2000-04-19	20.48
2000-04-20	20.14
2000-04-21	19.81
2000-04-22	19.48
2000-04-23	19.15
2000-04-24	19.48
2000-04-25	18.53
2000-04-26	18.22
2000-04-27	17.92
2000-04-28	17.62
2000-04-29	17.32
2000-04-30	19.48
2000-05-01	16.79
2000-05-02	16.51
2000-05-03	16.24
2000-05-04	15.97
2000-05-05	15.70
2000-05-06	15.44
2000-05-07	15.18
2000-05-08	14.93
2000-05-09	14.68
2000-05-10	14.43
2000-05-11	14.19
2000-05-12	13.96
2000-05-13	13.72
2000-05-14	13.50
2000-05-15	13.27
2000-05-16	13.05
2000-05-17	12.83
2000-05-18	13.76
2000-05-19	12.43
2000-05-20	17.97
2000-05-21	15.00
2000-05-22	11.95
2000-05-23	11.75
2000-05-24	11.56
2000-05-25	11.37
2000-05-26	11.18
2000-05-27	10.99
2000-05-28	10.87
2000-05-29	10.64
2000-05-30	10.45
2000-05-31	10.28
2000-06-01	10.10
2000-06-02	9.94
2000-06-03	10.20
2000-06-04	9.61
2000-06-05	10.93
2000-06-06	69.81
2000-06-07	10.14
2000-06-08	9.97
2000-06-09	32.00
2000-06-10	10.49
2000-06-11	9.84
2000-06-12	9.68
2000-06-13	10.40
2000-06-14	9.37
2000-06-15	9.22
2000-06-16	9.06
2000-06-17	9.37
2000-06-18	8.77
2000-06-19	8.62
2000-06-20	8.48
2000-06-21	11.65
2000-06-22	8.25
2000-06-23	8.12
2000-06-24	7.98
2000-06-25	7.85
2000-06-26	7.72
2000-06-27	7.59
2000-06-28	7.46
2000-06-29	7.34
2000-06-30	7.21
2000-07-01	7.49
2000-07-02	11.05
2000-07-03	6.93
2000-07-04	6.82
2000-07-05	6.70
2000-07-06	6.59
2000-07-07	62.46
2000-07-08	51.54
2000-07-09	7.87
2000-07-10	7.74
2000-07-11	7.61
2000-07-12	7.48
2000-07-13	7.36
2000-07-14	7.23
2000-07-15	36.81
2000-07-16	12.28
2000-07-17	7.43
2000-07-18	7.30
2000-07-19	7.18
2000-07-20	7.06
2000-07-21	6.94
2000-07-22	6.83
2000-07-23	6.71
2000-07-24	6.60
2000-07-25	6.49
2000-07-26	6.38
2000-07-27	6.28
2000-07-28	6.17
2000-07-29	6.07
2000-07-30	5.97
2000-07-31	5.87
2000-08-01	5.77
2000-08-02	5.67
2000-08-03	5.58
2000-08-04	5.49
2000-08-05	5.40
2000-08-06	5.31
2000-08-07	5.22
2000-08-08	5.13
2000-08-09	5.05
2000-08-10	29.10
2000-08-11	5.27
2000-08-12	5.18
2000-08-13	5.09
2000-08-14	5.01
2000-08-15	8.23
2000-08-16	37.67
2000-08-17	5.34
2000-08-18	5.25
2000-08-19	5.17
2000-08-20	5.08
2000-08-21	5.00
2000-08-22	4.91
2000-08-23	4.83
2000-08-24	4.75
2000-08-25	4.67
2000-08-26	4.59
2000-08-27	4.52
2000-08-28	4.44
2000-08-29	4.37
2000-08-30	4.29
2000-08-31	4.22
2000-09-01	4.15
2000-09-02	4.08
2000-09-03	5.76
2000-09-04	18.05
2000-09-05	4.14
2000-09-06	4.07
2000-09-07	4.00
2000-09-08	3.93
2000-09-09	3.87
2000-09-10	3.80
2000-09-11	3.74
2000-09-12	17.40
2000-09-13	5.15
2000-09-14	3.79
2000-09-15	3.73
2000-09-16	3.67
2000-09-17	3.61
2000-09-18	3.55
2000-09-19	3.49
2000-09-20	6.69
2000-09-21	3.43
2000-09-22	3.37
2000-09-23	3.31
2000-09-24	3.80
2000-09-25	3.21
2000-09-26	3.16
2000-09-27	5.62
2000-09-28	3.09
2000-09-29	3.04
2000-09-30	2.99
2000-10-01	2.94
2000-10-02	2.89
2000-10-03	2.85
2000-10-04	292.74
2000-10-05	7.43
2000-10-06	152.41
2000-10-07	170.65
2000-10-08	11.96
2000-10-09	11.76
2000-10-10	11.56
2000-10-11	12.59
2000-10-12	159.54
2000-10-13	13.40
2000-10-14	13.18
2000-10-15	12.96
2000-10-16	12.75
2000-10-17	12.53
2000-10-18	12.32
2000-10-19	12.12
2000-10-20	11.92
2000-10-21	11.72
2000-10-22	11.52
2000-10-23	14.76
2000-10-24	11.20
2000-10-25	11.01
2000-10-26	10.83
2000-10-27	10.65
2000-10-28	10.47
2000-10-29	10.29
2000-10-30	10.12
2000-10-31	9.95
2000-11-01	9.79
2000-11-02	9.63
2000-11-03	9.47
2000-11-04	9.31
2000-11-05	9.15
2000-11-06	10.35
2000-11-07	220.92
2000-11-08	41.11
2000-11-09	12.41
2000-11-10	12.20
2000-11-11	12.00
2000-11-12	11.80
2000-11-13	11.60
2000-11-14	11.41
2000-11-15	16.23
2000-11-16	11.11
2000-11-17	10.93
2000-11-18	10.74
2000-11-19	10.56
2000-11-20	10.39
2000-11-21	10.21
2000-11-22	174.07
2000-11-23	12.52
2000-11-24	12.31
2000-11-25	105.25
2000-11-26	13.41
2000-11-27	13.18
2000-11-28	12.96
2000-11-29	13.25
2000-11-30	1598.10
2000-12-01	37.89
2000-12-02	37.26
2000-12-03	36.64
2000-12-04	36.03
2000-12-05	35.43
2000-12-06	34.84
2000-12-07	34.26
2000-12-08	33.69
2000-12-09	33.13
2000-12-10	32.57
2000-12-11	32.03
2000-12-12	31.50
2000-12-13	30.97
2000-12-14	30.46
2000-12-15	29.95
2000-12-16	29.45
2000-12-17	28.96
2000-12-18	28.48
2000-12-19	28.00
2000-12-20	27.53
2000-12-21	27.08
2000-12-22	26.62
2000-12-23	26.18
2000-12-24	25.74
2000-12-25	25.32
2000-12-26	24.89
2000-12-27	24.48
2000-12-28	24.07
2000-12-29	23.67
2000-12-30	23.28
2000-12-31	22.89
2001-01-01	22.51
2001-01-02	22.13
2001-01-03	21.76
2001-01-04	21.40
2001-01-05	21.04
2001-01-06	20.69
2001-01-07	20.35
2001-01-08	20.01
2001-01-09	19.67
2001-01-10	19.35
2001-01-11	19.02
2001-01-12	18.71
2001-01-13	18.40
2001-01-14	18.09
2001-01-15	17.79
2001-01-16	17.49
2001-01-17	17.20
2001-01-18	16.91
2001-01-19	16.63
2001-01-20	16.35
2001-01-21	16.08
2001-01-22	15.81
2001-01-23	15.55
2001-01-24	15.29
2001-01-25	15.04
2001-01-26	14.78
2001-01-27	14.54
2001-01-28	14.30
2001-01-29	14.06
2001-01-30	13.82
2001-01-31	13.59
2001-02-01	13.37
2001-02-02	13.14
2001-02-03	12.92
2001-02-04	12.71
2001-02-05	12.50
2001-02-06	12.29
2001-02-07	12.08
2001-02-08	11.88
2001-02-09	11.68
2001-02-10	11.49
2001-02-11	11.30
2001-02-12	11.11
2001-02-13	10.93
2001-02-14	10.74
2001-02-15	10.56
2001-02-16	10.39
2001-02-17	10.21
2001-02-18	10.04
2001-02-19	9.88
2001-02-20	9.71
2001-02-21	9.55
2001-02-22	9.39
2001-02-23	9.23
2001-02-24	9.08
2001-02-25	8.93
2001-02-26	8.78
2001-02-27	8.63
2001-02-28	8.49
2001-03-01	8.35
2001-03-02	8.21
2001-03-03	8.07
2001-03-04	7.94
2001-03-05	7.81
2001-03-06	7.68
2001-03-07	7.55
2001-03-08	7.42
2001-03-09	7.30
2001-03-10	7.18
2001-03-11	7.06
2001-03-12	6.94
2001-03-13	6.82
2001-03-14	8.65
2001-03-15	10.11
2001-03-16	6.58
2001-03-17	6.47
2001-03-18	6.36
2001-03-19	9.62
2001-03-20	228.56
2001-03-21	982.01
2001-03-22	25.20
2001-03-23	233.35
2001-03-24	89.13
2001-03-25	113.58
2001-03-26	228.19
2001-03-27	660.95
2001-03-28	688.31
2001-03-29	51.23
2001-03-30	50.37
2001-03-31	49.53
2001-04-01	48.71
2001-04-02	47.89
2001-04-03	47.10
2001-04-04	81.40
2001-04-05	117.66
2001-04-06	128.60
2001-04-07	48.36
2001-04-08	46.28
2001-04-09	45.51
2001-04-10	44.75
2001-04-11	44.00
2001-04-12	43.27
2001-04-13	42.55
2001-04-14	41.84
2001-04-15	79.72
2001-04-16	41.08
2001-04-17	40.39
2001-04-18	39.72
2001-04-19	39.08
2001-04-20	75.44
2001-04-21	38.36
2001-04-22	37.72
2001-04-23	41.84
2001-04-24	336.25
2001-04-25	383.13
2001-04-26	45.61
2001-04-27	44.85
2001-04-28	44.58
2001-04-29	61.77
2001-04-30	42.95
2001-05-01	42.24
2001-05-02	41.53
2001-05-03	535.94
2001-05-04	48.14
2001-05-05	68.79
2001-05-06	189.94
2001-05-07	524.71
2001-05-08	55.78
2001-05-09	54.38
2001-05-10	53.47
2001-05-11	156.33
2001-05-12	53.38
2001-05-13	52.49
2001-05-14	51.61
2001-05-15	50.75
2001-05-16	49.91
2001-05-17	49.07
2001-05-18	48.26
2001-05-19	47.45
2001-05-20	46.66
2001-05-21	45.88
2001-05-22	45.12
2001-05-23	44.37
2001-05-24	43.63
2001-05-25	44.35
2001-05-26	42.21
2001-05-27	41.50
2001-05-28	40.81
2001-05-29	40.13
2001-05-30	39.46
2001-05-31	38.81
2001-06-01	38.16
2001-06-02	37.52
2001-06-03	36.90
2001-06-04	36.28
2001-06-05	42.81
2001-06-06	35.20
2001-06-07	34.61
2001-06-08	34.04
2001-06-09	33.47
2001-06-10	32.91
2001-06-11	32.36
2001-06-12	31.82
2001-06-13	31.29
2001-06-14	30.77
2001-06-15	30.26
2001-06-16	29.75
2001-06-17	40.13
2001-06-18	29.04
2001-06-19	28.46
2001-06-20	27.99
2001-06-21	27.52
2001-06-22	30.66
2001-06-23	45.00
2001-06-24	26.52
2001-06-25	26.08
2001-06-26	25.65
2001-06-27	25.22
2001-06-28	24.80
2001-06-29	24.38
2001-06-30	36.99
2001-07-01	23.79
2001-07-02	23.39
2001-07-03	23.00
2001-07-04	22.62
2001-07-05	22.24
2001-07-06	21.87
2001-07-07	21.51
2001-07-08	21.70
2001-07-09	20.80
2001-07-10	20.46
2001-07-11	20.12
2001-07-12	19.78
2001-07-13	19.45
2001-07-14	594.19
2001-07-15	2709.25
2001-07-16	70.83
2001-07-17	69.65
2001-07-18	68.49
2001-07-19	183.17
2001-07-20	489.15
2001-07-21	73.75
2001-07-22	72.52
2001-07-23	71.31
2001-07-24	70.12
2001-07-25	68.95
2001-07-26	69.44
2001-07-27	66.70
2001-07-28	65.59
2001-07-29	64.49
2001-07-30	63.42
2001-07-31	62.36
2001-08-01	61.32
2001-08-02	60.30
2001-08-03	59.30
2001-08-04	58.31
2001-08-05	57.34
2001-08-06	56.38
2001-08-07	55.44
2001-08-08	54.52
2001-08-09	57.02
2001-08-10	52.77
2001-08-11	51.89
2001-08-12	51.02
2001-08-13	50.17
2001-08-14	49.34
2001-08-15	48.52
2001-08-16	47.71
2001-08-17	46.91
2001-08-18	46.13
2001-08-19	45.75
2001-08-20	47.98
2001-08-21	43.92
2001-08-22	43.19
2001-08-23	338.68
2001-08-24	46.80
2001-08-25	45.77
2001-08-26	45.56
2001-08-27	44.26
2001-08-28	43.52
2001-08-29	42.80
2001-08-30	42.09
2001-08-31	41.38
2001-09-01	40.69
2001-09-02	40.02
2001-09-03	39.35
2001-09-04	38.69
2001-09-05	41.90
2001-09-06	37.57
2001-09-07	41.94
2001-09-08	36.32
2001-09-09	35.72
2001-09-10	72.85
2001-09-11	35.19
2001-09-12	37.06
2001-09-13	2249.34
2001-09-14	215.57
2001-09-15	70.37
2001-09-16	69.20
2001-09-17	68.05
2001-09-18	68.42
2001-09-19	888.53
2001-09-20	149.84
2001-09-21	77.85
2001-09-22	76.55
2001-09-23	75.27
2001-09-24	74.02
2001-09-25	72.79
2001-09-26	71.57
2001-09-27	70.38
2001-09-28	69.21
2001-09-29	68.05
2001-09-30	66.92
2001-10-01	68.79
2001-10-02	64.75
2001-10-03	63.68
2001-10-04	62.61
2001-10-05	61.57
2001-10-06	60.54
2001-10-07	59.54
2001-10-08	58.54
2001-10-09	57.57
2001-10-10	56.61
2001-10-11	60.67
2001-10-12	65.15
2001-10-13	54.07
2001-10-14	966.62
2001-10-15	67.14
2001-10-16	65.89
2001-10-17	64.80
2001-10-18	104.27
2001-10-19	63.31
2001-10-20	97.46
2001-10-21	61.78
2001-10-22	60.75
2001-10-23	59.74
2001-10-24	58.74
2001-10-25	57.77
2001-10-26	56.80
2001-10-27	55.86
2001-10-28	54.92
2001-10-29	54.01
2001-10-30	53.11
2001-10-31	52.22
2001-11-01	51.35
2001-11-02	51.39
2001-11-03	49.67
2001-11-04	48.84
2001-11-05	48.03
2001-11-06	47.23
2001-11-07	46.44
2001-11-08	45.98
2001-11-09	45.10
2001-11-10	44.17
2001-11-11	43.43
2001-11-12	66.14
2001-11-13	43.05
2001-11-14	41.68
2001-11-15	40.98
2001-11-16	40.89
2001-11-17	78.33
2001-11-18	49.95
2001-11-19	39.11
2001-11-20	38.46
2001-11-21	37.81
2001-11-22	37.18
2001-11-23	36.56
2001-11-24	35.95
2001-11-25	35.36
2001-11-26	34.77
2001-11-27	34.19
2001-11-28	33.62
2001-11-29	33.06
2001-11-30	32.51
2001-12-01	31.96
2001-12-02	153.22
2001-12-03	32.87
2001-12-04	32.32
2001-12-05	31.78
2001-12-06	31.25
2001-12-07	30.73
2001-12-08	30.22
2001-12-09	29.72
2001-12-10	29.22
2001-12-11	28.74
2001-12-12	28.26
2001-12-13	27.79
2001-12-14	27.32
2001-12-15	26.87
2001-12-16	26.42
2001-12-17	25.98
2001-12-18	25.55
2001-12-19	25.12
2001-12-20	24.70
2001-12-21	24.29
2001-12-22	23.88
2001-12-23	23.49
2001-12-24	23.10
2001-12-25	22.71
2001-12-26	22.33
2001-12-27	21.96
2001-12-28	21.59
2001-12-29	21.23
2001-12-30	20.88
2001-12-31	20.53
2002-01-01	20.19
2002-01-02	19.85
2002-01-03	19.52
2002-01-04	19.20
2002-01-05	18.88
2002-01-06	18.56
2002-01-07	18.25
2002-01-08	17.95
2002-01-09	17.65
2002-01-10	17.36
2002-01-11	17.07
2002-01-12	16.78
2002-01-13	16.50
2002-01-14	16.23
2002-01-15	15.96
2002-01-16	15.69
2002-01-17	15.43
2002-01-18	15.17
2002-01-19	14.92
2002-01-20	14.67
2002-01-21	14.43
2002-01-22	14.19
2002-01-23	13.95
2002-01-24	13.72
2002-01-25	13.49
2002-01-26	13.26
2002-01-27	13.04
2002-01-28	12.82
2002-01-29	12.61
2002-01-30	12.40
2002-01-31	12.19
2002-02-01	12.74
2002-02-02	11.80
2002-02-03	12.90
2002-02-04	11.43
2002-02-05	11.24
2002-02-06	11.06
2002-02-07	194.75
2002-02-08	139.18
2002-02-09	15.45
2002-02-10	15.19
2002-02-11	14.94
2002-02-12	14.69
2002-02-13	14.45
2002-02-14	207.28
2002-02-15	17.08
2002-02-16	16.80
2002-02-17	16.52
2002-02-18	16.24
2002-02-19	15.97
2002-02-20	15.70
2002-02-21	15.44
2002-02-22	15.19
2002-02-23	14.93
2002-02-24	14.68
2002-02-25	14.44
2002-02-26	14.20
2002-02-27	13.96
2002-02-28	13.73
2002-03-01	13.50
2002-03-02	13.27
2002-03-03	13.05
2002-03-04	12.84
2002-03-05	80.10
2002-03-06	273.23
2002-03-07	103.89
2002-03-08	18.56
2002-03-09	25.10
2002-03-10	484.30
2002-03-11	588.97
2002-03-12	33.94
2002-03-13	153.32
2002-03-14	34.75
2002-03-15	34.17
2002-03-16	33.60
2002-03-17	33.04
2002-03-18	32.49
2002-03-19	31.95
2002-03-20	31.42
2002-03-21	32.38
2002-03-22	34.26
2002-03-23	186.84
2002-03-24	332.65
2002-03-25	623.49
2002-03-26	736.09
2002-03-27	203.99
2002-03-28	57.95
2002-03-29	56.08
2002-03-30	55.15
2002-03-31	54.23
2002-04-01	53.32
2002-04-02	52.43
2002-04-03	52.80
2002-04-04	65.40
2002-04-05	50.11
2002-04-06	50.67
2002-04-07	48.96
2002-04-08	83.91
2002-04-09	204.81
2002-04-10	153.53
2002-04-11	167.73
2002-04-12	51.14
2002-04-13	50.28
2002-04-14	49.45
2002-04-15	48.62
2002-04-16	47.81
2002-04-17	47.01
2002-04-18	46.23
2002-04-19	45.46
2002-04-20	44.70
2002-04-21	43.96
2002-04-22	43.23
2002-04-23	42.50
2002-04-24	41.80
2002-04-25	41.10
2002-04-26	40.41
2002-04-27	39.74
2002-04-28	39.08
2002-04-29	38.43
2002-04-30	37.79
2002-05-01	37.16
2002-05-02	36.54
2002-05-03	35.93
2002-05-04	35.33
2002-05-05	34.74
2002-05-06	34.16
2002-05-07	33.59
2002-05-08	33.03
2002-05-09	32.48
2002-05-10	32.12
2002-05-11	31.41
2002-05-12	30.89
2002-05-13	30.37
2002-05-14	29.87
2002-05-15	29.37
2002-05-16	28.88
2002-05-17	28.40
2002-05-18	27.93
2002-05-19	27.46
2002-05-20	27.00
2002-05-21	26.55
2002-05-22	26.11
2002-05-23	26.01
2002-05-24	25.25
2002-05-25	24.83
2002-05-26	24.42
2002-05-27	24.01
2002-05-28	23.61
2002-05-29	23.22
2002-05-30	22.83
2002-05-31	22.55
2002-06-01	23.83
2002-06-02	47.94
2002-06-03	29.08
2002-06-04	21.55
2002-06-05	21.19
2002-06-06	20.84
2002-06-07	20.49
2002-06-08	20.15
2002-06-09	19.81
2002-06-10	19.48
2002-06-11	19.16
2002-06-12	18.84
2002-06-13	18.53
2002-06-14	18.22
2002-06-15	22.99
2002-06-16	17.70
2002-06-17	17.40
2002-06-18	17.11
2002-06-19	16.83
2002-06-20	16.55
2002-06-21	16.76
2002-06-22	19.55
2002-06-23	15.80
2002-06-24	15.53
2002-06-25	15.28
2002-06-26	15.02
2002-06-27	14.77
2002-06-28	14.52
2002-06-29	18.40
2002-06-30	15.31
2002-07-01	13.89
2002-07-02	16.00
2002-07-03	13.47
2002-07-04	13.25
2002-07-05	13.03
2002-07-06	12.81
2002-07-07	12.60
2002-07-08	12.39
2002-07-09	345.82
2002-07-10	29.92
2002-07-11	17.27
2002-07-12	18.16
2002-07-13	16.72
2002-07-14	19.77
2002-07-15	16.22
2002-07-16	17.38
2002-07-17	15.71
2002-07-18	15.44
2002-07-19	15.19
2002-07-20	14.93
2002-07-21	14.68
2002-07-22	14.44
2002-07-23	14.20
2002-07-24	13.96
2002-07-25	13.73
2002-07-26	13.50
2002-07-27	13.28
2002-07-28	13.05
2002-07-29	12.84
2002-07-30	12.62
2002-07-31	12.41
2002-08-01	12.21
2002-08-02	13.42
2002-08-03	12.01
2002-08-04	11.63
2002-08-05	11.44
2002-08-06	11.25
2002-08-07	12.44
2002-08-08	10.90
2002-08-09	10.72
2002-08-10	11.44
2002-08-11	53.78
2002-08-12	45.28
2002-08-13	11.27
2002-08-14	11.09
2002-08-15	10.90
2002-08-16	10.72
2002-08-17	10.54
2002-08-18	10.51
2002-08-19	10.85
2002-08-20	10.04
2002-08-21	9.87
2002-08-22	9.70
2002-08-23	9.54
2002-08-24	9.38
2002-08-25	9.23
2002-08-26	9.07
2002-08-27	8.92
2002-08-28	8.77
2002-08-29	8.63
2002-08-30	8.48
2002-08-31	8.34
2002-09-01	8.20
2002-09-02	8.07
2002-09-03	8.66
2002-09-04	7.81
2002-09-05	7.68
2002-09-06	7.55
2002-09-07	7.43
2002-09-08	7.30
2002-09-09	7.18
2002-09-10	7.06
2002-09-11	6.94
2002-09-12	7.21
2002-09-13	8.79
2002-09-14	6.64
2002-09-15	6.53
2002-09-16	6.42
2002-09-17	6.32
2002-09-18	6.21
2002-09-19	6.11
2002-09-20	6.01
2002-09-21	5.91
2002-09-22	5.81
2002-09-23	5.71
2002-09-24	5.80
2002-09-25	6.98
2002-09-26	5.46
2002-09-27	5.36
2002-09-28	5.28
2002-09-29	5.19
2002-09-30	5.10
2002-10-01	8.70
2002-10-02	24.06
2002-10-03	176.41
2002-10-04	15.96
2002-10-05	7.89
2002-10-06	32.57
2002-10-07	8.03
2002-10-08	70.05
2002-10-09	8.76
2002-10-10	8.62
2002-10-11	8.47
2002-10-12	45.18
2002-10-13	145.68
2002-10-14	10.85
2002-10-15	10.67
2002-10-16	29.19
2002-10-17	10.62
2002-10-18	10.44
2002-10-19	10.26
2002-10-20	10.09
2002-10-21	9.93
2002-10-22	9.76
2002-10-23	9.60
2002-10-24	9.44
2002-10-25	9.28
2002-10-26	9.13
2002-10-27	8.97
2002-10-28	8.82
2002-10-29	8.68
2002-10-30	8.53
2002-10-31	8.39
2002-11-01	12.26
2002-11-02	8.18
2002-11-03	8.04
2002-11-04	7.91
2002-11-05	7.78
2002-11-06	8.01
2002-11-07	7.52
2002-11-08	7.40
2002-11-09	7.28
2002-11-10	8.22
2002-11-11	7.05
2002-11-12	7.30
2002-11-13	6.82
2002-11-14	6.71
2002-11-15	6.60
2002-11-16	7.01
2002-11-17	6.39
2002-11-18	6.28
2002-11-19	6.18
2002-11-20	6.08
2002-11-21	6.97
2002-11-22	5.89
2002-11-23	5.79
2002-11-24	5.70
2002-11-25	5.60
2002-11-26	5.51
2002-11-27	5.42
2002-11-28	5.33
2002-11-29	5.24
2002-11-30	5.15
2002-12-01	5.06
2002-12-02	47.92
2002-12-03	5.59
2002-12-04	5.50
2002-12-05	5.40
2002-12-06	5.31
2002-12-07	5.22
2002-12-08	5.14
2002-12-09	5.05
2002-12-10	4.97
2002-12-11	4.89
2002-12-12	4.80
2002-12-13	4.72
2002-12-14	4.65
2002-12-15	4.57
2002-12-16	4.49
2002-12-17	4.42
2002-12-18	4.34
2002-12-19	4.27
2002-12-20	4.20
2002-12-21	4.13
2002-12-22	4.06
2002-12-23	3.99
2002-12-24	3.93
2002-12-25	3.86
2002-12-26	3.80
2002-12-27	3.73
2002-12-28	3.67
2002-12-29	3.61
2002-12-30	3.55
2002-12-31	3.49
2003-01-01	3.43
2003-01-02	3.38
2003-01-03	3.32
2003-01-04	3.26
2003-01-05	3.21
2003-01-06	3.16
2003-01-07	3.10
2003-01-08	3.05
2003-01-09	3.00
2003-01-10	2.95
2003-01-11	2.90
2003-01-12	2.85
2003-01-13	2.81
2003-01-14	2.76
2003-01-15	2.71
2003-01-16	2.67
2003-01-17	2.62
2003-01-18	2.58
2003-01-19	2.54
2003-01-20	2.49
2003-01-21	2.45
2003-01-22	2.41
2003-01-23	2.37
2003-01-24	2.33
2003-01-25	2.29
2003-01-26	2.25
2003-01-27	2.22
2003-01-28	2.18
2003-01-29	2.14
2003-01-30	2.11
2003-01-31	2.07
2003-02-01	2.04
2003-02-02	2.00
2003-02-03	1.97
2003-02-04	1.94
2003-02-05	1.91
2003-02-06	1.87
2003-02-07	1.84
2003-02-08	1.81
2003-02-09	1.78
2003-02-10	1.75
2003-02-11	5.04
2003-02-12	1.75
2003-02-13	1.72
2003-02-14	1.69
2003-02-15	1.66
2003-02-16	1.63
2003-02-17	1.61
2003-02-18	1.58
2003-02-19	1.55
2003-02-20	1.53
2003-02-21	1.50
2003-02-22	1.48
2003-02-23	1.45
2003-02-24	1.43
2003-02-25	1.40
2003-02-26	1.38
2003-02-27	1.36
2003-02-28	1.34
2003-03-01	1.31
2003-03-02	1.29
2003-03-03	1.27
2003-03-04	1.25
2003-03-05	1.23
2003-03-06	1.21
2003-03-07	1.19
2003-03-08	1.17
2003-03-09	1.15
2003-03-10	1.13
2003-03-11	1.11
2003-03-12	1.09
2003-03-13	1.07
2003-03-14	1.06
2003-03-15	1.04
2003-03-16	1.02
2003-03-17	1.00
2003-03-18	0.99
2003-03-19	0.97
2003-03-20	0.95
2003-03-21	0.94
2003-03-22	0.92
2003-03-23	0.91
2003-03-24	0.89
2003-03-25	0.88
2003-03-26	0.86
2003-03-27	0.85
2003-03-28	0.83
2003-03-29	0.82
2003-03-30	0.81
2003-03-31	0.79
2003-04-01	0.78
2003-04-02	4.59
2003-04-03	0.82
2003-04-04	11.21
2003-04-05	139.94
2003-04-06	890.80
2003-04-07	736.59
2003-04-08	148.03
2003-04-09	30.18
2003-04-10	29.68
2003-04-11	29.19
2003-04-12	28.70
2003-04-13	176.66
2003-04-14	30.14
2003-04-15	158.33
2003-04-16	1098.69
2003-04-17	47.91
2003-04-18	47.11
2003-04-19	46.33
2003-04-20	1035.41
2003-04-21	60.75
2003-04-22	59.74
2003-04-23	58.74
2003-04-24	57.76
2003-04-25	57.77
2003-04-26	55.87
2003-04-27	54.94
2003-04-28	54.02
2003-04-29	53.12
2003-04-30	58.98
2003-05-01	561.52
2003-05-02	58.84
2003-05-03	281.12
2003-05-04	386.16
2003-05-05	64.73
2003-05-06	63.66
2003-05-07	253.95
2003-05-08	64.64
2003-05-09	63.56
2003-05-10	62.50
2003-05-11	61.46
2003-05-12	60.43
2003-05-13	59.43
2003-05-14	58.44
2003-05-15	57.46
2003-05-16	56.50
2003-05-17	55.56
2003-05-18	55.71
2003-05-19	53.74
2003-05-20	52.85
2003-05-21	51.97
2003-05-22	51.10
2003-05-23	50.25
2003-05-24	49.41
2003-05-25	48.59
2003-05-26	47.78
2003-05-27	47.08
2003-05-28	49.39
2003-05-29	51.99
2003-05-30	47.78
2003-05-31	44.13
2003-06-01	43.39
2003-06-02	42.67
2003-06-03	438.30
2003-06-04	79.89
2003-06-05	47.37
2003-06-06	46.59
2003-06-07	45.81
2003-06-08	58.72
2003-06-09	350.59
2003-06-10	304.86
2003-06-11	52.02
2003-06-12	51.16
2003-06-13	50.30
2003-06-14	50.32
2003-06-15	49.69
2003-06-16	47.86
2003-06-17	47.88
2003-06-18	46.29
2003-06-19	48.76
2003-06-20	44.81
2003-06-21	57.67
2003-06-22	43.55
2003-06-23	42.89
2003-06-24	42.11
2003-06-25	41.41
2003-06-26	40.72
2003-06-27	40.34
2003-06-28	44.28
2003-06-29	38.80
2003-06-30	38.16
2003-07-01	37.52
2003-07-02	36.90
2003-07-03	36.28
2003-07-04	35.68
2003-07-05	35.08
2003-07-06	41.41
2003-07-07	518.91
2003-07-08	560.09
2003-07-09	48.96
2003-07-10	48.14
2003-07-11	47.34
2003-07-12	46.55
2003-07-13	45.77
2003-07-14	45.01
2003-07-15	44.26
2003-07-16	43.52
2003-07-17	42.80
2003-07-18	42.08
2003-07-19	41.38
2003-07-20	44.52
2003-07-21	40.08
2003-07-22	39.41
2003-07-23	38.75
2003-07-24	38.11
2003-07-25	37.47
2003-07-26	36.85
2003-07-27	36.23
2003-07-28	35.63
2003-07-29	35.03
2003-07-30	34.45
2003-07-31	33.88
2003-08-01	33.31
2003-08-02	32.76
2003-08-03	32.21
2003-08-04	31.67
2003-08-05	31.15
2003-08-06	30.63
2003-08-07	30.12
2003-08-08	29.61
2003-08-09	29.12
2003-08-10	28.64
2003-08-11	28.16
2003-08-12	27.69
2003-08-13	27.23
2003-08-14	26.77
2003-08-15	26.50
2003-08-16	25.89
2003-08-17	25.46
2003-08-18	25.04
2003-08-19	24.62
2003-08-20	24.21
2003-08-21	23.80
2003-08-22	23.41
2003-08-23	23.02
2003-08-24	22.63
2003-08-25	22.26
2003-08-26	34.89
2003-08-27	22.95
2003-08-28	21.39
2003-08-29	21.03
2003-08-30	20.68
2003-08-31	20.34
2003-09-01	20.00
2003-09-02	19.66
2003-09-03	19.34
2003-09-04	19.21
2003-09-05	18.70
2003-09-06	18.39
2003-09-07	18.08
2003-09-08	17.78
2003-09-09	17.48
2003-09-10	17.19
2003-09-11	21.29
2003-09-12	17.61
2003-09-13	16.43
2003-09-14	16.16
2003-09-15	42.71
2003-09-16	16.06
2003-09-17	15.79
2003-09-18	15.53
2003-09-19	15.38
2003-09-20	15.01
2003-09-21	14.76
2003-09-22	14.52
2003-09-23	14.28
2003-09-24	14.04
2003-09-25	14.13
2003-09-26	18.36
2003-09-27	13.43
2003-09-28	13.21
2003-09-29	23.75
2003-09-30	42.81
2003-10-01	117.91
2003-10-02	30.82
2003-10-03	14.69
2003-10-04	14.45
2003-10-05	14.21
2003-10-06	13.97
2003-10-07	13.74
2003-10-08	13.51
2003-10-09	13.28
2003-10-10	13.06
2003-10-11	12.84
2003-10-12	13.31
2003-10-13	12.43
2003-10-14	12.22
2003-10-15	12.02
2003-10-16	12.59
2003-10-17	11.63
2003-10-18	11.44
2003-10-19	11.25
2003-10-20	11.06
2003-10-21	10.88
2003-10-22	10.70
2003-10-23	13.05
2003-10-24	10.38
2003-10-25	10.21
2003-10-26	10.04
2003-10-27	12.39
2003-10-28	11.04
2003-10-29	9.61
2003-10-30	9.45
2003-10-31	9.29
2003-11-01	9.14
2003-11-02	10.51
2003-11-03	8.86
2003-11-04	10.09
2003-11-05	9.80
2003-11-06	8.46
2003-11-07	8.32
2003-11-08	8.18
2003-11-09	8.05
2003-11-10	7.91
2003-11-11	7.78
2003-11-12	7.65
2003-11-13	7.52
2003-11-14	7.40
2003-11-15	11.62
2003-11-16	7.22
2003-11-17	7.10
2003-11-18	6.99
2003-11-19	6.87
2003-11-20	6.76
2003-11-21	7.21
2003-11-22	6.54
2003-11-23	6.43
2003-11-24	6.32
2003-11-25	48.98
2003-11-26	6.81
2003-11-27	6.69
2003-11-28	6.58
2003-11-29	6.47
2003-11-30	6.36
2003-12-01	6.26
2003-12-02	6.15
2003-12-03	6.05
2003-12-04	5.95
2003-12-05	5.85
2003-12-06	5.75
2003-12-07	5.66
2003-12-08	5.56
2003-12-09	5.47
2003-12-10	5.38
2003-12-11	5.29
2003-12-12	5.20
2003-12-13	5.11
2003-12-14	5.03
2003-12-15	4.94
2003-12-16	4.86
2003-12-17	4.78
2003-12-18	4.70
2003-12-19	4.62
2003-12-20	4.55
2003-12-21	4.47
2003-12-22	4.40
2003-12-23	4.32
2003-12-24	4.25
2003-12-25	4.18
2003-12-26	4.11
2003-12-27	4.04
2003-12-28	3.97
2003-12-29	3.91
2003-12-30	3.84
2003-12-31	3.78
2004-01-01	3.72
2004-01-02	3.65
2004-01-03	3.59
2004-01-04	3.53
2004-01-05	3.47
2004-01-06	3.42
2004-01-07	3.36
2004-01-08	3.30
2004-01-09	3.25
2004-01-10	3.19
2004-01-11	3.14
2004-01-12	3.09
2004-01-13	3.04
2004-01-14	2.99
2004-01-15	2.94
2004-01-16	2.89
2004-01-17	2.84
2004-01-18	2.79
2004-01-19	2.75
2004-01-20	2.70
2004-01-21	2.66
2004-01-22	2.61
2004-01-23	2.57
2004-01-24	2.52
2004-01-25	2.48
2004-01-26	2.44
2004-01-27	2.40
2004-01-28	2.36
2004-01-29	2.32
2004-01-30	2.28
2004-01-31	2.24
2004-02-01	2.21
2004-02-02	2.17
2004-02-03	2.13
2004-02-04	2.10
2004-02-05	2.06
2004-02-06	2.03
2004-02-07	2.00
2004-02-08	1.96
2004-02-09	1.93
2004-02-10	1.90
2004-02-11	1.87
2004-02-12	1.83
2004-02-13	1.80
2004-02-14	1.77
2004-02-15	1.74
2004-02-16	1.72
2004-02-17	1.69
2004-02-18	4.71
2004-02-19	4.26
2004-02-20	26.87
2004-02-21	2.07
2004-02-22	2.04
2004-02-23	2.00
2004-02-24	39.51
2004-02-25	115.87
2004-02-26	4.33
2004-02-27	4.25
2004-02-28	4.18
2004-02-29	4.11
2004-03-01	4.04
2004-03-02	4.91
2004-03-03	65.71
2004-03-04	319.30
2004-03-05	9.84
2004-03-06	9.68
2004-03-07	9.52
2004-03-08	9.36
2004-03-09	225.12
2004-03-10	12.53
2004-03-11	12.32
2004-03-12	12.12
2004-03-13	11.92
2004-03-14	11.72
2004-03-15	11.52
2004-03-16	11.33
2004-03-17	11.14
2004-03-18	10.96
2004-03-19	10.77
2004-03-20	10.59
2004-03-21	10.42
2004-03-22	10.24
2004-03-23	10.07
2004-03-24	9.90
2004-03-25	9.74
2004-03-26	9.58
2004-03-27	9.42
2004-03-28	9.26
2004-03-29	9.11
2004-03-30	8.95
2004-03-31	8.81
2004-04-01	11.25
2004-04-02	186.40
2004-04-03	202.75
2004-04-04	220.02
2004-04-05	221.60
2004-04-06	825.56
2004-04-07	551.53
2004-04-08	1222.95
2004-04-09	3245.58
2004-04-10	1127.25
2004-04-11	198.63
2004-04-12	126.10
2004-04-13	121.33
2004-04-14	653.18
2004-04-15	602.90
2004-04-16	131.39
2004-04-17	129.20
2004-04-18	127.05
2004-04-19	124.93
2004-04-20	122.85
2004-04-21	120.80
2004-04-22	118.79
2004-04-23	140.32
2004-04-24	672.36
2004-04-25	122.30
2004-04-26	120.26
2004-04-27	119.20
2004-04-28	522.87
2004-04-29	120.92
2004-04-30	159.05
2004-05-01	196.01
2004-05-02	116.87
2004-05-03	116.53
2004-05-04	149.63
2004-05-05	111.74
2004-05-06	109.88
2004-05-07	108.05
2004-05-08	106.25
2004-05-09	104.48
2004-05-10	102.73
2004-05-11	101.02
2004-05-12	99.34
2004-05-13	97.68
2004-05-14	96.06
2004-05-15	94.45
2004-05-16	134.63
2004-05-17	94.35
2004-05-18	90.51
2004-05-19	89.00
2004-05-20	87.52
2004-05-21	86.06
2004-05-22	84.62
2004-05-23	83.31
2004-05-24	88.77
2004-05-25	80.58
2004-05-26	85.61
2004-05-27	160.50
2004-05-28	690.73
2004-05-29	175.28
2004-05-30	86.61
2004-05-31	85.16
2004-06-01	83.74
2004-06-02	82.35
2004-06-03	80.98
2004-06-04	79.63
2004-06-05	78.30
2004-06-06	76.99
2004-06-07	89.76
2004-06-08	95.97
2004-06-09	73.77
2004-06-10	72.54
2004-06-11	71.34
2004-06-12	70.15
2004-06-13	68.98
2004-06-14	67.83
2004-06-15	66.70
2004-06-16	65.59
2004-06-17	64.49
2004-06-18	63.42
2004-06-19	63.74
2004-06-20	61.34
2004-06-21	60.32
2004-06-22	59.43
2004-06-23	74.45
2004-06-24	58.51
2004-06-25	56.67
2004-06-26	55.73
2004-06-27	54.80
2004-06-28	53.88
2004-06-29	53.43
2004-06-30	52.36
2004-07-01	51.85
2004-07-02	51.37
2004-07-03	49.58
2004-07-04	48.75
2004-07-05	47.94
2004-07-06	47.14
2004-07-07	46.35
2004-07-08	45.58
2004-07-09	44.82
2004-07-10	44.07
2004-07-11	43.34
2004-07-12	42.62
2004-07-13	41.91
2004-07-14	41.21
2004-07-15	42.66
2004-07-16	40.37
2004-07-17	39.22
2004-07-18	38.57
2004-07-19	37.93
2004-07-20	37.30
2004-07-21	36.67
2004-07-22	36.06
2004-07-23	37.42
2004-07-24	34.90
2004-07-25	34.32
2004-07-26	57.80
2004-07-27	33.57
2004-07-28	33.01
2004-07-29	32.46
2004-07-30	31.92
2004-07-31	31.39
2004-08-01	30.87
2004-08-02	30.35
2004-08-03	29.85
2004-08-04	29.35
2004-08-05	28.86
2004-08-06	28.38
2004-08-07	27.91
2004-08-08	27.44
2004-08-09	26.98
2004-08-10	27.83
2004-08-11	26.79
2004-08-12	25.69
2004-08-13	25.26
2004-08-14	25.03
2004-08-15	24.43
2004-08-16	24.02
2004-08-17	23.62
2004-08-18	24.78
2004-08-19	22.87
2004-08-20	22.48
2004-08-21	22.11
2004-08-22	21.74
2004-08-23	21.38
2004-08-24	21.02
2004-08-25	20.67
2004-08-26	20.33
2004-08-27	19.99
2004-08-28	34.73
2004-08-29	19.57
2004-08-30	19.24
2004-08-31	18.92
2004-09-01	18.61
2004-09-02	18.30
2004-09-03	17.99
2004-09-04	17.69
2004-09-05	17.40
2004-09-06	17.11
2004-09-07	19.06
2004-09-08	19.79
2004-09-09	16.35
2004-09-10	16.08
2004-09-11	15.81
2004-09-12	18.03
2004-09-13	15.33
2004-09-14	16.06
2004-09-15	14.84
2004-09-16	14.59
2004-09-17	14.35
2004-09-18	23.90
2004-09-19	14.03
2004-09-20	13.80
2004-09-21	13.57
2004-09-22	13.34
2004-09-23	13.12
2004-09-24	12.90
2004-09-25	12.85
2004-09-26	12.48
2004-09-27	12.27
2004-09-28	12.07
2004-09-29	11.86
2004-09-30	11.67
2004-10-01	11.47
2004-10-02	11.28
2004-10-03	11.09
2004-10-04	10.91
2004-10-05	10.73
2004-10-06	11.96
2004-10-07	10.39
2004-10-08	10.22
2004-10-09	10.05
2004-10-10	9.88
2004-10-11	9.72
2004-10-12	9.56
2004-10-13	9.40
2004-10-14	9.24
2004-10-15	9.09
2004-10-16	11.19
2004-10-17	11.18
2004-10-18	8.71
2004-10-19	8.57
2004-10-20	8.43
2004-10-21	8.29
2004-10-22	8.15
2004-10-23	8.01
2004-10-24	7.88
2004-10-25	7.75
2004-10-26	9.09
2004-10-27	7.51
2004-10-28	7.39
2004-10-29	7.27
2004-10-30	7.14
2004-10-31	7.63
2004-11-01	10.44
2004-11-02	6.86
2004-11-03	6.75
2004-11-04	6.63
2004-11-05	6.52
2004-11-06	6.41
2004-11-07	6.31
2004-11-08	6.20
2004-11-09	6.10
2004-11-10	6.00
2004-11-11	5.90
2004-11-12	5.80
2004-11-13	5.70
2004-11-14	13.16
2004-11-15	5.64
2004-11-16	5.54
2004-11-17	5.45
2004-11-18	5.36
2004-11-19	5.27
2004-11-20	5.18
2004-11-21	5.70
2004-11-22	5.02
2004-11-23	4.94
2004-11-24	4.85
2004-11-25	4.77
2004-11-26	4.69
2004-11-27	4.62
2004-11-28	4.54
2004-11-29	4.46
2004-11-30	4.39
2004-12-01	4.31
2004-12-02	4.24
2004-12-03	4.17
2004-12-04	4.10
2004-12-05	4.03
2004-12-06	3.97
2004-12-07	3.90
2004-12-08	3.84
2004-12-09	4.92
2004-12-10	3.73
2004-12-11	3.67
2004-12-12	3.60
2004-12-13	3.54
2004-12-14	3.49
2004-12-15	3.43
2004-12-16	3.37
2004-12-17	3.31
2004-12-18	3.26
2004-12-19	3.20
2004-12-20	3.15
2004-12-21	3.10
2004-12-22	3.05
2004-12-23	3.00
2004-12-24	2.95
2004-12-25	2.90
2004-12-26	2.85
2004-12-27	2.80
2004-12-28	2.75
2004-12-29	2.71
2004-12-30	2.66
2004-12-31	2.62
2005-01-01	2.58
2005-01-02	2.53
2005-01-03	2.49
2005-01-04	2.45
2005-01-05	2.41
2005-01-06	2.37
2005-01-07	2.33
2005-01-08	2.29
2005-01-09	2.25
2005-01-10	2.21
2005-01-11	2.18
2005-01-12	2.14
2005-01-13	2.11
2005-01-14	2.07
2005-01-15	2.04
2005-01-16	2.00
2005-01-17	1.97
2005-01-18	1.94
2005-01-19	1.90
2005-01-20	1.87
2005-01-21	1.84
2005-01-22	1.81
2005-01-23	1.78
2005-01-24	1.75
2005-01-25	1.72
2005-01-26	1.69
2005-01-27	1.66
2005-01-28	1.64
2005-01-29	1.61
2005-01-30	1.58
2005-01-31	1.56
2005-02-01	1.53
2005-02-02	1.50
2005-02-03	1.48
2005-02-04	1.45
2005-02-05	1.43
2005-02-06	1.41
2005-02-07	1.38
2005-02-08	1.36
2005-02-09	1.34
2005-02-10	1.31
2005-02-11	1.29
2005-02-12	1.27
2005-02-13	4.22
2005-02-14	5.98
2005-02-15	11.42
2005-02-16	1.47
2005-02-17	1.45
2005-02-18	1.42
2005-02-19	1.40
2005-02-20	1.38
2005-02-21	1.35
2005-02-22	1.33
2005-02-23	1.50
2005-02-24	1.29
2005-02-25	6.20
2005-02-26	1.33
2005-02-27	1.30
2005-02-28	1.28
2005-03-01	1.26
2005-03-02	1.24
2005-03-03	1.22
2005-03-04	1.20
2005-03-05	1.18
2005-03-06	1.16
2005-03-07	1.14
2005-03-08	1.12
2005-03-09	1.10
2005-03-10	1.08
2005-03-11	1.07
2005-03-12	1.05
2005-03-13	1.03
2005-03-14	1.01
2005-03-15	1.00
2005-03-16	0.98
2005-03-17	0.96
2005-03-18	0.95
2005-03-19	0.93
2005-03-20	0.92
2005-03-21	0.90
2005-03-22	0.89
2005-03-23	0.87
2005-03-24	1.55
2005-03-25	7.30
2005-03-26	41.64
2005-03-27	2.04
2005-03-28	7.41
2005-03-29	1.63
2005-03-30	1.61
2005-03-31	1.58
2005-04-01	1.55
2005-04-02	1.53
2005-04-03	7.11
2005-04-04	1.57
2005-04-05	1.54
2005-04-06	1.51
2005-04-07	1.49
2005-04-08	1.46
2005-04-09	1.44
2005-04-10	1.42
2005-04-11	1.39
2005-04-12	1.37
2005-04-13	1.35
2005-04-14	1.32
2005-04-15	1.30
2005-04-16	1.28
2005-04-17	1.26
2005-04-18	1.24
2005-04-19	1.22
2005-04-20	1.20
2005-04-21	1.18
2005-04-22	1.16
2005-04-23	1.14
2005-04-24	1.12
2005-04-25	1.10
2005-04-26	1.08
2005-04-27	1.06
2005-04-28	1.05
2005-04-29	1.03
2005-04-30	1.01
2005-05-01	1.00
2005-05-02	0.98
2005-05-03	0.96
2005-05-04	0.95
2005-05-05	1.42
2005-05-06	0.92
2005-05-07	0.91
2005-05-08	0.89
2005-05-09	0.88
2005-05-10	1.32
2005-05-11	0.86
2005-05-12	0.84
2005-05-13	0.83
2005-05-14	0.81
2005-05-15	0.80
2005-05-16	0.79
2005-05-17	0.77
2005-05-18	2.83
2005-05-19	0.78
2005-05-20	0.77
2005-05-21	0.76
2005-05-22	0.74
2005-05-23	0.73
2005-05-24	6.20
2005-05-25	0.80
2005-05-26	0.78
2005-05-27	0.77
2005-05-28	0.76
2005-05-29	0.74
2005-05-30	0.73
2005-05-31	0.72
2005-06-01	0.71
2005-06-02	0.70
2005-06-03	0.68
2005-06-04	0.67
2005-06-05	0.66
2005-06-06	0.65
2005-06-07	0.64
2005-06-08	1.15
2005-06-09	0.63
2005-06-10	0.62
2005-06-11	0.61
2005-06-12	0.60
2005-06-13	0.59
2005-06-14	0.58
2005-06-15	0.57
2005-06-16	0.56
2005-06-17	0.55
2005-06-18	0.54
2005-06-19	0.53
2005-06-20	0.52
2005-06-21	0.51
2005-06-22	0.50
2005-06-23	10.58
2005-06-24	35.69
2005-06-25	4.21
2005-06-26	1.23
2005-06-27	1.21
2005-06-28	1.19
2005-06-29	1.17
2005-06-30	1.15
2005-07-01	1.13
2005-07-02	2.16
2005-07-03	1.11
2005-07-04	1.09
2005-07-05	1.08
2005-07-06	1.06
2005-07-07	1.04
2005-07-08	1.02
2005-07-09	1.40
2005-07-10	0.99
2005-07-11	0.98
2005-07-12	0.96
2005-07-13	0.95
2005-07-14	0.93
2005-07-15	0.91
2005-07-16	0.90
2005-07-17	0.88
2005-07-18	0.87
2005-07-19	0.86
2005-07-20	0.84
2005-07-21	0.83
2005-07-22	0.81
2005-07-23	1.94
2005-07-24	0.80
2005-07-25	0.79
2005-07-26	0.78
2005-07-27	0.77
2005-07-28	0.75
2005-07-29	0.74
2005-07-30	0.73
2005-07-31	0.72
2005-08-01	0.70
2005-08-02	0.69
2005-08-03	0.68
2005-08-04	0.67
2005-08-05	1.73
2005-08-06	12.59
2005-08-07	0.85
2005-08-08	0.83
2005-08-09	0.82
2005-08-10	0.80
2005-08-11	0.79
2005-08-12	0.78
2005-08-13	3.12
2005-08-14	0.79
2005-08-15	0.78
2005-08-16	41.10
2005-08-17	5.85
2005-08-18	9.69
2005-08-19	1.56
2005-08-20	40.43
2005-08-21	2.13
2005-08-22	2.10
2005-08-23	2.06
2005-08-24	2.03
2005-08-25	1.99
2005-08-26	1.96
2005-08-27	1.93
2005-08-28	1.90
2005-08-29	1.87
2005-08-30	1.83
2005-08-31	1.80
2005-09-01	2.58
2005-09-02	1.76
2005-09-03	3.59
2005-09-04	18.72
2005-09-05	2.06
2005-09-06	1.94
2005-09-07	1.91
2005-09-08	3.18
2005-09-09	1.87
2005-09-10	4.72
2005-09-11	65.24
2005-09-12	2.84
2005-09-13	6.96
2005-09-14	2.82
2005-09-15	2.77
2005-09-16	2.72
2005-09-17	2.68
2005-09-18	2.63
2005-09-19	2.59
2005-09-20	2.55
2005-09-21	2.64
2005-09-22	2.46
2005-09-23	2.42
2005-09-24	2.38
2005-09-25	2.34
2005-09-26	2.30
2005-09-27	2.27
2005-09-28	2.23
2005-09-29	2.19
2005-09-30	2.15
2005-10-01	3.23
2005-10-02	2.10
2005-10-03	2.07
2005-10-04	2.03
2005-10-05	2.00
2005-10-06	1.96
2005-10-07	2.88
2005-10-08	1.91
2005-10-09	1.88
2005-10-10	1.85
2005-10-11	1.82
2005-10-12	1.79
2005-10-13	1.76
2005-10-14	1.73
2005-10-15	1.70
2005-10-16	1.67
2005-10-17	1.65
2005-10-18	1.62
2005-10-19	1.59
2005-10-20	1.57
2005-10-21	1.54
2005-10-22	1.51
2005-10-23	17.93
2005-10-24	1.73
2005-10-25	1.70
2005-10-26	3.49
2005-10-27	5.47
2005-10-28	1.71
2005-10-29	1.68
2005-10-30	1.65
2005-10-31	1.62
2005-11-01	1.59
2005-11-02	1.57
2005-11-03	1.54
2005-11-04	2.32
2005-11-05	1.50
2005-11-06	1.48
2005-11-07	31.30
2005-11-08	1.91
2005-11-09	1.88
2005-11-10	1.85
2005-11-11	1.82
2005-11-12	1.79
2005-11-13	1.76
2005-11-14	9.07
2005-11-15	31.65
2005-11-16	4.46
2005-11-17	2.27
2005-11-18	2.23
2005-11-19	2.19
2005-11-20	2.15
2005-11-21	2.12
2005-11-22	2.08
2005-11-23	2.05
2005-11-24	2.23
2005-11-25	1.98
2005-11-26	1.95
2005-11-27	1.92
2005-11-28	1.89
2005-11-29	1.86
2005-11-30	1.82
2005-12-01	1.79
2005-12-02	1.76
2005-12-03	1.73
2005-12-04	1.71
2005-12-05	1.68
2005-12-06	1.65
2005-12-07	1.62
2005-12-08	1.59
2005-12-09	1.57
2005-12-10	1.54
2005-12-11	1.52
2005-12-12	1.49
2005-12-13	1.47
2005-12-14	1.44
2005-12-15	1.42
2005-12-16	1.39
2005-12-17	1.37
2005-12-18	1.35
2005-12-19	1.33
2005-12-20	1.30
2005-12-21	1.28
2005-12-22	1.26
2005-12-23	1.24
2005-12-24	1.22
2005-12-25	1.20
2005-12-26	1.18
2005-12-27	1.16
2005-12-28	1.14
2005-12-29	1.12
2005-12-30	1.10
2005-12-31	1.08
2006-01-01	1.07
2006-01-02	4.41
2006-01-03	1.08
2006-01-04	1.07
2006-01-05	1.05
2006-01-06	1.03
2006-01-07	1.01
2006-01-08	1.00
2006-01-09	0.98
2006-01-10	0.96
2006-01-11	0.95
2006-01-12	0.93
2006-01-13	0.92
2006-01-14	0.90
2006-01-15	0.89
2006-01-16	0.87
2006-01-17	0.86
2006-01-18	0.84
2006-01-19	0.83
2006-01-20	0.81
2006-01-21	0.80
2006-01-22	0.79
2006-01-23	0.77
2006-01-24	0.76
2006-01-25	0.75
2006-01-26	0.74
2006-01-27	0.72
2006-01-28	0.71
2006-01-29	0.70
2006-01-30	0.69
2006-01-31	0.68
2006-02-01	0.67
2006-02-02	0.65
2006-02-03	0.64
2006-02-04	0.63
2006-02-05	0.62
2006-02-06	0.61
2006-02-07	0.60
2006-02-08	0.59
2006-02-09	0.58
2006-02-10	0.57
2006-02-11	0.56
2006-02-12	0.55
2006-02-13	0.54
2006-02-14	0.54
2006-02-15	0.53
2006-02-16	0.52
2006-02-17	0.51
2006-02-18	0.50
2006-02-19	3.67
2006-02-20	0.54
2006-02-21	0.53
2006-02-22	11.02
2006-02-23	23.83
2006-02-24	24.94
2006-02-25	1.41
2006-02-26	1.38
2006-02-27	1.36
2006-02-28	1.34
2006-03-01	1.32
2006-03-02	21.21
2006-03-03	82.90
2006-03-04	57.72
2006-03-05	135.23
2006-03-06	41.18
2006-03-07	6.25
2006-03-08	6.14
2006-03-09	6.04
2006-03-10	5.94
2006-03-11	5.84
2006-03-12	17.55
2006-03-13	125.47
2006-03-14	37.67
2006-03-15	54.35
2006-03-16	8.64
2006-03-17	20.72
2006-03-18	8.55
2006-03-19	8.41
2006-03-20	8.27
2006-03-21	8.13
2006-03-22	7.99
2006-03-23	7.86
2006-03-24	8.46
2006-03-25	7.61
2006-03-26	7.49
2006-03-27	7.36
2006-03-28	7.24
2006-03-29	15.45
2006-03-30	102.76
2006-03-31	453.46
2006-04-01	15.59
2006-04-02	15.33
2006-04-03	15.07
2006-04-04	14.82
2006-04-05	14.57
2006-04-06	14.33
2006-04-07	14.09
2006-04-08	14.18
2006-04-09	13.63
2006-04-10	13.40
2006-04-11	13.18
2006-04-12	12.96
2006-04-13	16.38
2006-04-14	68.13
2006-04-15	95.87
2006-04-16	67.55
2006-04-17	55.86
2006-04-18	27.83
2006-04-19	16.15
2006-04-20	15.11
2006-04-21	14.86
2006-04-22	14.61
2006-04-23	15.50
2006-04-24	17.30
2006-04-25	13.96
2006-04-26	13.73
2006-04-27	13.50
2006-04-28	13.28
2006-04-29	13.05
2006-04-30	12.84
2006-05-01	12.62
2006-05-02	12.41
2006-05-03	13.23
2006-05-04	12.02
2006-05-05	14.16
2006-05-06	11.66
2006-05-07	11.46
2006-05-08	11.27
2006-05-09	11.09
2006-05-10	10.90
2006-05-11	10.72
2006-05-12	10.54
2006-05-13	10.37
2006-05-14	10.19
2006-05-15	10.02
2006-05-16	9.86
2006-05-17	9.69
2006-05-18	9.53
2006-05-19	9.37
2006-05-20	9.21
2006-05-21	9.20
2006-05-22	9.36
2006-05-23	8.77
2006-05-24	8.62
2006-05-25	9.01
2006-05-26	8.35
2006-05-27	8.21
2006-05-28	8.35
2006-05-29	9.15
2006-05-30	16.78
2006-05-31	200.46
2006-06-01	33.10
2006-06-02	21.64
2006-06-03	91.50
2006-06-04	40.32
2006-06-05	14.39
2006-06-06	12.18
2006-06-07	11.98
2006-06-08	11.78
2006-06-09	25.74
2006-06-10	20.04
2006-06-11	243.87
2006-06-12	2452.66
2006-06-13	54.15
2006-06-14	53.25
2006-06-15	52.36
2006-06-16	2038.13
2006-06-17	82.66
2006-06-18	734.85
2006-06-19	110.46
2006-06-20	169.23
2006-06-21	89.08
2006-06-22	87.59
2006-06-23	86.13
2006-06-24	84.70
2006-06-25	83.28
2006-06-26	81.90
2006-06-27	80.53
2006-06-28	79.19
2006-06-29	77.87
2006-06-30	76.57
2006-07-01	75.30
2006-07-02	74.04
2006-07-03	72.81
2006-07-04	71.59
2006-07-05	70.40
2006-07-06	69.23
2006-07-07	68.07
2006-07-08	66.94
2006-07-09	65.82
2006-07-10	64.73
2006-07-11	63.65
2006-07-12	64.42
2006-07-13	61.57
2006-07-14	60.55
2006-07-15	59.54
2006-07-16	58.54
2006-07-17	57.57
2006-07-18	56.61
2006-07-19	55.67
2006-07-20	54.74
2006-07-21	53.83
2006-07-22	52.93
2006-07-23	55.08
2006-07-24	51.23
2006-07-25	51.94
2006-07-26	49.57
2006-07-27	60.72
2006-07-28	48.12
2006-07-29	47.31
2006-07-30	46.52
2006-07-31	45.75
2006-08-01	47.35
2006-08-02	44.28
2006-08-03	43.55
2006-08-04	43.86
2006-08-05	42.12
2006-08-06	41.41
2006-08-07	40.72
2006-08-08	40.04
2006-08-09	49.25
2006-08-10	38.88
2006-08-11	38.23
2006-08-12	37.59
2006-08-13	36.97
2006-08-14	36.35
2006-08-15	35.75
2006-08-16	35.15
2006-08-17	34.56
2006-08-18	33.99
2006-08-19	33.42
2006-08-20	32.86
2006-08-21	32.32
2006-08-22	31.78
2006-08-23	31.25
2006-08-24	30.73
2006-08-25	31.52
2006-08-26	29.73
2006-08-27	29.24
2006-08-28	28.75
2006-08-29	30.02
2006-08-30	28.45
2006-08-31	27.37
2006-09-01	26.92
2006-09-02	26.47
2006-09-03	26.03
2006-09-04	25.59
2006-09-05	25.17
2006-09-06	25.59
2006-09-07	24.35
2006-09-08	23.94
2006-09-09	23.54
2006-09-10	23.15
2006-09-11	22.77
2006-09-12	22.39
2006-09-13	22.01
2006-09-14	22.23
2006-09-15	21.30
2006-09-16	20.94
2006-09-17	20.59
2006-09-18	21.23
2006-09-19	24.12
2006-09-20	19.66
2006-09-21	19.86
2006-09-22	19.02
2006-09-23	19.31
2006-09-24	18.40
2006-09-25	20.52
2006-09-26	17.83
2006-09-27	17.54
2006-09-28	17.24
2006-09-29	16.96
2006-09-30	16.67
2006-10-01	16.40
2006-10-02	16.12
2006-10-03	15.85
2006-10-04	15.59
2006-10-05	15.33
2006-10-06	15.07
2006-10-07	14.82
2006-10-08	15.07
2006-10-09	29.35
2006-10-10	15.96
2006-10-11	14.13
2006-10-12	13.90
2006-10-13	13.66
2006-10-14	13.44
2006-10-15	13.21
2006-10-16	12.99
2006-10-17	12.78
2006-10-18	12.56
2006-10-19	12.35
2006-10-20	12.15
2006-10-21	11.94
2006-10-22	11.75
2006-10-23	12.55
2006-10-24	11.37
2006-10-25	11.18
2006-10-26	11.00
2006-10-27	10.81
2006-10-28	10.63
2006-10-29	10.46
2006-10-30	10.28
2006-10-31	10.11
2006-11-01	13.10
2006-11-02	9.83
2006-11-03	9.66
2006-11-04	9.50
2006-11-05	9.34
2006-11-06	9.19
2006-11-07	9.04
2006-11-08	8.88
2006-11-09	8.74
2006-11-10	8.59
2006-11-11	8.45
2006-11-12	8.31
2006-11-13	8.17
2006-11-14	8.03
2006-11-15	7.90
2006-11-16	7.77
2006-11-17	7.64
2006-11-18	7.51
2006-11-19	7.39
2006-11-20	7.26
2006-11-21	7.14
2006-11-22	7.02
2006-11-23	6.91
2006-11-24	6.79
2006-11-25	7.68
2006-11-26	6.58
2006-11-27	6.47
2006-11-28	6.36
2006-11-29	6.26
2006-11-30	6.15
2006-12-01	6.05
2006-12-02	5.95
2006-12-03	5.85
2006-12-04	44.43
2006-12-05	147.18
2006-12-06	8.45
2006-12-07	8.31
2006-12-08	8.17
2006-12-09	8.03
2006-12-10	7.90
2006-12-11	7.77
2006-12-12	7.64
2006-12-13	7.51
2006-12-14	7.39
2006-12-15	7.26
2006-12-16	7.14
2006-12-17	7.02
2006-12-18	6.90
2006-12-19	6.79
2006-12-20	6.68
2006-12-21	6.57
2006-12-22	6.46
2006-12-23	6.35
2006-12-24	6.24
2006-12-25	6.14
2006-12-26	6.04
2006-12-27	5.94
2006-12-28	5.84
2006-12-29	5.74
2006-12-30	5.64
2006-12-31	5.55
2007-01-01	5.46
2007-01-02	5.37
2007-01-03	5.28
2007-01-04	5.19
2007-01-05	5.10
2007-01-06	5.02
2007-01-07	4.93
2007-01-08	4.85
2007-01-09	4.77
2007-01-10	4.69
2007-01-11	4.61
2007-01-12	4.54
2007-01-13	4.46
2007-01-14	4.39
2007-01-15	4.31
2007-01-16	4.24
2007-01-17	4.17
2007-01-18	4.10
2007-01-19	4.03
2007-01-20	3.97
2007-01-21	3.90
2007-01-22	3.83
2007-01-23	3.77
2007-01-24	3.71
2007-01-25	3.65
2007-01-26	3.58
2007-01-27	13.91
2007-01-28	80.16
2007-01-29	4.81
2007-01-30	4.73
2007-01-31	4.65
2007-02-01	4.57
2007-02-02	4.49
2007-02-03	4.42
2007-02-04	4.35
2007-02-05	4.27
2007-02-06	4.20
2007-02-07	4.13
2007-02-08	4.06
2007-02-09	4.00
2007-02-10	3.93
2007-02-11	3.86
2007-02-12	3.80
2007-02-13	3.74
2007-02-14	3.67
2007-02-15	3.61
2007-02-16	3.55
2007-02-17	3.49
2007-02-18	3.43
2007-02-19	3.38
2007-02-20	3.32
2007-02-21	3.27
2007-02-22	3.21
2007-02-23	3.16
2007-02-24	3.11
2007-02-25	3.05
2007-02-26	3.00
2007-02-27	2.95
2007-02-28	2.90
2007-03-01	2.85
2007-03-02	2.81
2007-03-03	2.76
2007-03-04	2.71
2007-03-05	2.67
2007-03-06	2.62
2007-03-07	2.58
2007-03-08	2.54
2007-03-09	2.50
2007-03-10	2.45
2007-03-11	2.41
2007-03-12	2.37
2007-03-13	2.33
2007-03-14	2.29
2007-03-15	2.26
2007-03-16	2.22
2007-03-17	2.18
2007-03-18	2.15
2007-03-19	2.11
2007-03-20	2.07
2007-03-21	2.04
2007-03-22	2.01
2007-03-23	1.97
2007-03-24	1.94
2007-03-25	1.91
2007-03-26	1.88
2007-03-27	1.84
2007-03-28	1.81
2007-03-29	1.78
2007-03-30	1.75
2007-03-31	1.72
2007-04-01	2.41
2007-04-02	3.68
2007-04-03	4.99
2007-04-04	21.27
2007-04-05	104.87
2007-04-06	8.49
2007-04-07	17.36
2007-04-08	95.26
2007-04-09	510.67
2007-04-10	201.57
2007-04-11	26.56
2007-04-12	20.82
2007-04-13	16.21
2007-04-14	15.54
2007-04-15	15.28
2007-04-16	15.03
2007-04-17	14.78
2007-04-18	14.53
2007-04-19	14.29
2007-04-20	14.05
2007-04-21	13.82
2007-04-22	13.59
2007-04-23	13.36
2007-04-24	13.14
2007-04-25	12.92
2007-04-26	12.70
2007-04-27	12.49
2007-04-28	12.28
2007-04-29	12.08
2007-04-30	11.88
2007-05-01	11.68
2007-05-02	11.48
2007-05-03	11.29
2007-05-04	11.10
2007-05-05	10.92
2007-05-06	10.74
2007-05-07	10.56
2007-05-08	10.38
2007-05-09	10.21
2007-05-10	10.04
2007-05-11	9.87
2007-05-12	9.71
2007-05-13	9.55
2007-05-14	9.39
2007-05-15	9.23
2007-05-16	9.08
2007-05-17	8.93
2007-05-18	8.78
2007-05-19	8.63
2007-05-20	8.49
2007-05-21	8.34
2007-05-22	8.21
2007-05-23	8.07
2007-05-24	7.93
2007-05-25	7.80
2007-05-26	7.67
2007-05-27	7.54
2007-05-28	7.42
2007-05-29	9.96
2007-05-30	10.26
2007-05-31	12.14
2007-06-01	8.51
2007-06-02	16.97
2007-06-03	73.36
2007-06-04	438.12
2007-06-05	55.13
2007-06-06	18.31
2007-06-07	15.01
2007-06-08	14.76
2007-06-09	14.51
2007-06-10	14.27
2007-06-11	14.03
2007-06-12	13.80
2007-06-13	23.05
2007-06-14	13.49
2007-06-15	13.27
2007-06-16	13.05
2007-06-17	12.83
2007-06-18	12.62
2007-06-19	12.76
2007-06-20	58.50
2007-06-21	13.49
2007-06-22	12.55
2007-06-23	12.34
2007-06-24	54.01
2007-06-25	12.60
2007-06-26	12.39
2007-06-27	12.96
2007-06-28	12.00
2007-06-29	12.74
2007-06-30	11.62
2007-07-01	287.74
2007-07-02	15.69
2007-07-03	435.49
2007-07-04	21.94
2007-07-05	21.57
2007-07-06	654.17
2007-07-07	31.06
2007-07-08	30.55
2007-07-09	30.05
2007-07-10	431.52
2007-07-11	35.52
2007-07-12	34.93
2007-07-13	34.35
2007-07-14	33.78
2007-07-15	33.21
2007-07-16	32.66
2007-07-17	33.82
2007-07-18	31.61
2007-07-19	31.08
2007-07-20	30.56
2007-07-21	31.11
2007-07-22	29.57
2007-07-23	29.08
2007-07-24	28.59
2007-07-25	28.12
2007-07-26	27.65
2007-07-27	27.19
2007-07-28	26.73
2007-07-29	26.29
2007-07-30	25.85
2007-07-31	25.42
2007-08-01	25.23
2007-08-02	24.58
2007-08-03	24.17
2007-08-04	23.77
2007-08-05	23.37
2007-08-06	22.98
2007-08-07	22.60
2007-08-08	22.23
2007-08-09	50.33
2007-08-10	21.95
2007-08-11	21.58
2007-08-12	21.22
2007-08-13	20.87
2007-08-14	31.11
2007-08-15	20.35
2007-08-16	20.01
2007-08-17	19.68
2007-08-18	19.35
2007-08-19	19.03
2007-08-20	18.71
2007-08-21	18.40
2007-08-22	18.09
2007-08-23	17.79
2007-08-24	17.49
2007-08-25	17.20
2007-08-26	16.92
2007-08-27	16.63
2007-08-28	16.36
2007-08-29	16.08
2007-08-30	15.82
2007-08-31	15.55
2007-09-01	15.29
2007-09-02	15.04
2007-09-03	14.79
2007-09-04	14.54
2007-09-05	14.30
2007-09-06	14.06
2007-09-07	13.83
2007-09-08	13.60
2007-09-09	15.37
2007-09-10	13.18
2007-09-11	12.96
2007-09-12	12.74
2007-09-13	12.53
2007-09-14	12.55
2007-09-15	12.12
2007-09-16	17.98
2007-09-17	12.32
2007-09-18	11.63
2007-09-19	11.43
2007-09-20	11.24
2007-09-21	11.06
2007-09-22	10.87
2007-09-23	10.69
2007-09-24	10.51
2007-09-25	10.34
2007-09-26	10.17
2007-09-27	10.00
2007-09-28	10.03
2007-09-29	30.51
2007-09-30	9.84
2007-10-01	9.68
2007-10-02	10.31
2007-10-03	9.37
2007-10-04	9.22
2007-10-05	9.06
2007-10-06	8.91
2007-10-07	9.71
2007-10-08	9.67
2007-10-09	11.46
2007-10-10	8.41
2007-10-11	10.72
2007-10-12	8.17
2007-10-13	8.04
2007-10-14	8.57
2007-10-15	21.09
2007-10-16	7.87
2007-10-17	7.74
2007-10-18	7.61
2007-10-19	8.47
2007-10-20	92.70
2007-10-21	8.62
2007-10-22	8.48
2007-10-23	8.34
2007-10-24	8.20
2007-10-25	8.06
2007-10-26	7.93
2007-10-27	8.59
2007-10-28	8.64
2007-10-29	7.57
2007-10-30	22.91
2007-10-31	58.61
2007-11-01	8.55
2007-11-02	8.13
2007-11-03	26.60
2007-11-04	8.16
2007-11-05	8.02
2007-11-06	7.89
2007-11-07	7.76
2007-11-08	7.63
2007-11-09	41.02
2007-11-10	7.92
2007-11-11	439.94
2007-11-12	2023.38
2007-11-13	46.76
2007-11-14	45.98
2007-11-15	90.75
2007-11-16	45.20
2007-11-17	45.90
2007-11-18	43.73
2007-11-19	43.00
2007-11-20	42.28
2007-11-21	41.58
2007-11-22	40.88
2007-11-23	40.20
2007-11-24	39.53
2007-11-25	38.87
2007-11-26	38.22
2007-11-27	37.59
2007-11-28	36.96
2007-11-29	36.34
2007-11-30	35.74
2007-12-01	35.14
2007-12-02	34.56
2007-12-03	33.98
2007-12-04	33.42
2007-12-05	32.86
2007-12-06	32.31
2007-12-07	31.77
2007-12-08	31.24
2007-12-09	30.72
2007-12-10	30.21
2007-12-11	29.71
2007-12-12	29.21
2007-12-13	28.72
2007-12-14	28.25
2007-12-15	28.42
2007-12-16	33.24
2007-12-17	26.96
2007-12-18	26.51
2007-12-19	26.07
2007-12-20	25.64
2007-12-21	25.21
2007-12-22	24.79
2007-12-23	24.38
2007-12-24	23.97
2007-12-25	23.57
2007-12-26	23.18
2007-12-27	22.79
2007-12-28	22.41
2007-12-29	22.04
2007-12-30	21.67
2007-12-31	21.31
2008-01-01	20.95
2008-01-02	20.60
2008-01-03	20.26
2008-01-04	19.92
2008-01-05	19.59
2008-01-06	19.27
2008-01-07	18.94
2008-01-08	100.51
2008-01-09	19.64
2008-01-10	19.31
2008-01-11	18.99
2008-01-12	18.67
2008-01-13	18.36
2008-01-14	18.05
2008-01-15	17.75
2008-01-16	17.46
2008-01-17	17.17
2008-01-18	16.88
2008-01-19	16.60
2008-01-20	16.32
2008-01-21	16.05
2008-01-22	15.78
2008-01-23	15.52
2008-01-24	15.26
2008-01-25	15.01
2008-01-26	14.76
2008-01-27	14.51
2008-01-28	14.27
2008-01-29	14.03
2008-01-30	13.80
2008-01-31	13.57
2008-02-01	13.34
2008-02-02	13.12
2008-02-03	12.90
2008-02-04	12.69
2008-02-05	12.87
2008-02-06	12.27
2008-02-07	16.18
2008-02-08	11.93
2008-02-09	11.73
2008-02-10	11.54
2008-02-11	11.35
2008-02-12	47.92
2008-02-13	164.33
2008-02-14	325.09
2008-02-15	352.74
2008-02-16	287.96
2008-02-17	168.85
2008-02-18	29.38
2008-02-19	28.89
2008-02-20	122.20
2008-02-21	29.45
2008-02-22	28.96
2008-02-23	28.47
2008-02-24	28.00
2008-02-25	27.53
2008-02-26	27.07
2008-02-27	26.62
2008-02-28	26.18
2008-02-29	25.74
2008-03-01	25.31
2008-03-02	24.89
2008-03-03	24.48
2008-03-04	24.07
2008-03-05	23.67
2008-03-06	23.27
2008-03-07	22.89
2008-03-08	22.50
2008-03-09	22.13
2008-03-10	21.76
2008-03-11	21.40
2008-03-12	21.04
2008-03-13	20.69
2008-03-14	20.35
2008-03-15	20.01
2008-03-16	19.67
2008-03-17	24.73
2008-03-18	19.11
2008-03-19	18.79
2008-03-20	36.24
2008-03-21	45.23
2008-03-22	18.58
2008-03-23	18.27
2008-03-24	17.97
2008-03-25	17.67
2008-03-26	34.79
2008-03-27	822.33
2008-03-28	190.86
2008-03-29	32.14
2008-03-30	31.61
2008-03-31	71.55
2008-04-01	418.37
2008-04-02	246.86
2008-04-03	397.73
2008-04-04	338.74
2008-04-05	173.39
2008-04-06	50.00
2008-04-07	49.17
2008-04-08	48.35
2008-04-09	47.54
2008-04-10	47.44
2008-04-11	45.98
2008-04-12	45.21
2008-04-13	44.46
2008-04-14	68.72
2008-04-15	43.39
2008-04-16	42.67
2008-04-17	41.96
2008-04-18	41.26
2008-04-19	40.57
2008-04-20	39.90
2008-04-21	39.23
2008-04-22	38.58
2008-04-23	37.93
2008-04-24	37.30
2008-04-25	36.68
2008-04-26	36.07
2008-04-27	35.47
2008-04-28	35.85
2008-04-29	34.31
2008-04-30	33.74
2008-05-01	33.18
2008-05-02	32.62
2008-05-03	32.08
2008-05-04	31.55
2008-05-05	31.02
2008-05-06	30.50
2008-05-07	29.99
2008-05-08	29.49
2008-05-09	29.00
2008-05-10	28.52
2008-05-11	31.23
2008-05-12	30.53
2008-05-13	27.21
2008-05-14	35.32
2008-05-15	80.45
2008-05-16	26.88
2008-05-17	26.43
2008-05-18	25.99
2008-05-19	25.56
2008-05-20	25.13
2008-05-21	24.72
2008-05-22	24.30
2008-05-23	23.90
2008-05-24	23.50
2008-05-25	23.11
2008-05-26	22.72
2008-05-27	24.34
2008-05-28	22.00
2008-05-29	21.64
2008-05-30	21.28
2008-05-31	20.92
2008-06-01	20.57
2008-06-02	844.01
2008-06-03	68.22
2008-06-04	292.86
2008-06-05	36.82
2008-06-06	36.20
2008-06-07	35.60
2008-06-08	115.20
2008-06-09	907.02
2008-06-10	311.02
2008-06-11	929.12
2008-06-12	180.07
2008-06-13	66.57
2008-06-14	312.99
2008-06-15	1635.50
2008-06-16	616.17
2008-06-17	854.84
2008-06-18	120.28
2008-06-19	132.80
2008-06-20	106.83
2008-06-21	105.05
2008-06-22	103.30
2008-06-23	101.58
2008-06-24	99.88
2008-06-25	2324.77
2008-06-26	1078.82
2008-06-27	145.52
2008-06-28	143.10
2008-06-29	1226.07
2008-06-30	366.28
2008-07-01	156.66
2008-07-02	238.10
2008-07-03	152.83
2008-07-04	850.17
2008-07-05	161.37
2008-07-06	156.45
2008-07-07	202.31
2008-07-08	152.06
2008-07-09	183.13
2008-07-10	262.07
2008-07-11	146.96
2008-07-12	418.96
2008-07-13	427.03
2008-07-14	157.64
2008-07-15	146.94
2008-07-16	148.35
2008-07-17	141.52
2008-07-18	139.17
2008-07-19	136.85
2008-07-20	139.72
2008-07-21	132.41
2008-07-22	130.20
2008-07-23	128.03
2008-07-24	125.90
2008-07-25	123.80
2008-07-26	121.73
2008-07-27	119.86
2008-07-28	117.71
2008-07-29	115.75
2008-07-30	113.82
2008-07-31	111.92
2008-08-01	110.06
2008-08-02	108.22
2008-08-03	106.42
2008-08-04	109.83
2008-08-05	102.99
2008-08-06	101.27
2008-08-07	99.58
2008-08-08	97.92
2008-08-09	96.29
2008-08-10	95.36
2008-08-11	93.12
2008-08-12	95.18
2008-08-13	90.10
2008-08-14	88.60
2008-08-15	87.12
2008-08-16	85.67
2008-08-17	84.24
2008-08-18	82.84
2008-08-19	81.46
2008-08-20	80.10
2008-08-21	78.91
2008-08-22	77.45
2008-08-23	76.16
2008-08-24	74.89
2008-08-25	73.64
2008-08-26	72.42
2008-08-27	71.21
2008-08-28	70.02
2008-08-29	74.36
2008-08-30	71.44
2008-08-31	66.73
2008-09-01	65.61
2008-09-02	64.52
2008-09-03	64.14
2008-09-04	68.68
2008-09-05	61.46
2008-09-06	60.44
2008-09-07	59.43
2008-09-08	58.44
2008-09-09	57.46
2008-09-10	64.55
2008-09-11	55.69
2008-09-12	62.05
2008-09-13	121.20
2008-09-14	54.15
2008-09-15	53.25
2008-09-16	52.36
2008-09-17	51.49
2008-09-18	51.64
2008-09-19	49.81
2008-09-20	48.98
2008-09-21	48.16
2008-09-22	47.36
2008-09-23	46.57
2008-09-24	45.79
2008-09-25	45.03
2008-09-26	44.28
2008-09-27	44.44
2008-09-28	42.83
2008-09-29	42.11
2008-09-30	41.41
2008-10-01	100.35
2008-10-02	41.01
2008-10-03	40.32
2008-10-04	39.65
2008-10-05	38.99
2008-10-06	72.61
2008-10-07	126.84
2008-10-08	39.04
2008-10-09	38.39
2008-10-10	37.75
2008-10-11	37.12
2008-10-12	119.91
2008-10-13	37.24
2008-10-14	36.62
2008-10-15	88.42
2008-10-16	137.60
2008-10-17	37.28
2008-10-18	36.66
2008-10-19	1439.20
2008-10-20	547.31
2008-10-21	64.99
2008-10-22	619.71
2008-10-23	71.80
2008-10-24	70.60
2008-10-25	1096.88
2008-10-26	84.83
2008-10-27	83.42
2008-10-28	221.34
2008-10-29	187.86
2008-10-30	303.60
2008-10-31	474.42
2008-11-01	1038.42
2008-11-02	121.56
2008-11-03	102.56
2008-11-04	106.96
2008-11-05	99.27
2008-11-06	97.62
2008-11-07	95.99
2008-11-08	94.39
2008-11-09	92.82
2008-11-10	91.27
2008-11-11	89.75
2008-11-12	89.07
2008-11-13	86.79
2008-11-14	85.35
2008-11-15	83.92
2008-11-16	547.04
2008-11-17	245.12
2008-11-18	89.68
2008-11-19	88.19
2008-11-20	86.72
2008-11-21	85.27
2008-11-22	83.85
2008-11-23	82.46
2008-11-24	96.38
2008-11-25	79.98
2008-11-26	78.64
2008-11-27	77.33
2008-11-28	76.04
2008-11-29	74.78
2008-11-30	73.53
2008-12-01	72.30
2008-12-02	71.10
2008-12-03	69.91
2008-12-04	68.75
2008-12-05	67.60
2008-12-06	66.48
2008-12-07	76.32
2008-12-08	77.82
2008-12-09	63.60
2008-12-10	633.28
2008-12-11	250.08
2008-12-12	72.41
2008-12-13	71.20
2008-12-14	70.02
2008-12-15	68.85
2008-12-16	67.70
2008-12-17	66.57
2008-12-18	93.93
2008-12-19	64.83
2008-12-20	63.75
2008-12-21	62.69
2008-12-22	61.64
2008-12-23	60.62
2008-12-24	59.61
2008-12-25	58.61
2008-12-26	57.64
2008-12-27	56.67
2008-12-28	55.73
2008-12-29	54.80
2008-12-30	53.89
2008-12-31	52.99
2009-01-01	52.11
2009-01-02	51.24
2009-01-03	50.38
2009-01-04	49.54
2009-01-05	48.72
2009-01-06	47.91
2009-01-07	47.11
2009-01-08	46.32
2009-01-09	45.55
2009-01-10	44.79
2009-01-11	44.05
2009-01-12	43.31
2009-01-13	42.59
2009-01-14	41.88
2009-01-15	41.18
2009-01-16	40.50
2009-01-17	39.82
2009-01-18	39.16
2009-01-19	38.50
2009-01-20	37.86
2009-01-21	37.23
2009-01-22	36.61
2009-01-23	36.00
2009-01-24	35.40
2009-01-25	34.81
2009-01-26	34.23
2009-01-27	33.66
2009-01-28	33.10
2009-01-29	32.55
2009-01-30	32.00
2009-01-31	32.04
2009-02-01	30.96
2009-02-02	30.44
2009-02-03	29.93
2009-02-04	29.43
2009-02-05	28.94
2009-02-06	28.46
2009-02-07	27.99
2009-02-08	27.52
2009-02-09	44.79
2009-02-10	26.90
2009-02-11	26.45
2009-02-12	26.01
2009-02-13	25.57
2009-02-14	25.15
2009-02-15	24.73
2009-02-16	24.32
2009-02-17	23.91
2009-02-18	23.51
2009-02-19	23.12
2009-02-20	22.74
2009-02-21	22.36
2009-02-22	21.98
2009-02-23	21.62
2009-02-24	21.26
2009-02-25	22.55
2009-02-26	322.96
2009-02-27	276.69
2009-02-28	108.23
2009-03-01	39.36
2009-03-02	353.73
2009-03-03	238.51
2009-03-04	36.69
2009-03-05	36.08
2009-03-06	35.48
2009-03-07	34.89
2009-03-08	34.31
2009-03-09	33.73
2009-03-10	33.17
2009-03-11	32.62
2009-03-12	32.43
2009-03-13	31.99
2009-03-14	31.03
2009-03-15	31.60
2009-03-16	353.36
2009-03-17	35.54
2009-03-18	34.57
2009-03-19	33.60
2009-03-20	33.04
2009-03-21	32.49
2009-03-22	31.95
2009-03-23	31.42
2009-03-24	30.90
2009-03-25	30.38
2009-03-26	29.87
2009-03-27	29.38
2009-03-28	29.89
2009-03-29	28.42
2009-03-30	27.95
2009-03-31	123.19
2009-04-01	62.69
2009-04-02	28.64
2009-04-03	28.16
2009-04-04	39.75
2009-04-05	27.43
2009-04-06	26.97
2009-04-07	26.52
2009-04-08	26.08
2009-04-09	25.64
2009-04-10	773.82
2009-04-11	160.49
2009-04-12	574.92
2009-04-13	46.26
2009-04-14	45.48
2009-04-15	44.73
2009-04-16	43.98
2009-04-17	43.25
2009-04-18	42.53
2009-04-19	41.82
2009-04-20	41.12
2009-04-21	40.44
2009-04-22	39.76
2009-04-23	39.10
2009-04-24	38.45
2009-04-25	37.81
2009-04-26	37.18
2009-04-27	36.56
2009-04-28	35.95
2009-04-29	35.35
2009-04-30	34.76
2009-05-01	34.34
2009-05-02	33.61
2009-05-03	33.05
2009-05-04	32.50
2009-05-05	31.96
2009-05-06	31.43
2009-05-07	32.89
2009-05-08	373.07
2009-05-09	292.58
2009-05-10	38.99
2009-05-11	38.34
2009-05-12	37.70
2009-05-13	37.07
2009-05-14	36.46
2009-05-15	35.85
2009-05-16	35.25
2009-05-17	34.66
2009-05-18	34.09
2009-05-19	33.52
2009-05-20	32.96
2009-05-21	32.41
2009-05-22	31.87
2009-05-23	31.34
2009-05-24	30.82
2009-05-25	32.64
2009-05-26	31.58
2009-05-27	29.37
2009-05-28	28.88
2009-05-29	28.40
2009-05-30	27.92
2009-05-31	27.46
2009-06-01	27.00
2009-06-02	26.55
2009-06-03	26.11
2009-06-04	25.67
2009-06-05	25.24
2009-06-06	24.82
2009-06-07	24.47
2009-06-08	24.00
2009-06-09	23.60
2009-06-10	23.21
2009-06-11	22.82
2009-06-12	22.44
2009-06-13	22.32
2009-06-14	21.71
2009-06-15	21.34
2009-06-16	20.99
2009-06-17	20.64
2009-06-18	20.29
2009-06-19	20.85
2009-06-20	19.64
2009-06-21	19.31
2009-06-22	18.99
2009-06-23	18.67
2009-06-24	18.36
2009-06-25	18.12
2009-06-26	17.76
2009-06-27	26.38
2009-06-28	17.31
2009-06-29	17.02
2009-06-30	29.60
2009-07-01	83.89
2009-07-02	17.47
2009-07-03	19.79
2009-07-04	59.06
2009-07-05	17.33
2009-07-06	17.05
2009-07-07	16.76
2009-07-08	16.48
2009-07-09	16.21
2009-07-10	15.94
2009-07-11	15.67
2009-07-12	15.41
2009-07-13	16.45
2009-07-14	15.42
2009-07-15	14.68
2009-07-16	14.44
2009-07-17	14.20
2009-07-18	13.96
2009-07-19	13.73
2009-07-20	13.50
2009-07-21	13.27
2009-07-22	13.05
2009-07-23	12.83
2009-07-24	12.62
2009-07-25	12.41
2009-07-26	12.20
2009-07-27	12.65
2009-07-28	11.81
2009-07-29	11.61
2009-07-30	13.42
2009-07-31	19.07
2009-08-01	11.20
2009-08-02	11.01
2009-08-03	10.83
2009-08-04	10.65
2009-08-05	10.47
2009-08-06	10.30
2009-08-07	10.13
2009-08-08	9.96
2009-08-09	9.79
2009-08-10	9.63
2009-08-11	9.47
2009-08-12	9.31
2009-08-13	9.15
2009-08-14	14.40
2009-08-15	10.24
2009-08-16	8.81
2009-08-17	8.66
2009-08-18	8.52
2009-08-19	8.38
2009-08-20	8.24
2009-08-21	8.10
2009-08-22	7.97
2009-08-23	7.83
2009-08-24	9.91
2009-08-25	7.61
2009-08-26	7.48
2009-08-27	8.58
2009-08-28	7.26
2009-08-29	7.13
2009-08-30	7.02
2009-08-31	6.90
2009-09-01	6.78
2009-09-02	6.67
2009-09-03	6.56
2009-09-04	6.45
2009-09-05	11.17
2009-09-06	11.65
2009-09-07	10.80
2009-09-08	6.26
2009-09-09	6.16
2009-09-10	6.06
2009-09-11	5.96
2009-09-12	5.86
2009-09-13	5.76
2009-09-14	5.66
2009-09-15	5.57
2009-09-16	8.37
2009-09-17	6.42
2009-09-18	5.36
2009-09-19	5.27
2009-09-20	5.18
2009-09-21	5.09
2009-09-22	5.01
2009-09-23	4.92
2009-09-24	4.84
2009-09-25	4.76
2009-09-26	4.68
2009-09-27	4.60
2009-09-28	4.53
2009-09-29	4.45
2009-09-30	4.38
2009-10-01	4.30
2009-10-02	5.84
2009-10-03	4.60
2009-10-04	4.13
2009-10-05	4.06
2009-10-06	3.99
2009-10-07	3.92
2009-10-08	7.53
2009-10-09	3.85
2009-10-10	4.21
2009-10-11	4.29
2009-10-12	3.68
2009-10-13	3.62
2009-10-14	3.56
2009-10-15	3.50
2009-10-16	3.44
2009-10-17	3.38
2009-10-18	3.33
2009-10-19	5.95
2009-10-20	15.42
2009-10-21	3.40
2009-10-22	3.34
2009-10-23	3.29
2009-10-24	3.23
2009-10-25	3.18
2009-10-26	3.13
2009-10-27	3.67
2009-10-28	5.20
2009-10-29	3.02
2009-10-30	3.93
2009-10-31	12.36
2009-11-01	51.83
2009-11-02	176.35
2009-11-03	9.34
2009-11-04	6.43
2009-11-05	6.32
2009-11-06	6.22
2009-11-07	6.11
2009-11-08	6.01
2009-11-09	5.91
2009-11-10	5.81
2009-11-11	5.71
2009-11-12	5.62
2009-11-13	5.53
2009-11-14	5.43
2009-11-15	5.34
2009-11-16	5.25
2009-11-17	5.17
2009-11-18	5.08
2009-11-19	5.00
2009-11-20	4.91
2009-11-21	4.83
2009-11-22	4.75
2009-11-23	4.67
2009-11-24	4.59
2009-11-25	4.52
2009-11-26	4.44
2009-11-27	4.37
2009-11-28	4.29
2009-11-29	4.22
2009-11-30	4.15
2009-12-01	4.08
2009-12-02	4.02
2009-12-03	3.95
2009-12-04	3.88
2009-12-05	3.82
2009-12-06	3.75
2009-12-07	3.69
2009-12-08	3.63
2009-12-09	3.57
2009-12-10	3.51
2009-12-11	3.45
2009-12-12	3.39
2009-12-13	3.34
2009-12-14	3.28
2009-12-15	3.23
2009-12-16	3.17
2009-12-17	3.12
2009-12-18	3.07
2009-12-19	3.02
2009-12-20	2.97
2009-12-21	2.92
2009-12-22	2.87
2009-12-23	2.82
2009-12-24	2.77
2009-12-25	2.73
2009-12-26	2.68
2009-12-27	2.64
2009-12-28	2.59
2009-12-29	2.55
2009-12-30	2.51
2009-12-31	2.47
2010-01-01	2.43
2010-01-02	2.38
2010-01-03	2.35
2010-01-04	2.31
2010-01-05	2.27
2010-01-06	2.23
2010-01-07	2.19
2010-01-08	2.16
2010-01-09	2.12
2010-01-10	2.08
2010-01-11	2.05
2010-01-12	2.02
2010-01-13	1.98
2010-01-14	1.95
2010-01-15	1.92
2010-01-16	1.88
2010-01-17	1.85
2010-01-18	1.82
2010-01-19	1.79
2010-01-20	1.76
2010-01-21	1.73
2010-01-22	1.70
2010-01-23	1.68
2010-01-24	1.65
2010-01-25	1.62
2010-01-26	1.59
2010-01-27	1.57
2010-01-28	1.54
2010-01-29	1.51
2010-01-30	1.49
2010-01-31	1.46
2010-02-01	1.44
2010-02-02	1.42
2010-02-03	1.39
2010-02-04	1.37
2010-02-05	1.35
2010-02-06	1.32
2010-02-07	1.30
2010-02-08	1.28
2010-02-09	1.26
2010-02-10	2.67
2010-02-11	2.82
2010-02-12	1.58
2010-02-13	1.23
2010-02-14	1.21
2010-02-15	1.19
2010-02-16	1.17
2010-02-17	1.15
2010-02-18	1.13
2010-02-19	1.11
2010-02-20	1.09
2010-02-21	1.08
2010-02-22	3.23
2010-02-23	3.44
2010-02-24	1.10
2010-02-25	1.08
2010-02-26	1.06
2010-02-27	1.04
2010-02-28	1.02
2010-03-01	1.01
2010-03-02	0.99
2010-03-03	0.97
2010-03-04	0.96
2010-03-05	0.94
2010-03-06	0.93
2010-03-07	0.91
2010-03-08	0.90
2010-03-09	0.88
2010-03-10	0.87
2010-03-11	0.85
2010-03-12	0.84
2010-03-13	0.82
2010-03-14	0.81
2010-03-15	0.80
2010-03-16	0.78
2010-03-17	0.77
2010-03-18	0.76
2010-03-19	0.74
2010-03-20	0.73
2010-03-21	0.72
2010-03-22	0.71
2010-03-23	0.70
2010-03-24	0.68
2010-03-25	8.22
2010-03-26	0.78
2010-03-27	0.77
2010-03-28	0.76
2010-03-29	0.74
2010-03-30	0.73
2010-03-31	0.72
2010-04-01	4.35
2010-04-02	0.75
2010-04-03	0.74
2010-04-04	0.73
2010-04-05	3.51
2010-04-06	0.75
2010-04-07	0.74
2010-04-08	5.06
2010-04-09	0.78
2010-04-10	0.77
2010-04-11	0.76
2010-04-12	81.27
2010-04-13	135.93
2010-04-14	4.16
2010-04-15	4.09
2010-04-16	4.02
2010-04-17	3.95
2010-04-18	3.89
2010-04-19	3.82
2010-04-20	3.76
2010-04-21	3.69
2010-04-22	3.63
2010-04-23	3.57
2010-04-24	3.51
2010-04-25	3.45
2010-04-26	34.64
2010-04-27	117.20
2010-04-28	136.41
2010-04-29	207.19
2010-04-30	327.82
2010-05-01	771.41
2010-05-02	914.83
2010-05-03	1807.36
2010-05-04	308.73
2010-05-05	71.90
2010-05-06	70.70
2010-05-07	69.52
2010-05-08	68.36
2010-05-09	68.38
2010-05-10	426.79
2010-05-11	70.83
2010-05-12	69.65
2010-05-13	68.49
2010-05-14	67.35
2010-05-15	748.68
2010-05-16	79.01
2010-05-17	74.90
2010-05-18	75.32
2010-05-19	1398.61
2010-05-20	92.62
2010-05-21	91.08
2010-05-22	321.35
2010-05-23	91.81
2010-05-24	90.28
2010-05-25	88.77
2010-05-26	87.29
2010-05-27	85.84
2010-05-28	84.41
2010-05-29	83.00
2010-05-30	81.62
2010-05-31	80.26
2010-06-01	78.92
2010-06-02	77.60
2010-06-03	76.31
2010-06-04	75.04
2010-06-05	73.79
2010-06-06	74.88
2010-06-07	71.39
2010-06-08	70.20
2010-06-09	69.03
2010-06-10	67.88
2010-06-11	66.74
2010-06-12	67.73
2010-06-13	70.59
2010-06-14	63.59
2010-06-15	70.71
2010-06-16	371.52
2010-06-17	622.22
2010-06-18	74.59
2010-06-19	72.27
2010-06-20	1262.70
2010-06-21	398.88
2010-06-22	92.59
2010-06-23	91.05
2010-06-24	151.42
2010-06-25	422.38
2010-06-26	92.93
2010-06-27	91.38
2010-06-28	89.86
2010-06-29	88.36
2010-06-30	87.11
2010-07-01	85.44
2010-07-02	84.02
2010-07-03	82.62
2010-07-04	81.24
2010-07-05	79.89
2010-07-06	78.56
2010-07-07	77.25
2010-07-08	75.96
2010-07-09	74.69
2010-07-10	95.92
2010-07-11	72.59
2010-07-12	71.38
2010-07-13	70.19
2010-07-14	69.02
2010-07-15	69.74
2010-07-16	66.77
2010-07-17	65.65
2010-07-18	65.24
2010-07-19	137.60
2010-07-20	63.63
2010-07-21	62.57
2010-07-22	61.53
2010-07-23	60.50
2010-07-24	59.49
2010-07-25	58.50
2010-07-26	57.53
2010-07-27	56.57
2010-07-28	55.62
2010-07-29	54.70
2010-07-30	53.79
2010-07-31	52.89
2010-08-01	52.01
2010-08-02	51.14
2010-08-03	50.29
2010-08-04	52.17
2010-08-05	48.67
2010-08-06	47.86
2010-08-07	47.06
2010-08-08	46.28
2010-08-09	45.51
2010-08-10	44.75
2010-08-11	44.00
2010-08-12	43.27
2010-08-13	42.55
2010-08-14	41.84
2010-08-15	41.14
2010-08-16	40.45
2010-08-17	39.78
2010-08-18	39.12
2010-08-19	38.95
2010-08-20	37.83
2010-08-21	37.20
2010-08-22	36.58
2010-08-23	38.06
2010-08-24	35.41
2010-08-25	34.82
2010-08-26	34.24
2010-08-27	33.67
2010-08-28	33.10
2010-08-29	32.55
2010-08-30	32.01
2010-08-31	31.48
2010-09-01	33.50
2010-09-02	30.48
2010-09-03	29.97
2010-09-04	29.47
2010-09-05	30.74
2010-09-06	28.52
2010-09-07	28.05
2010-09-08	27.58
2010-09-09	27.85
2010-09-10	26.68
2010-09-11	26.24
2010-09-12	28.09
2010-09-13	25.41
2010-09-14	24.98
2010-09-15	24.57
2010-09-16	24.16
2010-09-17	23.75
2010-09-18	23.36
2010-09-19	22.97
2010-09-20	22.59
2010-09-21	22.21
2010-09-22	21.84
2010-09-23	21.48
2010-09-24	21.12
2010-09-25	20.77
2010-09-26	21.46
2010-09-27	27.42
2010-09-28	22.05
2010-09-29	31.04
2010-09-30	19.44
2010-10-01	19.12
2010-10-02	18.80
2010-10-03	18.49
2010-10-04	18.18
2010-10-05	19.92
2010-10-06	86.81
2010-10-07	18.43
2010-10-08	18.12
2010-10-09	17.82
2010-10-10	17.52
2010-10-11	18.12
2010-10-12	47.27
2010-10-13	17.17
2010-10-14	16.88
2010-10-15	16.60
2010-10-16	16.32
2010-10-17	20.47
2010-10-18	15.85
2010-10-19	15.59
2010-10-20	15.33
2010-10-21	15.07
2010-10-22	14.82
2010-10-23	14.58
2010-10-24	14.33
2010-10-25	14.09
2010-10-26	13.86
2010-10-27	14.14
2010-10-28	13.41
2010-10-29	16.30
2010-10-30	32.85
2010-10-31	50.18
2010-11-01	19.81
2010-11-02	25.79
2010-11-03	13.35
2010-11-04	13.13
2010-11-05	12.91
2010-11-06	12.70
2010-11-07	12.48
2010-11-08	12.28
2010-11-09	12.07
2010-11-10	11.87
2010-11-11	11.67
2010-11-12	11.48
2010-11-13	12.23
2010-11-14	19.73
2010-11-15	64.65
2010-11-16	16.29
2010-11-17	11.62
2010-11-18	11.43
2010-11-19	11.24
2010-11-20	11.05
2010-11-21	10.87
2010-11-22	10.69
2010-11-23	10.51
2010-11-24	10.33
2010-11-25	10.16
2010-11-26	9.99
2010-11-27	9.83
2010-11-28	9.66
2010-11-29	9.50
2010-11-30	9.34
2010-12-01	9.19
2010-12-02	9.03
2010-12-03	9.45
2010-12-04	8.74
2010-12-05	8.60
2010-12-06	8.46
2010-12-07	8.31
2010-12-08	8.18
2010-12-09	8.04
2010-12-10	7.91
2010-12-11	7.77
2010-12-12	19.46
2010-12-13	7.71
2010-12-14	7.58
2010-12-15	7.45
2010-12-16	7.79
2010-12-17	17.13
2010-12-18	7.25
2010-12-19	7.13
2010-12-20	7.01
2010-12-21	6.90
2010-12-22	6.78
2010-12-23	6.67
2010-12-24	6.56
2010-12-25	6.45
2010-12-26	6.34
2010-12-27	6.23
2010-12-28	6.13
2010-12-29	6.03
2010-12-30	5.93
2010-12-31	5.83
2011-01-01	5.73
2011-01-02	5.64
2011-01-03	5.54
2011-01-04	5.45
2011-01-05	5.36
2011-01-06	5.27
2011-01-07	5.18
2011-01-08	5.10
2011-01-09	5.01
2011-01-10	4.93
2011-01-11	4.85
2011-01-12	4.76
2011-01-13	4.69
2011-01-14	4.61
2011-01-15	4.53
2011-01-16	4.45
2011-01-17	4.38
2011-01-18	4.31
2011-01-19	4.24
2011-01-20	4.17
2011-01-21	4.10
2011-01-22	4.03
2011-01-23	3.96
2011-01-24	3.89
2011-01-25	3.83
2011-01-26	3.77
2011-01-27	3.70
2011-01-28	3.64
2011-01-29	3.58
2011-01-30	3.52
2011-01-31	3.46
2011-02-01	3.40
2011-02-02	3.35
2011-02-03	3.29
2011-02-04	5.34
2011-02-05	3.22
2011-02-06	3.16
2011-02-07	3.11
2011-02-08	3.06
2011-02-09	3.01
2011-02-10	2.96
2011-02-11	2.91
2011-02-12	2.86
2011-02-13	2.81
2011-02-14	2.77
2011-02-15	2.72
2011-02-16	2.67
2011-02-17	2.63
2011-02-18	2.59
2011-02-19	2.54
2011-02-20	2.50
2011-02-21	4.39
2011-02-22	81.53
2011-02-23	139.30
2011-02-24	14.05
2011-02-25	32.03
2011-02-26	13.67
2011-02-27	10.91
2011-02-28	6.16
2011-03-01	6.06
2011-03-02	5.96
2011-03-03	6.03
2011-03-04	5.76
2011-03-05	5.67
2011-03-06	5.57
2011-03-07	5.48
2011-03-08	5.39
2011-03-09	5.30
2011-03-10	5.21
2011-03-11	5.12
2011-03-12	5.04
2011-03-13	4.95
2011-03-14	4.87
2011-03-15	4.79
2011-03-16	4.71
2011-03-17	4.63
2011-03-18	4.55
2011-03-19	4.48
2011-03-20	4.40
2011-03-21	4.33
2011-03-22	4.26
2011-03-23	4.19
2011-03-24	4.12
2011-03-25	4.05
2011-03-26	8.12
2011-03-27	7.09
2011-03-28	3.96
2011-03-29	3.90
2011-03-30	3.83
2011-03-31	3.77
2011-04-01	11.82
2011-04-02	3.78
2011-04-03	3.71
2011-04-04	26.19
2011-04-05	53.88
2011-04-06	45.99
2011-04-07	21.19
2011-04-08	9.08
2011-04-09	5.47
2011-04-10	5.33
2011-04-11	5.24
2011-04-12	5.15
2011-04-13	5.07
2011-04-14	4.98
2011-04-15	4.90
2011-04-16	4.82
2011-04-17	4.74
2011-04-18	4.66
2011-04-19	4.86
2011-04-20	4.51
2011-04-21	8.00
2011-04-22	317.89
2011-04-23	9.40
2011-04-24	9.24
2011-04-25	11.69
2011-04-26	39.15
2011-04-27	9.31
2011-04-28	9.16
2011-04-29	9.00
2011-04-30	145.77
2011-05-01	193.23
2011-05-02	13.67
2011-05-03	16.92
2011-05-04	188.48
2011-05-05	15.88
2011-05-06	175.89
2011-05-07	430.51
2011-05-08	132.95
2011-05-09	1243.06
2011-05-10	709.75
2011-05-11	54.81
2011-05-12	53.89
2011-05-13	64.23
2011-05-14	52.29
2011-05-15	51.42
2011-05-16	50.56
2011-05-17	49.72
2011-05-18	48.96
2011-05-19	48.08
2011-05-20	47.72
2011-05-21	46.50
2011-05-22	45.82
2011-05-23	44.96
2011-05-24	44.21
2011-05-25	45.08
2011-05-26	42.78
2011-05-27	42.06
2011-05-28	41.36
2011-05-29	40.67
2011-05-30	39.99
2011-05-31	39.33
2011-06-01	38.67
2011-06-02	38.03
2011-06-03	40.21
2011-06-04	36.82
2011-06-05	39.87
2011-06-06	35.66
2011-06-07	38.84
2011-06-08	34.54
2011-06-09	33.96
2011-06-10	33.40
2011-06-11	33.31
2011-06-12	32.30
2011-06-13	31.76
2011-06-14	31.23
2011-06-15	30.71
2011-06-16	30.54
2011-06-17	29.70
2011-06-18	30.49
2011-06-19	28.74
2011-06-20	28.26
2011-06-21	27.79
2011-06-22	27.33
2011-06-23	27.95
2011-06-24	98.56
2011-06-25	27.17
2011-06-26	26.71
2011-06-27	26.27
2011-06-28	25.83
2011-06-29	25.40
2011-06-30	24.98
2011-07-01	24.56
2011-07-02	24.15
2011-07-03	23.75
2011-07-04	23.35
2011-07-05	22.96
2011-07-06	22.58
2011-07-07	22.20
2011-07-08	21.83
2011-07-09	21.47
2011-07-10	21.11
2011-07-11	25.20
2011-07-12	20.49
2011-07-13	20.14
2011-07-14	19.81
2011-07-15	19.48
2011-07-16	19.15
2011-07-17	21.09
2011-07-18	286.48
2011-07-19	22.57
2011-07-20	22.19
2011-07-21	21.82
2011-07-22	21.46
2011-07-23	21.10
2011-07-24	20.75
2011-07-25	20.40
2011-07-26	20.06
2011-07-27	19.73
2011-07-28	19.40
2011-07-29	19.08
2011-07-30	19.80
2011-07-31	20.90
2011-08-01	18.19
2011-08-02	17.89
2011-08-03	17.59
2011-08-04	17.30
2011-08-05	17.01
2011-08-06	16.73
2011-08-07	16.45
2011-08-08	16.17
2011-08-09	15.90
2011-08-10	15.64
2011-08-11	15.38
2011-08-12	15.12
2011-08-13	22.58
2011-08-14	168.24
2011-08-15	16.98
2011-08-16	16.69
2011-08-17	62.15
2011-08-18	16.88
2011-08-19	16.60
2011-08-20	16.32
2011-08-21	16.05
2011-08-22	15.78
2011-08-23	15.85
2011-08-24	15.26
2011-08-25	15.01
2011-08-26	14.76
2011-08-27	14.51
2011-08-28	14.27
2011-08-29	14.03
2011-08-30	13.80
2011-08-31	13.57
2011-09-01	13.34
2011-09-02	13.12
2011-09-03	12.90
2011-09-04	12.69
2011-09-05	12.48
2011-09-06	14.07
2011-09-07	14.52
2011-09-08	11.93
2011-09-09	11.73
2011-09-10	12.56
2011-09-11	11.43
2011-09-12	11.17
2011-09-13	16.66
2011-09-14	10.89
2011-09-15	10.71
2011-09-16	61.40
2011-09-17	1189.32
2011-09-18	40.65
2011-09-19	29.66
2011-09-20	29.16
2011-09-21	28.68
2011-09-22	28.20
2011-09-23	27.73
2011-09-24	27.27
2011-09-25	1877.85
2011-09-26	84.85
2011-09-27	55.73
2011-09-28	54.80
2011-09-29	892.63
2011-09-30	66.51
2011-10-01	65.40
2011-10-02	64.31
2011-10-03	63.24
2011-10-04	62.18
2011-10-05	61.15
2011-10-06	60.13
2011-10-07	59.13
2011-10-08	58.14
2011-10-09	57.17
2011-10-10	56.22
2011-10-11	55.28
2011-10-12	54.36
2011-10-13	53.46
2011-10-14	52.56
2011-10-15	51.69
2011-10-16	50.83
2011-10-17	49.98
2011-10-18	49.15
2011-10-19	51.17
2011-10-20	47.57
2011-10-21	46.78
2011-10-22	46.00
2011-10-23	59.05
2011-10-24	148.88
2011-10-25	566.41
2011-10-26	53.27
2011-10-27	52.38
2011-10-28	51.51
2011-10-29	50.65
2011-10-30	227.74
2011-10-31	888.28
2011-11-01	92.15
2011-11-02	900.10
2011-11-03	76.25
2011-11-04	74.98
2011-11-05	73.73
2011-11-06	809.16
2011-11-07	83.17
2011-11-08	81.78
2011-11-09	80.42
2011-11-10	79.08
2011-11-11	77.76
2011-11-12	76.46
2011-11-13	79.17
2011-11-14	205.09
2011-11-15	74.88
2011-11-16	73.63
2011-11-17	72.41
2011-11-18	71.20
2011-11-19	70.01
2011-11-20	68.85
2011-11-21	67.70
2011-11-22	66.57
2011-11-23	65.46
2011-11-24	64.37
2011-11-25	63.30
2011-11-26	62.24
2011-11-27	61.20
2011-11-28	60.18
2011-11-29	59.18
2011-11-30	58.19
2011-12-01	57.22
2011-12-02	58.79
2011-12-03	68.21
2011-12-04	54.66
2011-12-05	394.38
2011-12-06	93.58
2011-12-07	240.59
2011-12-08	138.94
2011-12-09	63.93
2011-12-10	217.23
2011-12-11	60.81
2011-12-12	59.79
2011-12-13	58.80
2011-12-14	57.82
2011-12-15	56.85
2011-12-16	55.91
2011-12-17	131.15
2011-12-18	55.29
2011-12-19	54.37
2011-12-20	53.46
2011-12-21	210.44
2011-12-22	54.24
2011-12-23	53.33
2011-12-24	52.44
2011-12-25	51.57
2011-12-26	77.72
2011-12-27	50.30
2011-12-28	49.46
2011-12-29	48.92
2011-12-30	47.83
2011-12-31	47.03
2012-01-01	46.25
2012-01-02	45.48
2012-01-03	44.72
2012-01-04	43.98
2012-01-05	43.24
2012-01-06	42.52
2012-01-07	41.81
2012-01-08	42.34
2012-01-09	40.45
2012-01-10	39.78
2012-01-11	39.11
2012-01-12	38.46
2012-01-13	37.82
2012-01-14	37.19
2012-01-15	36.57
2012-01-16	35.96
2012-01-17	35.36
2012-01-18	34.77
2012-01-19	36.44
2012-01-20	33.66
2012-01-21	33.10
2012-01-22	32.55
2012-01-23	32.00
2012-01-24	31.47
2012-01-25	30.95
2012-01-26	30.43
2012-01-27	29.92
2012-01-28	29.43
2012-01-29	28.93
2012-01-30	28.45
2012-01-31	27.98
2012-02-01	27.51
2012-02-02	27.05
2012-02-03	26.60
2012-02-04	26.16
2012-02-05	25.72
2012-02-06	25.29
2012-02-07	24.87
2012-02-08	24.46
2012-02-09	24.05
2012-02-10	23.65
2012-02-11	23.26
2012-02-12	22.87
2012-02-13	22.49
2012-02-14	22.11
2012-02-15	21.74
2012-02-16	21.38
2012-02-17	21.02
2012-02-18	20.67
2012-02-19	20.33
2012-02-20	19.99
2012-02-21	19.66
2012-02-22	19.33
2012-02-23	19.01
2012-02-24	18.69
2012-02-25	18.38
2012-02-26	18.07
2012-02-27	17.77
2012-02-28	17.48
2012-02-29	17.18
2012-03-01	16.90
2012-03-02	16.62
2012-03-03	16.34
2012-03-04	16.07
2012-03-05	15.80
2012-03-06	15.54
2012-03-07	15.28
2012-03-08	15.02
2012-03-09	14.77
2012-03-10	14.53
2012-03-11	14.28
2012-03-12	18.00
2012-03-13	364.76
2012-03-14	19.30
2012-03-15	18.98
2012-03-16	18.66
2012-03-17	18.35
2012-03-18	18.05
2012-03-19	17.75
2012-03-20	176.39
2012-03-21	19.72
2012-03-22	19.39
2012-03-23	19.07
2012-03-24	18.75
2012-03-25	18.44
2012-03-26	18.13
2012-03-27	17.83
2012-03-28	17.53
2012-03-29	18.49
2012-03-30	131.29
2012-03-31	95.64
2012-04-01	457.64
2012-04-02	815.94
2012-04-03	383.39
2012-04-04	107.86
2012-04-05	43.73
2012-04-06	43.00
2012-04-07	737.52
2012-04-08	52.79
2012-04-09	51.91
2012-04-10	51.04
2012-04-11	50.19
2012-04-12	49.58
2012-04-13	48.65
2012-04-14	47.73
2012-04-15	46.94
2012-04-16	46.15
2012-04-17	45.38
2012-04-18	44.63
2012-04-19	44.35
2012-04-20	43.16
2012-04-21	42.44
2012-04-22	41.73
2012-04-23	42.44
2012-04-24	41.70
2012-04-25	39.72
2012-04-26	39.06
2012-04-27	38.41
2012-04-28	37.77
2012-04-29	37.14
2012-04-30	36.52
2012-05-01	35.91
2012-05-02	38.03
2012-05-03	608.22
2012-05-04	48.00
2012-05-05	42.78
2012-05-06	42.07
2012-05-07	49.49
2012-05-08	40.81
2012-05-09	40.13
2012-05-10	39.46
2012-05-11	38.81
2012-05-12	38.16
2012-05-13	37.52
2012-05-14	36.90
2012-05-15	36.28
2012-05-16	35.86
2012-05-17	36.13
2012-05-18	34.52
2012-05-19	33.94
2012-05-20	34.55
2012-05-21	32.84
2012-05-22	33.04
2012-05-23	31.77
2012-05-24	31.24
2012-05-25	30.72
2012-05-26	30.20
2012-05-27	29.70
2012-05-28	29.21
2012-05-29	28.72
2012-05-30	28.24
2012-05-31	27.77
2012-06-01	28.54
2012-06-02	29.71
2012-06-03	29.58
2012-06-04	27.05
2012-06-05	25.66
2012-06-06	25.69
2012-06-07	25.47
2012-06-08	24.42
2012-06-09	24.01
2012-06-10	23.61
2012-06-11	23.22
2012-06-12	22.83
2012-06-13	22.45
2012-06-14	22.07
2012-06-15	21.71
2012-06-16	21.34
2012-06-17	20.99
2012-06-18	20.64
2012-06-19	20.29
2012-06-20	19.96
2012-06-21	20.11
2012-06-22	19.30
2012-06-23	18.98
2012-06-24	18.67
2012-06-25	18.36
2012-06-26	18.05
2012-06-27	19.32
2012-06-28	34.17
2012-06-29	17.46
2012-06-30	17.16
2012-07-01	16.88
2012-07-02	16.60
2012-07-03	16.32
2012-07-04	16.05
2012-07-05	41.67
2012-07-06	715.62
2012-07-07	485.29
2012-07-08	33.89
2012-07-09	260.95
2012-07-10	42.33
2012-07-11	35.93
2012-07-12	35.33
2012-07-13	849.36
2012-07-14	47.29
2012-07-15	46.50
2012-07-16	45.73
2012-07-17	44.97
2012-07-18	46.76
2012-07-19	43.52
2012-07-20	42.79
2012-07-21	42.08
2012-07-22	971.78
2012-07-23	1748.73
2012-07-24	82.05
2012-07-25	98.55
2012-07-26	79.63
2012-07-27	78.30
2012-07-28	77.00
2012-07-29	75.71
2012-07-30	74.84
2012-07-31	144.69
2012-08-01	73.15
2012-08-02	71.93
2012-08-03	72.37
2012-08-04	69.58
2012-08-05	68.42
2012-08-06	67.77
2012-08-07	66.16
2012-08-08	65.06
2012-08-09	67.64
2012-08-10	62.97
2012-08-11	61.92
2012-08-12	71.57
2012-08-13	60.05
2012-08-14	59.05
2012-08-15	58.06
2012-08-16	57.09
2012-08-17	56.14
2012-08-18	55.21
2012-08-19	54.29
2012-08-20	53.38
2012-08-21	53.72
2012-08-22	51.64
2012-08-23	51.52
2012-08-24	49.94
2012-08-25	51.26
2012-08-26	48.33
2012-08-27	47.52
2012-08-28	46.73
2012-08-29	45.95
2012-08-30	45.18
2012-08-31	44.43
2012-09-01	43.69
2012-09-02	42.96
2012-09-03	42.25
2012-09-04	41.54
2012-09-05	40.85
2012-09-06	40.17
2012-09-07	39.50
2012-09-08	39.51
2012-09-09	39.18
2012-09-10	37.58
2012-09-11	36.96
2012-09-12	36.34
2012-09-13	35.74
2012-09-14	35.14
2012-09-15	34.55
2012-09-16	33.98
2012-09-17	33.41
2012-09-18	32.86
2012-09-19	32.31
2012-09-20	31.77
2012-09-21	31.24
2012-09-22	30.72
2012-09-23	30.21
2012-09-24	30.37
2012-09-25	37.67
2012-09-26	28.87
2012-09-27	28.39
2012-09-28	27.91
2012-09-29	27.45
2012-09-30	26.99
2012-10-01	26.54
2012-10-02	26.10
2012-10-03	25.66
2012-10-04	25.24
2012-10-05	24.82
2012-10-06	24.40
2012-10-07	24.00
2012-10-08	27.50
2012-10-09	23.27
2012-10-10	22.88
2012-10-11	22.50
2012-10-12	22.12
2012-10-13	21.75
2012-10-14	21.39
2012-10-15	21.03
2012-10-16	20.68
2012-10-17	20.34
2012-10-18	20.00
2012-10-19	19.67
2012-10-20	19.34
2012-10-21	19.02
2012-10-22	18.70
2012-10-23	18.39
2012-10-24	18.08
2012-10-25	17.78
2012-10-26	17.48
2012-10-27	17.19
2012-10-28	16.91
2012-10-29	16.62
2012-10-30	16.35
2012-10-31	16.07
2012-11-01	15.81
2012-11-02	15.54
2012-11-03	15.28
2012-11-04	15.03
2012-11-05	14.78
2012-11-06	14.53
2012-11-07	15.68
2012-11-08	16.34
2012-11-09	14.85
2012-11-10	18.03
2012-11-11	24.23
2012-11-12	65.38
2012-11-13	24.11
2012-11-14	21.58
2012-11-15	13.88
2012-11-16	13.65
2012-11-17	13.42
2012-11-18	23.76
2012-11-19	13.15
2012-11-20	12.93
2012-11-21	12.71
2012-11-22	18.43
2012-11-23	65.20
2012-11-24	26.03
2012-11-25	28.22
2012-11-26	13.05
2012-11-27	12.84
2012-11-28	12.62
2012-11-29	12.41
2012-11-30	12.21
2012-12-01	12.00
2012-12-02	11.80
2012-12-03	11.61
2012-12-04	11.41
2012-12-05	11.22
2012-12-06	11.03
2012-12-07	10.85
2012-12-08	10.67
2012-12-09	10.49
2012-12-10	10.32
2012-12-11	10.15
2012-12-12	9.98
2012-12-13	9.81
2012-12-14	9.65
2012-12-15	9.49
2012-12-16	9.33
2012-12-17	9.17
2012-12-18	9.02
2012-12-19	8.87
2012-12-20	8.72
2012-12-21	8.58
2012-12-22	8.43
2012-12-23	8.29
2012-12-24	8.15
2012-12-25	8.02
2012-12-26	7.88
2012-12-27	7.75
2012-12-28	7.62
2012-12-29	7.50
2012-12-30	7.37
2012-12-31	7.25
2013-01-01	7.13
2013-01-02	7.01
2013-01-03	6.89
2013-01-04	6.78
2013-01-05	6.66
2013-01-06	6.55
2013-01-07	6.44
2013-01-08	6.34
2013-01-09	6.23
2013-01-10	6.13
2013-01-11	6.03
2013-01-12	5.93
2013-01-13	5.83
2013-01-14	5.73
2013-01-15	5.63
2013-01-16	5.54
2013-01-17	5.45
2013-01-18	5.36
2013-01-19	5.27
2013-01-20	5.18
2013-01-21	5.09
2013-01-22	5.01
2013-01-23	4.92
2013-01-24	4.84
2013-01-25	4.76
2013-01-26	4.68
2013-01-27	133.62
2013-01-28	6.61
2013-01-29	6.50
2013-01-30	6.39
2013-01-31	6.28
2013-02-01	6.18
2013-02-02	6.08
2013-02-03	5.97
2013-02-04	5.87
2013-02-05	5.78
2013-02-06	5.68
2013-02-07	5.59
2013-02-08	5.49
2013-02-09	5.40
2013-02-10	5.31
2013-02-11	5.22
2013-02-12	5.14
2013-02-13	5.05
2013-02-14	4.97
2013-02-15	4.88
2013-02-16	4.80
2013-02-17	4.72
2013-02-18	6.63
2013-02-19	193.76
2013-02-20	48.00
2013-02-21	8.10
2013-02-22	151.92
2013-02-23	348.33
2013-02-24	354.63
2013-02-25	20.64
2013-02-26	20.30
2013-02-27	19.96
2013-02-28	19.63
2013-03-01	19.30
2013-03-02	18.98
2013-03-03	18.66
2013-03-04	18.35
2013-03-05	18.04
2013-03-06	19.57
2013-03-07	83.82
2013-03-08	18.26
2013-03-09	83.09
2013-03-10	657.33
2013-03-11	28.69
2013-03-12	28.21
2013-03-13	27.74
2013-03-14	27.28
2013-03-15	361.72
2013-03-16	527.86
2013-03-17	39.24
2013-03-18	38.59
2013-03-19	37.94
2013-03-20	37.31
2013-03-21	36.69
2013-03-22	250.84
2013-03-23	38.94
2013-03-24	256.73
2013-03-25	203.95
2013-03-26	327.21
2013-03-27	100.82
2013-03-28	47.06
2013-03-29	47.60
2013-03-30	45.52
2013-03-31	51.05
2013-04-01	47.42
2013-04-02	43.47
2013-04-03	42.71
2013-04-04	42.00
2013-04-05	41.30
2013-04-06	40.61
2013-04-07	39.94
2013-04-08	39.27
2013-04-09	38.62
2013-04-10	37.97
2013-04-11	37.34
2013-04-12	36.72
2013-04-13	36.11
2013-04-14	35.50
2013-04-15	34.91
2013-04-16	34.33
2013-04-17	33.76
2013-04-18	33.20
2013-04-19	39.13
2013-04-20	1276.83
2013-04-21	51.73
2013-04-22	50.87
2013-04-23	50.02
2013-04-24	49.19
2013-04-25	48.37
2013-04-26	47.56
2013-04-27	46.77
2013-04-28	45.99
2013-04-29	45.22
2013-04-30	46.30
2013-05-01	43.76
2013-05-02	43.03
2013-05-03	42.31
2013-05-04	41.60
2013-05-05	40.91
2013-05-06	40.23
2013-05-07	39.56
2013-05-08	38.90
2013-05-09	38.25
2013-05-10	37.61
2013-05-11	37.42
2013-05-12	43.70
2013-05-13	35.89
2013-05-14	35.29
2013-05-15	34.70
2013-05-16	34.12
2013-05-17	33.56
2013-05-18	33.00
2013-05-19	32.45
2013-05-20	32.37
2013-05-21	33.39
2013-05-22	30.89
2013-05-23	30.38
2013-05-24	30.66
2013-05-25	33.62
2013-05-26	28.96
2013-05-27	28.48
2013-05-28	28.01
2013-05-29	74.90
2013-05-30	113.59
2013-05-31	28.76
2013-06-01	726.26
2013-06-02	39.06
2013-06-03	38.41
2013-06-04	37.77
2013-06-05	37.14
2013-06-06	36.52
2013-06-07	36.13
2013-06-08	35.33
2013-06-09	34.73
2013-06-10	34.15
2013-06-11	33.58
2013-06-12	33.02
2013-06-13	32.47
2013-06-14	40.19
2013-06-15	41.43
2013-06-16	31.17
2013-06-17	30.65
2013-06-18	30.14
2013-06-19	29.63
2013-06-20	35.08
2013-06-21	28.75
2013-06-22	28.27
2013-06-23	27.80
2013-06-24	27.34
2013-06-25	26.88
2013-06-26	26.43
2013-06-27	25.99
2013-06-28	25.56
2013-06-29	26.56
2013-06-30	24.74
2013-07-01	24.32
2013-07-02	23.92
2013-07-03	23.52
2013-07-04	23.13
2013-07-05	22.74
2013-07-06	27.59
2013-07-07	22.08
2013-07-08	21.71
2013-07-09	43.93
2013-07-10	21.35
2013-07-11	21.00
2013-07-12	20.65
2013-07-13	20.30
2013-07-14	20.64
2013-07-15	19.64
2013-07-16	19.32
2013-07-17	23.04
2013-07-18	18.97
2013-07-19	18.43
2013-07-20	81.24
2013-07-21	18.84
2013-07-22	18.53
2013-07-23	110.85
2013-07-24	19.41
2013-07-25	19.09
2013-07-26	19.00
2013-07-27	18.46
2013-07-28	18.15
2013-07-29	17.85
2013-07-30	17.55
2013-07-31	17.26
2013-08-01	16.97
2013-08-02	17.44
2013-08-03	16.42
2013-08-04	18.38
2013-08-05	15.91
2013-08-06	15.65
2013-08-07	15.39
2013-08-08	15.13
2013-08-09	14.88
2013-08-10	16.14
2013-08-11	14.41
2013-08-12	14.17
2013-08-13	13.94
2013-08-14	13.70
2013-08-15	13.48
2013-08-16	13.25
2013-08-17	13.03
2013-08-18	12.81
2013-08-19	12.60
2013-08-20	12.39
2013-08-21	12.18
2013-08-22	11.98
2013-08-23	11.78
2013-08-24	11.58
2013-08-25	11.83
2013-08-26	11.21
2013-08-27	11.02
2013-08-28	10.84
2013-08-29	10.66
2013-08-30	10.48
2013-08-31	10.30
2013-09-01	10.13
2013-09-02	9.96
2013-09-03	9.80
2013-09-04	9.63
2013-09-05	9.47
2013-09-06	9.32
2013-09-07	9.16
2013-09-08	9.55
2013-09-09	10.98
2013-09-10	8.99
2013-09-11	8.77
2013-09-12	8.47
2013-09-13	8.33
2013-09-14	8.23
2013-09-15	8.05
2013-09-16	7.92
2013-09-17	10.65
2013-09-18	13.19
2013-09-19	9.49
2013-09-20	7.57
2013-09-21	8.42
2013-09-22	7.33
2013-09-23	7.21
2013-09-24	7.09
2013-09-25	6.97
2013-09-26	6.86
2013-09-27	10.80
2013-09-28	6.69
2013-09-29	6.58
2013-09-30	6.47
2013-10-01	6.36
2013-10-02	6.26
2013-10-03	6.15
2013-10-04	6.05
2013-10-05	5.95
2013-10-06	5.85
2013-10-07	5.75
2013-10-08	8.75
2013-10-09	7.59
2013-10-10	5.55
2013-10-11	5.46
2013-10-12	5.37
2013-10-13	5.28
2013-10-14	5.19
2013-10-15	5.10
2013-10-16	5.02
2013-10-17	4.94
2013-10-18	4.85
2013-10-19	4.77
2013-10-20	4.69
2013-10-21	4.61
2013-10-22	4.54
2013-10-23	4.46
2013-10-24	4.39
2013-10-25	4.31
2013-10-26	4.24
2013-10-27	4.17
2013-10-28	4.10
2013-10-29	4.03
2013-10-30	4.42
2013-10-31	5.68
2013-11-01	3.87
2013-11-02	3.81
2013-11-03	3.74
2013-11-04	3.68
2013-11-05	3.62
2013-11-06	3.56
2013-11-07	13.10
2013-11-08	8.79
2013-11-09	4.47
2013-11-10	3.57
2013-11-11	3.56
2013-11-12	6.98
2013-11-13	3.46
2013-11-14	3.40
2013-11-15	3.34
2013-11-16	3.29
2013-11-17	3.30
2013-11-18	3.18
2013-11-19	3.13
2013-11-20	11.66
2013-11-21	11.01
2013-11-22	12.90
2013-11-23	3.34
2013-11-24	3.28
2013-11-25	3.23
2013-11-26	3.17
2013-11-27	3.12
2013-11-28	3.07
2013-11-29	15.18
2013-11-30	3.16
2013-12-01	3.11
2013-12-02	3.06
2013-12-03	7.97
2013-12-04	3.04
2013-12-05	2.99
2013-12-06	52.57
2013-12-07	3.69
2013-12-08	3.63
2013-12-09	3.57
2013-12-10	19.61
2013-12-11	3.71
2013-12-12	3.65
2013-12-13	3.58
2013-12-14	3.52
2013-12-15	3.47
2013-12-16	3.41
2013-12-17	3.35
2013-12-18	3.30
2013-12-19	3.24
2013-12-20	3.19
2013-12-21	20.25
2013-12-22	3.36
2013-12-23	3.30
2013-12-24	3.25
2013-12-25	3.19
2013-12-26	41.23
2013-12-27	3.70
2013-12-28	3.64
2013-12-29	3.58
2013-12-30	3.52
2013-12-31	3.46
2014-01-01	3.40
2014-01-02	3.35
2014-01-03	3.29
2014-01-04	3.24
2014-01-05	3.18
2014-01-06	3.13
2014-01-07	3.08
2014-01-08	3.02
2014-01-09	2.97
2014-01-10	2.92
2014-01-11	2.88
2014-01-12	2.83
2014-01-13	2.78
2014-01-14	2.73
2014-01-15	2.69
2014-01-16	2.64
2014-01-17	2.60
2014-01-18	2.56
2014-01-19	2.51
2014-01-20	2.47
2014-01-21	2.43
2014-01-22	2.39
2014-01-23	2.35
2014-01-24	2.31
2014-01-25	2.27
2014-01-26	2.24
2014-01-27	2.20
2014-01-28	2.16
2014-01-29	2.13
2014-01-30	2.09
2014-01-31	2.06
2014-02-01	2.02
2014-02-02	1.99
2014-02-03	1.95
2014-02-04	3.20
2014-02-05	3.38
2014-02-06	15.58
2014-02-07	2.09
2014-02-08	2.06
2014-02-09	2.02
2014-02-10	1.99
2014-02-11	114.58
2014-02-12	3.74
2014-02-13	3.68
2014-02-14	3.61
2014-02-15	3.55
2014-02-16	3.49
2014-02-17	3.44
2014-02-18	3.38
2014-02-19	3.32
2014-02-20	3.27
2014-02-21	3.21
2014-02-22	3.16
2014-02-23	3.11
2014-02-24	3.06
2014-02-25	3.00
2014-02-26	2.95
2014-02-27	2.90
2014-02-28	2.86
2014-03-01	2.81
2014-03-02	2.76
2014-03-03	2.72
2014-03-04	2.67
2014-03-05	2.63
2014-03-06	2.58
2014-03-07	2.54
2014-03-08	2.50
2014-03-09	2.46
2014-03-10	2.41
2014-03-11	2.37
2014-03-12	79.20
2014-03-13	58.72
2014-03-14	48.06
2014-03-15	57.85
2014-03-16	95.04
2014-03-17	88.92
2014-03-18	15.44
2014-03-19	8.29
2014-03-20	8.15
2014-03-21	16.77
2014-03-22	13.98
2014-03-23	15.07
2014-03-24	7.96
2014-03-25	7.83
2014-03-26	14.71
2014-03-27	7.68
2014-03-28	7.56
2014-03-29	7.43
2014-03-30	7.31
2014-03-31	7.19
2014-04-01	7.07
2014-04-02	6.95
2014-04-03	6.83
2014-04-04	6.72
2014-04-05	6.61
2014-04-06	6.50
2014-04-07	6.39
2014-04-08	8.02
2014-04-09	13.25
2014-04-10	30.30
2014-04-11	128.13
2014-04-12	119.48
2014-04-13	89.88
2014-04-14	23.07
2014-04-15	11.13
2014-04-16	15.26
2014-04-17	34.17
2014-04-18	311.02
2014-04-19	38.13
2014-04-20	32.55
2014-04-21	16.85
2014-04-22	15.54
2014-04-23	15.28
2014-04-24	15.03
2014-04-25	15.21
2014-04-26	14.54
2014-04-27	14.30
2014-04-28	14.94
2014-04-29	13.84
2014-04-30	13.61
2014-05-01	13.38
2014-05-02	13.16
2014-05-03	12.94
2014-05-04	12.72
2014-05-05	12.51
2014-05-06	12.30
2014-05-07	12.10
2014-05-08	11.90
2014-05-09	11.70
2014-05-10	11.50
2014-05-11	12.28
2014-05-12	11.14
2014-05-13	10.95
2014-05-14	10.77
2014-05-15	10.59
2014-05-16	10.41
2014-05-17	10.24
2014-05-18	10.07
2014-05-19	9.90
2014-05-20	9.74
2014-05-21	9.57
2014-05-22	9.41
2014-05-23	9.26
2014-05-24	9.10
2014-05-25	8.95
2014-05-26	8.80
2014-05-27	8.78
2014-05-28	8.51
2014-05-29	12.91
2014-05-30	10.07
2014-05-31	8.20
2014-06-01	8.06
2014-06-02	7.92
2014-06-03	7.79
2014-06-04	7.66
2014-06-05	7.54
2014-06-06	10.70
2014-06-07	7.34
2014-06-08	7.22
2014-06-09	8.72
2014-06-10	7.74
2014-06-11	41.31
2014-06-12	657.81
2014-06-13	17.70
2014-06-14	17.68
2014-06-15	17.12
2014-06-16	16.84
2014-06-17	18.06
2014-06-18	16.30
2014-06-19	16.03
2014-06-20	15.77
2014-06-21	15.50
2014-06-22	15.24
2014-06-23	14.99
2014-06-24	14.74
2014-06-25	14.49
2014-06-26	16.81
2014-06-27	14.06
2014-06-28	14.18
2014-06-29	13.60
2014-06-30	13.37
2014-07-01	13.15
2014-07-02	14.52
2014-07-03	12.74
2014-07-04	20.24
2014-07-05	89.14
2014-07-06	13.47
2014-07-07	13.25
2014-07-08	13.03
2014-07-09	12.81
2014-07-10	12.60
2014-07-11	15.24
2014-07-12	12.23
2014-07-13	12.02
2014-07-14	11.82
2014-07-15	13.96
2014-07-16	12.34
2014-07-17	11.29
2014-07-18	11.10
2014-07-19	10.92
2014-07-20	10.74
2014-07-21	10.56
2014-07-22	10.38
2014-07-23	10.21
2014-07-24	10.04
2014-07-25	10.06
2014-07-26	9.71
2014-07-27	9.55
2014-07-28	9.39
2014-07-29	9.23
2014-07-30	9.08
2014-07-31	8.93
2014-08-01	8.78
2014-08-02	8.63
2014-08-03	8.49
2014-08-04	11.48
2014-08-05	8.26
2014-08-06	8.12
2014-08-07	7.98
2014-08-08	7.85
2014-08-09	7.72
2014-08-10	7.59
2014-08-11	7.47
2014-08-12	7.34
2014-08-13	7.22
2014-08-14	7.10
2014-08-15	6.98
2014-08-16	6.86
2014-08-17	6.75
2014-08-18	8.63
2014-08-19	6.56
2014-08-20	6.45
2014-08-21	6.34
2014-08-22	6.24
2014-08-23	6.13
2014-08-24	6.03
2014-08-25	5.93
2014-08-26	5.83
2014-08-27	5.73
2014-08-28	5.64
2014-08-29	5.54
2014-08-30	5.45
2014-08-31	5.36
2014-09-01	5.49
2014-09-02	9.08
2014-09-03	5.16
2014-09-04	5.08
2014-09-05	4.99
2014-09-06	4.91
2014-09-07	4.83
2014-09-08	5.45
2014-09-09	4.68
2014-09-10	4.60
2014-09-11	4.52
2014-09-12	4.45
2014-09-13	7.65
2014-09-14	4.35
2014-09-15	4.28
2014-09-16	4.21
2014-09-17	4.14
2014-09-18	4.07
2014-09-19	4.00
2014-09-20	3.94
2014-09-21	11.02
2014-09-22	23.72
2014-09-23	35.93
2014-09-24	4.62
2014-09-25	4.54
2014-09-26	80.22
2014-09-27	5.61
2014-09-28	9.15
2014-09-29	41.76
2014-09-30	47.48
2014-10-01	24.27
2014-10-02	6.72
2014-10-03	6.61
2014-10-04	6.50
2014-10-05	6.39
2014-10-06	6.29
2014-10-07	6.18
2014-10-08	6.08
2014-10-09	5.98
2014-10-10	5.88
2014-10-11	5.78
2014-10-12	5.68
2014-10-13	5.59
2014-10-14	5.50
2014-10-15	5.40
2014-10-16	5.31
2014-10-17	5.23
2014-10-18	5.14
2014-10-19	5.05
2014-10-20	4.97
2014-10-21	4.89
2014-10-22	4.80
2014-10-23	9.66
2014-10-24	9.91
2014-10-25	7.67
2014-10-26	4.70
2014-10-27	4.62
2014-10-28	4.54
2014-10-29	4.47
2014-10-30	4.39
2014-10-31	4.32
2014-11-01	4.25
2014-11-02	4.18
2014-11-03	4.11
2014-11-04	4.04
2014-11-05	3.97
2014-11-06	3.91
2014-11-07	3.84
2014-11-08	55.63
2014-11-09	10.68
2014-11-10	9.82
2014-11-11	4.58
2014-11-12	252.89
2014-11-13	8.43
2014-11-14	8.29
2014-11-15	8.15
2014-11-16	8.02
2014-11-17	7.89
2014-11-18	7.75
2014-11-19	7.62
2014-11-20	7.50
2014-11-21	7.37
2014-11-22	7.25
2014-11-23	7.18
2014-11-24	7.01
2014-11-25	6.89
2014-11-26	6.78
2014-11-27	6.67
2014-11-28	6.56
2014-11-29	6.45
2014-11-30	6.34
2014-12-01	6.23
2014-12-02	6.13
2014-12-03	6.92
2014-12-04	5.94
2014-12-05	5.84
2014-12-06	5.74
2014-12-07	5.65
2014-12-08	5.55
2014-12-09	5.46
2014-12-10	5.37
2014-12-11	5.28
2014-12-12	5.19
2014-12-13	5.11
2014-12-14	5.02
2014-12-15	4.94
2014-12-16	4.86
2014-12-17	4.77
2014-12-18	32.85
2014-12-19	5.07
2014-12-20	12.46
2014-12-21	5.02
2014-12-22	4.94
2014-12-23	40.04
2014-12-24	5.34
2014-12-25	68.06
2014-12-26	6.18
2014-12-27	6.08
2014-12-28	5.98
2014-12-29	5.88
2014-12-30	5.78
2014-12-31	5.68
2015-01-01	5.59
2015-01-02	5.49
2015-01-03	5.40
2015-01-04	5.31
2015-01-05	5.22
2015-01-06	5.14
2015-01-07	5.05
2015-01-08	4.97
2015-01-09	4.88
2015-01-10	4.80
2015-01-11	4.72
2015-01-12	4.64
2015-01-13	4.57
2015-01-14	4.49
2015-01-15	4.42
2015-01-16	4.34
2015-01-17	4.27
2015-01-18	4.20
2015-01-19	4.13
2015-01-20	4.06
2015-01-21	3.99
2015-01-22	3.93
2015-01-23	3.86
2015-01-24	3.80
2015-01-25	3.73
2015-01-26	3.67
2015-01-27	3.61
2015-01-28	3.55
2015-01-29	3.49
2015-01-30	3.43
2015-01-31	3.37
2015-02-01	3.32
2015-02-02	3.26
2015-02-03	3.21
2015-02-04	3.15
2015-02-05	3.10
2015-02-06	3.05
2015-02-07	3.00
2015-02-08	2.95
2015-02-09	2.90
2015-02-10	2.85
2015-02-11	2.80
2015-02-12	2.76
2015-02-13	2.71
2015-02-14	2.67
2015-02-15	2.62
2015-02-16	2.58
2015-02-17	2.54
2015-02-18	2.49
2015-02-19	2.45
2015-02-20	2.41
2015-02-21	2.37
2015-02-22	2.33
2015-02-23	2.29
2015-02-24	2.25
2015-02-25	2.22
2015-02-26	2.18
2015-02-27	2.14
2015-02-28	2.11
2015-03-01	2.07
2015-03-02	2.04
2015-03-03	2.00
2015-03-04	1.97
2015-03-05	1.94
2015-03-06	1.91
2015-03-07	1.87
2015-03-08	1.84
2015-03-09	1.81
2015-03-10	1.78
2015-03-11	1.75
2015-03-12	1.72
2015-03-13	1.69
2015-03-14	1.67
2015-03-15	1.64
2015-03-16	1.61
2015-03-17	1.58
2015-03-18	1.56
2015-03-19	1.53
2015-03-20	1.51
2015-03-21	1.48
2015-03-22	1.46
2015-03-23	1.43
2015-03-24	1.41
2015-03-25	17.38
2015-03-26	284.20
2015-03-27	6.15
2015-03-28	6.05
2015-03-29	5.94
2015-03-30	5.85
2015-03-31	5.75
2015-04-01	190.49
2015-04-02	165.99
2015-04-03	30.61
2015-04-04	11.07
2015-04-05	10.88
2015-04-06	10.70
2015-04-07	79.12
2015-04-08	548.21
2015-04-09	23.24
2015-04-10	833.32
2015-04-11	598.76
2015-04-12	41.02
2015-04-13	40.33
2015-04-14	39.66
2015-04-15	39.00
2015-04-16	38.35
2015-04-17	39.23
2015-04-18	40.32
2015-04-19	36.54
2015-04-20	35.93
2015-04-21	35.33
2015-04-22	2186.36
2015-04-23	276.48
2015-04-24	545.91
2015-04-25	167.61
2015-04-26	88.11
2015-04-27	76.55
2015-04-28	75.28
2015-04-29	74.02
2015-04-30	72.79
2015-05-01	71.58
2015-05-02	70.38
2015-05-03	69.21
2015-05-04	68.06
2015-05-05	67.76
2015-05-06	89.03
2015-05-07	65.10
2015-05-08	64.05
2015-05-09	66.10
2015-05-10	61.95
2015-05-11	60.92
2015-05-12	59.90
2015-05-13	58.90
2015-05-14	57.92
2015-05-15	56.95
2015-05-16	56.01
2015-05-17	55.07
2015-05-18	54.15
2015-05-19	53.25
2015-05-20	52.36
2015-05-21	51.49
2015-05-22	50.65
2015-05-23	50.77
2015-05-24	48.98
2015-05-25	49.08
2015-05-26	47.37
2015-05-27	46.58
2015-05-28	45.81
2015-05-29	45.04
2015-05-30	45.24
2015-05-31	46.50
2015-06-01	42.89
2015-06-02	42.17
2015-06-03	44.43
2015-06-04	40.83
2015-06-05	56.19
2015-06-06	39.74
2015-06-07	39.07
2015-06-08	38.42
2015-06-09	37.78
2015-06-10	37.15
2015-06-11	36.53
2015-06-12	35.93
2015-06-13	35.33
2015-06-14	34.74
2015-06-15	34.16
2015-06-16	33.59
2015-06-17	33.03
2015-06-18	32.48
2015-06-19	31.94
2015-06-20	31.41
2015-06-21	35.39
2015-06-22	31.62
2015-06-23	31.23
2015-06-24	29.47
2015-06-25	28.98
2015-06-26	31.15
2015-06-27	28.07
2015-06-28	27.60
2015-06-29	28.82
2015-06-30	26.71
2015-07-01	35.03
2015-07-02	25.97
2015-07-03	25.54
2015-07-04	25.11
2015-07-05	24.69
2015-07-06	24.28
2015-07-07	23.88
2015-07-08	23.48
2015-07-09	23.09
2015-07-10	22.70
2015-07-11	22.98
2015-07-12	22.68
2015-07-13	24.44
2015-07-14	447.00
2015-07-15	257.27
2015-07-16	31.04
2015-07-17	1005.46
2015-07-18	45.73
2015-07-19	44.97
2015-07-20	44.22
2015-07-21	43.48
2015-07-22	42.76
2015-07-23	42.04
2015-07-24	41.34
2015-07-25	40.88
2015-07-26	39.98
2015-07-27	39.31
2015-07-28	38.66
2015-07-29	38.01
2015-07-30	37.38
2015-07-31	36.76
2015-08-01	36.14
2015-08-02	35.54
2015-08-03	34.95
2015-08-04	41.71
2015-08-05	33.91
2015-08-06	33.35
2015-08-07	32.79
2015-08-08	32.25
2015-08-09	31.71
2015-08-10	31.18
2015-08-11	31.61
2015-08-12	30.16
2015-08-13	29.66
2015-08-14	29.17
2015-08-15	28.68
2015-08-16	28.20
2015-08-17	27.73
2015-08-18	27.27
2015-08-19	26.82
2015-08-20	26.37
2015-08-21	25.93
2015-08-22	25.50
2015-08-23	25.07
2015-08-24	24.65
2015-08-25	24.24
2015-08-26	26.51
2015-08-27	46.08
2015-08-28	23.46
2015-08-29	23.07
2015-08-30	22.68
2015-08-31	22.30
2015-09-01	23.96
2015-09-02	27.09
2015-09-03	21.33
2015-09-04	20.97
2015-09-05	22.49
2015-09-06	21.17
2015-09-07	19.99
2015-09-08	19.65
2015-09-09	19.32
2015-09-10	19.00
2015-09-11	18.69
2015-09-12	22.24
2015-09-13	18.61
2015-09-14	17.84
2015-09-15	17.54
2015-09-16	18.49
2015-09-17	71.14
2015-09-18	206.51
2015-09-19	1569.60
2015-09-20	560.88
2015-09-21	52.53
2015-09-22	51.65
2015-09-23	50.79
2015-09-24	49.94
2015-09-25	49.11
2015-09-26	48.29
2015-09-27	47.49
2015-09-28	115.51
2015-09-29	47.03
2015-09-30	1341.31
2015-10-01	1361.48
2015-10-02	725.69
2015-10-03	294.15
2015-10-04	96.62
2015-10-05	95.01
2015-10-06	93.43
2015-10-07	91.87
2015-10-08	90.34
2015-10-09	88.83
2015-10-10	87.35
2015-10-11	85.90
2015-10-12	84.47
2015-10-13	83.06
2015-10-14	81.67
2015-10-15	80.31
2015-10-16	78.97
2015-10-17	77.66
2015-10-18	76.36
2015-10-19	75.09
2015-10-20	73.84
2015-10-21	72.61
2015-10-22	71.40
2015-10-23	2066.74
2015-10-24	119.96
2015-10-25	99.84
2015-10-26	107.02
2015-10-27	96.68
2015-10-28	95.07
2015-10-29	93.48
2015-10-30	91.93
2015-10-31	90.39
2015-11-01	88.89
2015-11-02	87.41
2015-11-03	85.95
2015-11-04	85.66
2015-11-05	83.13
2015-11-06	81.74
2015-11-07	80.38
2015-11-08	79.43
2015-11-09	77.73
2015-11-10	76.43
2015-11-11	171.57
2015-11-12	79.93
2015-11-13	74.28
2015-11-14	73.04
2015-11-15	71.82
2015-11-16	70.62
2015-11-17	69.65
2015-11-18	68.29
2015-11-19	67.15
2015-11-20	187.91
2015-11-21	84.74
2015-11-22	66.07
2015-11-23	64.97
2015-11-24	63.89
2015-11-25	62.82
2015-11-26	61.78
2015-11-27	60.75
2015-11-28	59.73
2015-11-29	58.87
2015-11-30	952.83
2015-12-01	1090.38
2015-12-02	86.47
2015-12-03	85.03
2015-12-04	87.66
2015-12-05	82.28
2015-12-06	80.91
2015-12-07	79.56
2015-12-08	78.24
2015-12-09	76.93
2015-12-10	75.65
2015-12-11	74.39
2015-12-12	73.15
2015-12-13	71.93
2015-12-14	70.73
2015-12-15	69.55
2015-12-16	68.39
2015-12-17	67.25
2015-12-18	66.13
2015-12-19	65.03
2015-12-20	67.63
2015-12-21	62.94
2015-12-22	61.89
2015-12-23	60.86
2015-12-24	59.85
2015-12-25	58.85
2015-12-26	57.87
2015-12-27	56.90
2015-12-28	55.95
2015-12-29	55.02
2015-12-30	54.10
2015-12-31	53.20
