2000-01-01	11.20
2000-01-02	222.59
2000-01-03	28.57
2000-01-04	55.93
2000-01-05	146.84
2000-01-06	16.56
2000-01-07	16.28
2000-01-08	16.01
2000-01-09	25.24
2000-01-10	15.63
2000-01-11	15.37
2000-01-12	15.74
2000-01-13	14.88
2000-01-14	14.63
2000-01-15	14.38
2000-01-16	14.14
2000-01-17	19.32
2000-01-18	13.76
2000-01-19	13.53
2000-01-20	146.35
2000-01-21	28.14
2000-01-22	15.19
2000-01-23	14.93
2000-01-24	140.36
2000-01-25	38.57
2000-01-26	16.55
2000-01-27	16.27
2000-01-28	16.00
2000-01-29	15.73
2000-01-30	15.47
2000-01-31	15.21
2000-02-01	14.96
2000-02-02	14.71
2000-02-03	14.47
2000-02-04	245.20
2000-02-05	121.02
2000-02-06	19.08
2000-02-07	19.56
2000-02-08	29.73
2000-02-09	39.41
2000-02-10	90.64
2000-02-11	55.52
2000-02-12	19.49
2000-02-13	19.17
2000-02-14	18.85
2000-02-15	104.26
2000-02-16	19.61
2000-02-17	78.48
2000-02-18	87.23
2000-02-19	20.67
2000-02-20	20.32
2000-02-21	118.65
2000-02-22	36.91
2000-02-23	21.14
2000-02-24	20.79
2000-02-25	20.44
2000-02-26	20.10
2000-02-27	19.77
2000-02-28	19.44
2000-02-29	225.88
2000-03-01	79.30
2000-03-02	85.95
2000-03-03	23.32
2000-03-04	70.63
2000-03-05	26.51
2000-03-06	22.98
2000-03-07	47.91
2000-03-08	88.44
2000-03-09	23.31
2000-03-10	43.77
2000-03-11	26.91
2000-03-12	22.56
2000-03-13	22.19
2000-03-14	21.82
2000-03-15	21.45
2000-03-16	21.10
2000-03-17	20.75
2000-03-18	20.40
2000-03-19	20.06
2000-03-20	19.73
2000-03-21	19.40
2000-03-22	19.07
2000-03-23	18.76
2000-03-24	18.44
2000-03-25	18.14
2000-03-26	17.83
2000-03-27	17.54
2000-03-28	65.99
2000-03-29	17.74
2000-03-30	17.45
2000-03-31	17.16
2000-04-01	16.87
2000-04-02	16.59
2000-04-03	16.31
2000-04-04	16.04
2000-04-05	15.77
2000-04-06	15.51
2000-04-07	15.25
2000-04-08	15.00
2000-04-09	116.48
2000-04-10	69.83
2000-04-11	16.74
2000-04-12	16.46
2000-04-13	16.18
2000-04-14	15.91
2000-04-15	55.45
2000-04-16	16.03
2000-04-17	15.76
2000-04-18	15.50
2000-04-19	15.24
2000-04-20	14.99
2000-04-21	14.74
2000-04-22	14.49
2000-04-23	14.25
2000-04-24	14.01
2000-04-25	16.40
2000-04-26	27.56
2000-04-27	13.59
2000-04-28	13.36
2000-04-29	13.14
2000-04-30	12.92
2000-05-01	12.71
2000-05-02	12.50
2000-05-03	12.29
2000-05-04	12.08
2000-05-05	11.88
2000-05-06	11.68
2000-05-07	11.49
2000-05-08	11.30
2000-05-09	11.11
2000-05-10	10.92
2000-05-11	10.74
2000-05-12	10.56
2000-05-13	10.39
2000-05-14	10.21
2000-05-15	10.04
2000-05-16	9.88
2000-05-17	9.71
2000-05-18	9.55
2000-05-19	9.39
2000-05-20	9.23
2000-05-21	9.08
2000-05-22	8.93
2000-05-23	8.78
2000-05-24	8.63
2000-05-25	63.32
2000-05-26	9.23
2000-05-27	24.66
2000-05-28	11.38
2000-05-29	194.49
2000-05-30	152.43
2000-05-31	99.96
2000-06-01	15.12
2000-06-02	14.87
2000-06-03	35.79
2000-06-04	14.72
2000-06-05	14.47
2000-06-06	14.23
2000-06-07	13.99
2000-06-08	13.76
2000-06-09	13.53
2000-06-10	13.31
2000-06-11	13.08
2000-06-12	14.28
2000-06-13	12.67
2000-06-14	112.29
2000-06-15	13.86
2000-06-16	13.63
2000-06-17	13.41
2000-06-18	13.18
2000-06-19	12.96
2000-06-20	12.75
2000-06-21	12.53
2000-06-22	12.33
2000-06-23	12.12
2000-06-24	11.92
2000-06-25	11.72
2000-06-26	11.52
2000-06-27	11.33
2000-06-28	11.14
2000-06-29	10.96
2000-06-30	10.77
2000-07-01	10.59
2000-07-02	10.42
2000-07-03	10.24
2000-07-04	10.07
2000-07-05	9.91
2000-07-06	9.74
2000-07-07	9.58
2000-07-08	9.42
2000-07-09	9.26
2000-07-10	9.11
2000-07-11	8.96
2000-07-12	8.81
2000-07-13	8.66
2000-07-14	8.52
2000-07-15	8.37
2000-07-16	8.23
2000-07-17	8.10
2000-07-18	7.96
2000-07-19	7.83
2000-07-20	7.70
2000-07-21	7.57
2000-07-22	7.44
2000-07-23	7.32
2000-07-24	37.08
2000-07-25	7.56
2000-07-26	7.43
2000-07-27	7.31
2000-07-28	7.19
2000-07-29	7.07
2000-07-30	6.95
2000-07-31	6.83
2000-08-01	6.72
2000-08-02	11.59
2000-08-03	6.58
2000-08-04	6.47
2000-08-05	6.36
2000-08-06	6.26
2000-08-07	6.15
2000-08-08	6.05
2000-08-09	5.95
2000-08-10	5.85
2000-08-11	5.75
2000-08-12	5.66
2000-08-13	5.56
2000-08-14	5.47
2000-08-15	5.38
2000-08-16	5.29
2000-08-17	5.20
2000-08-18	55.38
2000-08-19	5.84
2000-08-20	25.67
2000-08-21	230.68
2000-08-22	9.49
2000-08-23	9.33
2000-08-24	9.18
2000-08-25	9.02
2000-08-26	8.87
2000-08-27	8.72
2000-08-28	8.58
2000-08-29	8.44
2000-08-30	8.30
2000-08-31	8.16
2000-09-01	8.02
2000-09-02	7.89
2000-09-03	7.76
2000-09-04	7.63
2000-09-05	7.50
2000-09-06	7.37
2000-09-07	7.25
2000-09-08	7.13
2000-09-09	7.01
2000-09-10	6.90
2000-09-11	6.78
2000-09-12	6.67
2000-09-13	6.56
2000-09-14	6.45
2000-09-15	6.34
2000-09-16	6.23
2000-09-17	6.13
2000-09-18	6.03
2000-09-19	5.93
2000-09-20	5.83
2000-09-21	5.73
2000-09-22	5.64
2000-09-23	5.54
2000-09-24	5.45
2000-09-25	5.36
2000-09-26	5.27
2000-09-27	5.18
2000-09-28	5.10
2000-09-29	5.01
2000-09-30	4.93
2000-10-01	4.84
2000-10-02	4.76
2000-10-03	4.68
2000-10-04	4.61
2000-10-05	4.53
2000-10-06	4.45
2000-10-07	4.38
2000-10-08	4.31
2000-10-09	4.24
2000-10-10	4.16
2000-10-11	4.10
2000-10-12	4.03
2000-10-13	3.96
2000-10-14	3.89
2000-10-15	3.83
2000-10-16	3.77
2000-10-17	3.70
2000-10-18	3.64
2000-10-19	3.58
2000-10-20	3.52
2000-10-21	3.46
2000-10-22	3.40
2000-10-23	3.35
2000-10-24	3.29
2000-10-25	3.24
2000-10-26	3.18
2000-10-27	3.13
2000-10-28	3.08
2000-10-29	3.03
2000-10-30	14.52
2000-10-31	258.34
2000-11-01	45.42
2000-11-02	7.67
2000-11-03	7.54
2000-11-04	7.42
2000-11-05	7.29
2000-11-06	7.17
2000-11-07	7.05
2000-11-08	6.94
2000-11-09	270.40
2000-11-10	10.99
2000-11-11	10.77
2000-11-12	10.59
2000-11-13	10.42
2000-11-14	10.24
2000-11-15	10.07
2000-11-16	70.31
2000-11-17	31.69
2000-11-18	142.82
2000-11-19	12.82
2000-11-20	21.94
2000-11-21	26.48
2000-11-22	12.85
2000-11-23	70.16
2000-11-24	13.08
2000-11-25	12.86
2000-11-26	12.65
2000-11-27	12.44
2000-11-28	12.23
2000-11-29	12.03
2000-11-30	74.89
2000-12-01	21.40
2000-12-02	12.58
2000-12-03	138.72
2000-12-04	168.11
2000-12-05	29.91
2000-12-06	19.20
2000-12-07	185.77
2000-12-08	20.46
2000-12-09	18.34
2000-12-10	18.16
2000-12-11	17.74
2000-12-12	17.44
2000-12-13	17.15
2000-12-14	16.87
2000-12-15	16.58
2000-12-16	16.31
2000-12-17	16.04
2000-12-18	38.13
2000-12-19	15.87
2000-12-20	16.09
2000-12-21	46.16
2000-12-22	15.59
2000-12-23	153.97
2000-12-24	34.11
2000-12-25	30.39
2000-12-26	141.16
2000-12-27	27.91
2000-12-28	20.66
2000-12-29	18.47
2000-12-30	18.17
2000-12-31	17.86
2001-01-01	17.57
2001-01-02	17.27
2001-01-03	16.99
2001-01-04	16.70
2001-01-05	16.42
2001-01-06	16.15
2001-01-07	15.88
2001-01-08	15.62
2001-01-09	15.36
2001-01-10	15.10
2001-01-11	14.85
2001-01-12	14.60
2001-01-13	14.36
2001-01-14	37.22
2001-01-15	200.93
2001-01-16	17.03
2001-01-17	16.74
2001-01-18	16.46
2001-01-19	16.19
2001-01-20	15.92
2001-01-21	16.26
2001-01-22	44.04
2001-01-23	15.61
2001-01-24	15.35
2001-01-25	15.09
2001-01-26	14.84
2001-01-27	437.97
2001-01-28	30.44
2001-01-29	20.97
2001-01-30	20.62
2001-01-31	20.28
2001-02-01	19.94
2001-02-02	20.99
2001-02-03	62.53
2001-02-04	145.39
2001-02-05	21.38
2001-02-06	21.02
2001-02-07	20.67
2001-02-08	20.33
2001-02-09	19.99
2001-02-10	21.08
2001-02-11	222.71
2001-02-12	118.83
2001-02-13	23.49
2001-02-14	23.10
2001-02-15	120.21
2001-02-16	23.91
2001-02-17	23.51
2001-02-18	23.16
2001-02-19	23.89
2001-02-20	94.98
2001-02-21	23.17
2001-02-22	52.87
2001-02-23	44.61
2001-02-24	55.41
2001-02-25	23.00
2001-02-26	22.62
2001-02-27	145.81
2001-02-28	23.86
2001-03-01	23.46
2001-03-02	23.07
2001-03-03	22.69
2001-03-04	22.31
2001-03-05	21.94
2001-03-06	31.69
2001-03-07	23.05
2001-03-08	28.99
2001-03-09	20.82
2001-03-10	20.48
2001-03-11	57.57
2001-03-12	20.40
2001-03-13	20.06
2001-03-14	19.73
2001-03-15	19.40
2001-03-16	19.08
2001-03-17	47.92
2001-03-18	18.92
2001-03-19	18.60
2001-03-20	18.29
2001-03-21	17.99
2001-03-22	17.69
2001-03-23	17.39
2001-03-24	17.10
2001-03-25	16.82
2001-03-26	21.61
2001-03-27	16.34
2001-03-28	169.60
2001-03-29	93.92
2001-03-30	19.19
2001-03-31	18.87
2001-04-01	18.56
2001-04-02	18.25
2001-04-03	17.94
2001-04-04	17.65
2001-04-05	17.35
2001-04-06	17.06
2001-04-07	16.78
2001-04-08	77.68
2001-04-09	17.21
2001-04-10	16.92
2001-04-11	16.64
2001-04-12	16.36
2001-04-13	16.09
2001-04-14	15.82
2001-04-15	15.56
2001-04-16	145.50
2001-04-17	19.28
2001-04-18	16.89
2001-04-19	16.61
2001-04-20	243.86
2001-04-21	51.30
2001-04-22	25.39
2001-04-23	19.67
2001-04-24	117.99
2001-04-25	296.68
2001-04-26	108.28
2001-04-27	25.65
2001-04-28	77.04
2001-04-29	83.11
2001-04-30	27.85
2001-05-01	74.95
2001-05-02	26.09
2001-05-03	25.66
2001-05-04	164.93
2001-05-05	30.80
2001-05-06	109.28
2001-05-07	38.81
2001-05-08	119.59
2001-05-09	28.33
2001-05-10	27.84
2001-05-11	27.38
2001-05-12	27.06
2001-05-13	27.52
2001-05-14	26.05
2001-05-15	25.62
2001-05-16	25.19
2001-05-17	24.77
2001-05-18	24.36
2001-05-19	23.95
2001-05-20	23.55
2001-05-21	23.16
2001-05-22	22.77
2001-05-23	22.39
2001-05-24	22.02
2001-05-25	21.65
2001-05-26	21.29
2001-05-27	20.94
2001-05-28	20.59
2001-05-29	20.25
2001-05-30	19.91
2001-05-31	19.58
2001-06-01	19.25
2001-06-02	18.93
2001-06-03	18.61
2001-06-04	18.30
2001-06-05	18.00
2001-06-06	17.70
2001-06-07	17.40
2001-06-08	65.43
2001-06-09	17.61
2001-06-10	17.31
2001-06-11	158.24
2001-06-12	33.73
2001-06-13	18.94
2001-06-14	18.62
2001-06-15	26.43
2001-06-16	37.29
2001-06-17	18.14
2001-06-18	17.84
2001-06-19	17.54
2001-06-20	17.25
2001-06-21	16.96
2001-06-22	16.68
2001-06-23	16.40
2001-06-24	16.13
2001-06-25	15.86
2001-06-26	15.60
2001-06-27	15.34
2001-06-28	15.08
2001-06-29	14.83
2001-06-30	14.58
2001-07-01	14.34
2001-07-02	14.10
2001-07-03	13.87
2001-07-04	13.63
2001-07-05	13.41
2001-07-06	13.18
2001-07-07	12.96
2001-07-08	12.75
2001-07-09	12.54
2001-07-10	12.33
2001-07-11	12.12
2001-07-12	11.92
2001-07-13	11.72
2001-07-14	11.53
2001-07-15	11.33
2001-07-16	11.14
2001-07-17	10.96
2001-07-18	10.78
2001-07-19	10.60
2001-07-20	10.42
2001-07-21	10.25
2001-07-22	10.08
2001-07-23	9.91
2001-07-24	9.74
2001-07-25	9.58
2001-07-26	9.42
2001-07-27	9.26
2001-07-28	9.11
2001-07-29	8.96
2001-07-30	8.81
2001-07-31	8.66
2001-08-01	8.52
2001-08-02	8.37
2001-08-03	8.24
2001-08-04	8.31
2001-08-05	13.10
2001-08-06	28.49
2001-08-07	17.96
2001-08-08	22.77
2001-08-09	8.24
2001-08-10	8.10
2001-08-11	8.00
2001-08-12	7.83
2001-08-13	7.70
2001-08-14	8.65
2001-08-15	10.54
2001-08-16	7.39
2001-08-17	7.27
2001-08-18	7.15
2001-08-19	7.03
2001-08-20	6.91
2001-08-21	12.29
2001-08-22	6.77
2001-08-23	6.66
2001-08-24	6.55
2001-08-25	6.44
2001-08-26	6.33
2001-08-27	6.23
2001-08-28	6.12
2001-08-29	6.02
2001-08-30	5.92
2001-08-31	5.82
2001-09-01	5.72
2001-09-02	5.63
2001-09-03	5.53
2001-09-04	5.44
2001-09-05	5.35
2001-09-06	5.26
2001-09-07	27.28
2001-09-08	65.41
2001-09-09	6.32
2001-09-10	38.37
2001-09-11	6.63
2001-09-12	6.52
2001-09-13	6.41
2001-09-14	6.30
2001-09-15	6.20
2001-09-16	6.10
2001-09-17	16.82
2001-09-18	13.77
2001-09-19	6.09
2001-09-20	49.33
2001-09-21	70.73
2001-09-22	243.21
2001-09-23	18.25
2001-09-24	115.27
2001-09-25	118.98
2001-09-26	83.82
2001-09-27	15.00
2001-09-28	14.75
2001-09-29	158.44
2001-09-30	16.58
2001-10-01	16.31
2001-10-02	16.04
2001-10-03	15.77
2001-10-04	15.51
2001-10-05	15.25
2001-10-06	14.99
2001-10-07	17.22
2001-10-08	186.95
2001-10-09	17.07
2001-10-10	16.79
2001-10-11	16.51
2001-10-12	16.24
2001-10-13	15.96
2001-10-14	15.70
2001-10-15	15.44
2001-10-16	15.18
2001-10-17	14.93
2001-10-18	14.68
2001-10-19	14.43
2001-10-20	14.19
2001-10-21	13.96
2001-10-22	13.72
2001-10-23	13.49
2001-10-24	13.27
2001-10-25	13.05
2001-10-26	12.83
2001-10-27	12.62
2001-10-28	12.41
2001-10-29	12.20
2001-10-30	12.00
2001-10-31	11.80
2001-11-01	11.60
2001-11-02	11.41
2001-11-03	11.22
2001-11-04	11.03
2001-11-05	10.85
2001-11-06	10.67
2001-11-07	18.68
2001-11-08	231.91
2001-11-09	272.73
2001-11-10	17.78
2001-11-11	17.49
2001-11-12	17.20
2001-11-13	482.06
2001-11-14	24.13
2001-11-15	23.72
2001-11-16	23.33
2001-11-17	22.94
2001-11-18	90.95
2001-11-19	96.47
2001-11-20	249.48
2001-11-21	167.23
2001-11-22	223.17
2001-11-23	35.67
2001-11-24	33.67
2001-11-25	30.80
2001-11-26	30.29
2001-11-27	29.78
2001-11-28	29.29
2001-11-29	28.80
2001-11-30	182.61
2001-12-01	297.75
2001-12-02	394.58
2001-12-03	96.27
2001-12-04	154.53
2001-12-05	202.32
2001-12-06	144.20
2001-12-07	99.14
2001-12-08	65.36
2001-12-09	52.04
2001-12-10	43.25
2001-12-11	42.48
2001-12-12	58.59
2001-12-13	41.05
2001-12-14	40.37
2001-12-15	39.70
2001-12-16	39.03
2001-12-17	38.38
2001-12-18	37.74
2001-12-19	37.12
2001-12-20	36.50
2001-12-21	35.89
2001-12-22	35.29
2001-12-23	89.11
2001-12-24	35.00
2001-12-25	34.42
2001-12-26	33.84
2001-12-27	33.28
2001-12-28	32.73
2001-12-29	32.18
2001-12-30	31.64
2001-12-31	31.12
2002-01-01	30.60
2002-01-02	69.05
2002-01-03	30.21
2002-01-04	29.71
2002-01-05	29.22
2002-01-06	28.73
2002-01-07	28.25
2002-01-08	27.78
2002-01-09	27.32
2002-01-10	26.86
2002-01-11	26.41
2002-01-12	25.97
2002-01-13	25.54
2002-01-14	25.11
2002-01-15	24.70
2002-01-16	24.28
2002-01-17	23.88
2002-01-18	23.48
2002-01-19	23.09
2002-01-20	22.71
2002-01-21	22.33
2002-01-22	21.95
2002-01-23	21.59
2002-01-24	21.23
2002-01-25	20.88
2002-01-26	20.53
2002-01-27	110.69
2002-01-28	130.70
2002-01-29	169.01
2002-01-30	24.70
2002-01-31	24.28
2002-02-01	23.88
2002-02-02	58.04
2002-02-03	154.63
2002-02-04	169.93
2002-02-05	218.62
2002-02-06	29.90
2002-02-07	29.40
2002-02-08	120.20
2002-02-09	212.82
2002-02-10	265.27
2002-02-11	35.57
2002-02-12	34.98
2002-02-13	34.39
2002-02-14	33.82
2002-02-15	33.26
2002-02-16	32.70
2002-02-17	32.16
2002-02-18	31.62
2002-02-19	31.09
2002-02-20	30.58
2002-02-21	30.07
2002-02-22	29.57
2002-02-23	29.07
2002-02-24	28.59
2002-02-25	28.11
2002-02-26	27.64
2002-02-27	48.13
2002-02-28	27.07
2002-03-01	246.94
2002-03-02	120.61
2002-03-03	30.69
2002-03-04	30.18
2002-03-05	29.68
2002-03-06	58.07
2002-03-07	66.94
2002-03-08	48.77
2002-03-09	29.11
2002-03-10	28.63
2002-03-11	28.72
2002-03-12	28.80
2002-03-13	30.29
2002-03-14	364.55
2002-03-15	31.84
2002-03-16	31.31
2002-03-17	30.79
2002-03-18	30.27
2002-03-19	29.77
2002-03-20	29.27
2002-03-21	28.78
2002-03-22	28.30
2002-03-23	28.49
2002-03-24	47.77
2002-03-25	47.18
2002-03-26	66.93
2002-03-27	32.20
2002-03-28	26.93
2002-03-29	26.48
2002-03-30	26.04
2002-03-31	25.61
2002-04-01	25.18
2002-04-02	24.76
2002-04-03	24.35
2002-04-04	23.94
2002-04-05	23.54
2002-04-06	23.15
2002-04-07	22.77
2002-04-08	22.39
2002-04-09	22.01
2002-04-10	22.68
2002-04-11	21.30
2002-04-12	20.95
2002-04-13	23.06
2002-04-14	163.65
2002-04-15	39.65
2002-04-16	22.18
2002-04-17	21.81
2002-04-18	32.12
2002-04-19	132.22
2002-04-20	38.92
2002-04-21	27.87
2002-04-22	23.58
2002-04-23	172.05
2002-04-24	23.99
2002-04-25	23.59
2002-04-26	23.20
2002-04-27	22.81
2002-04-28	22.43
2002-04-29	22.06
2002-04-30	21.69
2002-05-01	21.33
2002-05-02	20.97
2002-05-03	46.71
2002-05-04	20.70
2002-05-05	20.35
2002-05-06	20.01
2002-05-07	19.68
2002-05-08	19.35
2002-05-09	19.03
2002-05-10	18.71
2002-05-11	18.40
2002-05-12	18.09
2002-05-13	17.79
2002-05-14	17.50
2002-05-15	17.20
2002-05-16	16.92
2002-05-17	16.64
2002-05-18	16.36
2002-05-19	16.09
2002-05-20	15.82
2002-05-21	15.55
2002-05-22	15.29
2002-05-23	15.04
2002-05-24	14.79
2002-05-25	14.62
2002-05-26	14.30
2002-05-27	14.06
2002-05-28	13.83
2002-05-29	13.60
2002-05-30	13.37
2002-05-31	13.15
2002-06-01	12.93
2002-06-02	12.71
2002-06-03	46.12
2002-06-04	12.84
2002-06-05	12.62
2002-06-06	23.49
2002-06-07	36.84
2002-06-08	18.99
2002-06-09	34.33
2002-06-10	13.08
2002-06-11	12.41
2002-06-12	12.20
2002-06-13	82.61
2002-06-14	12.94
2002-06-15	12.72
2002-06-16	12.51
2002-06-17	30.95
2002-06-18	12.40
2002-06-19	12.19
2002-06-20	11.99
2002-06-21	11.79
2002-06-22	11.59
2002-06-23	11.40
2002-06-24	11.21
2002-06-25	11.02
2002-06-26	10.84
2002-06-27	10.66
2002-06-28	10.48
2002-06-29	10.30
2002-06-30	10.13
2002-07-01	9.96
2002-07-02	9.80
2002-07-03	9.63
2002-07-04	9.47
2002-07-05	9.31
2002-07-06	9.16
2002-07-07	9.01
2002-07-08	8.86
2002-07-09	8.71
2002-07-10	8.56
2002-07-11	8.42
2002-07-12	8.28
2002-07-13	8.14
2002-07-14	8.01
2002-07-15	7.87
2002-07-16	7.74
2002-07-17	7.61
2002-07-18	7.85
2002-07-19	8.01
2002-07-20	7.26
2002-07-21	7.27
2002-07-22	8.54
2002-07-23	6.92
2002-07-24	6.81
2002-07-25	6.70
2002-07-26	6.58
2002-07-27	6.47
2002-07-28	6.37
2002-07-29	6.26
2002-07-30	6.16
2002-07-31	6.05
2002-08-01	5.95
2002-08-02	5.85
2002-08-03	5.76
2002-08-04	5.66
2002-08-05	5.57
2002-08-06	5.47
2002-08-07	5.38
2002-08-08	5.29
2002-08-09	5.20
2002-08-10	5.12
2002-08-11	5.03
2002-08-12	4.95
2002-08-13	4.87
2002-08-14	4.78
2002-08-15	4.70
2002-08-16	4.63
2002-08-17	4.55
2002-08-18	4.47
2002-08-19	4.40
2002-08-20	4.33
2002-08-21	4.25
2002-08-22	4.18
2002-08-23	4.11
2002-08-24	4.04
2002-08-25	3.98
2002-08-26	3.91
2002-08-27	3.85
2002-08-28	8.79
2002-08-29	3.80
2002-08-30	3.74
2002-08-31	3.67
2002-09-01	3.61
2002-09-02	3.55
2002-09-03	3.49
2002-09-04	3.43
2002-09-05	3.38
2002-09-06	66.55
2002-09-07	13.28
2002-09-08	4.36
2002-09-09	4.29
2002-09-10	4.21
2002-09-11	4.14
2002-09-12	4.08
2002-09-13	4.01
2002-09-14	3.94
2002-09-15	3.87
2002-09-16	3.81
2002-09-17	3.75
2002-09-18	3.68
2002-09-19	3.62
2002-09-20	3.56
2002-09-21	3.50
2002-09-22	3.44
2002-09-23	3.39
2002-09-24	3.33
2002-09-25	3.28
2002-09-26	3.22
2002-09-27	3.17
2002-09-28	3.11
2002-09-29	3.06
2002-09-30	3.01
2002-10-01	2.96
2002-10-02	2.91
2002-10-03	2.86
2002-10-04	2.82
2002-10-05	59.81
2002-10-06	65.41
2002-10-07	71.46
2002-10-08	28.15
2002-10-09	5.85
2002-10-10	5.75
2002-10-11	5.66
2002-10-12	11.20
2002-10-13	40.11
2002-10-14	6.02
2002-10-15	5.92
2002-10-16	5.83
2002-10-17	5.78
2002-10-18	5.63
2002-10-19	5.54
2002-10-20	5.45
2002-10-21	5.36
2002-10-22	17.64
2002-10-23	479.86
2002-10-24	13.44
2002-10-25	12.73
2002-10-26	14.00
2002-10-27	12.33
2002-10-28	12.13
2002-10-29	11.93
2002-10-30	11.73
2002-10-31	11.53
2002-11-01	11.34
2002-11-02	11.15
2002-11-03	261.15
2002-11-04	119.64
2002-11-05	16.26
2002-11-06	15.99
2002-11-07	15.72
2002-11-08	28.22
2002-11-09	15.41
2002-11-10	15.15
2002-11-11	14.90
2002-11-12	14.65
2002-11-13	14.55
2002-11-14	69.36
2002-11-15	33.99
2002-11-16	14.88
2002-11-17	84.14
2002-11-18	40.98
2002-11-19	51.47
2002-11-20	131.37
2002-11-21	18.91
2002-11-22	166.24
2002-11-23	26.25
2002-11-24	19.47
2002-11-25	22.60
2002-11-26	18.63
2002-11-27	18.32
2002-11-28	18.01
2002-11-29	17.71
2002-11-30	17.42
2002-12-01	17.13
2002-12-02	16.84
2002-12-03	281.69
2002-12-04	34.97
2002-12-05	20.45
2002-12-06	20.11
2002-12-07	19.77
2002-12-08	138.60
2002-12-09	154.72
2002-12-10	22.85
2002-12-11	22.46
2002-12-12	22.09
2002-12-13	21.72
2002-12-14	21.69
2002-12-15	525.60
2002-12-16	118.03
2002-12-17	29.75
2002-12-18	45.55
2002-12-19	260.78
2002-12-20	240.28
2002-12-21	71.67
2002-12-22	35.10
2002-12-23	34.52
2002-12-24	46.00
2002-12-25	33.57
2002-12-26	60.32
2002-12-27	48.02
2002-12-28	32.60
2002-12-29	32.05
2002-12-30	31.52
2002-12-31	30.99
2003-01-01	30.48
2003-01-02	90.38
2003-01-03	129.25
2003-01-04	44.26
2003-01-05	117.62
2003-01-06	32.08
2003-01-07	31.55
2003-01-08	168.49
2003-01-09	117.39
2003-01-10	45.36
2003-01-11	33.17
2003-01-12	38.88
2003-01-13	54.97
2003-01-14	32.01
2003-01-15	56.09
2003-01-16	31.35
2003-01-17	30.82
2003-01-18	30.31
2003-01-19	29.80
2003-01-20	29.31
2003-01-21	28.82
2003-01-22	115.23
2003-01-23	29.27
2003-01-24	28.78
2003-01-25	28.30
2003-01-26	27.83
2003-01-27	27.36
2003-01-28	26.91
2003-01-29	26.46
2003-01-30	26.02
2003-01-31	25.59
2003-02-01	550.39
2003-02-02	102.82
2003-02-03	33.77
2003-02-04	33.21
2003-02-05	32.66
2003-02-06	32.11
2003-02-07	31.58
2003-02-08	31.05
2003-02-09	30.54
2003-02-10	94.74
2003-02-11	55.79
2003-02-12	81.46
2003-02-13	233.42
2003-02-14	192.57
2003-02-15	35.54
2003-02-16	34.95
2003-02-17	34.36
2003-02-18	33.79
2003-02-19	33.23
2003-02-20	32.67
2003-02-21	32.13
2003-02-22	31.59
2003-02-23	31.07
2003-02-24	30.55
2003-02-25	91.97
2003-02-26	30.54
2003-02-27	210.83
2003-02-28	32.51
2003-03-01	31.90
2003-03-02	31.37
2003-03-03	30.85
2003-03-04	30.34
2003-03-05	29.83
2003-03-06	29.33
2003-03-07	28.84
2003-03-08	81.82
2003-03-09	28.75
2003-03-10	28.27
2003-03-11	27.80
2003-03-12	178.76
2003-03-13	102.59
2003-03-14	30.02
2003-03-15	29.52
2003-03-16	29.02
2003-03-17	28.54
2003-03-18	28.06
2003-03-19	27.60
2003-03-20	27.14
2003-03-21	26.68
2003-03-22	26.24
2003-03-23	32.82
2003-03-24	25.49
2003-03-25	44.38
2003-03-26	40.82
2003-03-27	209.89
2003-03-28	78.80
2003-03-29	192.57
2003-03-30	45.25
2003-03-31	29.68
2003-04-01	29.19
2003-04-02	28.70
2003-04-03	62.56
2003-04-04	28.30
2003-04-05	47.18
2003-04-06	32.16
2003-04-07	27.30
2003-04-08	53.75
2003-04-09	26.82
2003-04-10	26.38
2003-04-11	25.94
2003-04-12	25.50
2003-04-13	29.23
2003-04-14	40.20
2003-04-15	24.57
2003-04-16	97.32
2003-04-17	204.71
2003-04-18	28.35
2003-04-19	28.95
2003-04-20	28.03
2003-04-21	33.18
2003-04-22	116.75
2003-04-23	26.85
2003-04-24	26.40
2003-04-25	25.96
2003-04-26	25.53
2003-04-27	25.10
2003-04-28	38.35
2003-04-29	24.84
2003-04-30	172.30
2003-05-01	191.88
2003-05-02	28.32
2003-05-03	27.85
2003-05-04	27.38
2003-05-05	26.93
2003-05-06	26.48
2003-05-07	26.04
2003-05-08	25.60
2003-05-09	25.17
2003-05-10	24.76
2003-05-11	24.34
2003-05-12	23.94
2003-05-13	23.54
2003-05-14	23.15
2003-05-15	22.76
2003-05-16	22.38
2003-05-17	22.01
2003-05-18	21.64
2003-05-19	21.28
2003-05-20	20.93
2003-05-21	20.58
2003-05-22	20.23
2003-05-23	19.90
2003-05-24	19.56
2003-05-25	19.24
2003-05-26	18.92
2003-05-27	18.60
2003-05-28	18.29
2003-05-29	17.99
2003-05-30	17.69
2003-05-31	17.39
2003-06-01	17.10
2003-06-02	16.82
2003-06-03	16.54
2003-06-04	16.26
2003-06-05	15.99
2003-06-06	15.72
2003-06-07	15.46
2003-06-08	15.21
2003-06-09	14.95
2003-06-10	14.70
2003-06-11	14.46
2003-06-12	14.22
2003-06-13	13.98
2003-06-14	13.75
2003-06-15	13.52
2003-06-16	13.29
2003-06-17	13.07
2003-06-18	12.85
2003-06-19	12.64
2003-06-20	12.43
2003-06-21	12.22
2003-06-22	12.02
2003-06-23	11.82
2003-06-24	11.62
2003-06-25	11.43
2003-06-26	11.24
2003-06-27	11.05
2003-06-28	10.86
2003-06-29	10.68
2003-06-30	10.51
2003-07-01	10.33
2003-07-02	10.16
2003-07-03	9.99
2003-07-04	9.82
2003-07-05	9.66
2003-07-06	9.50
2003-07-07	9.34
2003-07-08	14.77
2003-07-09	9.12
2003-07-10	8.98
2003-07-11	8.82
2003-07-12	8.67
2003-07-13	8.53
2003-07-14	8.39
2003-07-15	8.25
2003-07-16	8.11
2003-07-17	7.97
2003-07-18	7.84
2003-07-19	7.71
2003-07-20	7.58
2003-07-21	7.45
2003-07-22	7.33
2003-07-23	7.21
2003-07-24	7.09
2003-07-25	6.97
2003-07-26	6.85
2003-07-27	6.74
2003-07-28	6.63
2003-07-29	6.52
2003-07-30	6.41
2003-07-31	6.30
2003-08-01	6.20
2003-08-02	6.09
2003-08-03	5.99
2003-08-04	5.89
2003-08-05	5.79
2003-08-06	5.70
2003-08-07	5.60
2003-08-08	5.51
2003-08-09	5.42
2003-08-10	5.33
2003-08-11	5.24
2003-08-12	5.15
2003-08-13	5.06
2003-08-14	4.98
2003-08-15	4.90
2003-08-16	4.82
2003-08-17	4.74
2003-08-18	4.66
2003-08-19	4.58
2003-08-20	4.50
2003-08-21	4.43
2003-08-22	4.35
2003-08-23	4.28
2003-08-24	4.21
2003-08-25	4.14
2003-08-26	4.07
2003-08-27	4.00
2003-08-28	3.94
2003-08-29	3.87
2003-08-30	3.81
2003-08-31	3.74
2003-09-01	3.68
2003-09-02	3.62
2003-09-03	3.56
2003-09-04	3.50
2003-09-05	3.44
2003-09-06	3.38
2003-09-07	3.33
2003-09-08	3.27
2003-09-09	3.22
2003-09-10	3.16
2003-09-11	3.11
2003-09-12	3.06
2003-09-13	3.01
2003-09-14	2.96
2003-09-15	2.91
2003-09-16	2.86
2003-09-17	2.81
2003-09-18	2.77
2003-09-19	2.72
2003-09-20	2.67
2003-09-21	2.63
2003-09-22	2.59
2003-09-23	2.54
2003-09-24	2.50
2003-09-25	2.46
2003-09-26	2.42
2003-09-27	2.38
2003-09-28	2.34
2003-09-29	2.30
2003-09-30	2.26
2003-10-01	2.22
2003-10-02	2.19
2003-10-03	2.15
2003-10-04	2.11
2003-10-05	2.08
2003-10-06	2.04
2003-10-07	2.01
2003-10-08	1.98
2003-10-09	1.94
2003-10-10	1.91
2003-10-11	1.88
2003-10-12	1.85
2003-10-13	1.82
2003-10-14	1.79
2003-10-15	1.76
2003-10-16	1.73
2003-10-17	1.70
2003-10-18	1.67
2003-10-19	1.64
2003-10-20	1.62
2003-10-21	1.59
2003-10-22	1.56
2003-10-23	1.54
2003-10-24	1.51
2003-10-25	1.48
2003-10-26	1.46
2003-10-27	1.44
2003-10-28	1.41
2003-10-29	1.39
2003-10-30	1.37
2003-10-31	1.34
2003-11-01	1.32
2003-11-02	1.30
2003-11-03	1.28
2003-11-04	1.26
2003-11-05	1.23
2003-11-06	1.21
2003-11-07	1.19
2003-11-08	1.17
2003-11-09	1.15
2003-11-10	1.13
2003-11-11	1.12
2003-11-12	1.10
2003-11-13	1.08
2003-11-14	1.06
2003-11-15	1.04
2003-11-16	1.03
2003-11-17	1.01
2003-11-18	0.99
2003-11-19	0.98
2003-11-20	0.96
2003-11-21	0.94
2003-11-22	0.93
2003-11-23	0.91
2003-11-24	0.90
2003-11-25	0.88
2003-11-26	0.87
2003-11-27	0.85
2003-11-28	0.84
2003-11-29	0.82
2003-11-30	0.81
2003-12-01	0.80
2003-12-02	0.78
2003-12-03	0.77
2003-12-04	0.90
2003-12-05	0.75
2003-12-06	0.74
2003-12-07	1.62
2003-12-08	0.73
2003-12-09	0.71
2003-12-10	26.93
2003-12-11	1.11
2003-12-12	1.09
2003-12-13	1.29
2003-12-14	1.06
2003-12-15	1.04
2003-12-16	1.29
2003-12-17	23.64
2003-12-18	1.36
2003-12-19	26.70
2003-12-20	14.85
2003-12-21	1.91
2003-12-22	1.88
2003-12-23	1.84
2003-12-24	1.81
2003-12-25	1.78
2003-12-26	98.40
2003-12-27	40.06
2003-12-28	11.86
2003-12-29	9.98
2003-12-30	45.55
2003-12-31	103.39
2004-01-01	6.04
2004-01-02	249.82
2004-01-03	9.78
2004-01-04	9.61
2004-01-05	9.45
2004-01-06	9.30
2004-01-07	9.14
2004-01-08	8.99
2004-01-09	8.84
2004-01-10	8.69
2004-01-11	8.55
2004-01-12	8.40
2004-01-13	8.26
2004-01-14	8.13
2004-01-15	7.99
2004-01-16	7.86
2004-01-17	7.73
2004-01-18	7.60
2004-01-19	7.47
2004-01-20	7.35
2004-01-21	7.22
2004-01-22	7.10
2004-01-23	6.99
2004-01-24	6.87
2004-01-25	6.75
2004-01-26	6.64
2004-01-27	6.53
2004-01-28	6.42
2004-01-29	6.32
2004-01-30	6.21
2004-01-31	6.11
2004-02-01	6.00
2004-02-02	5.90
2004-02-03	5.81
2004-02-04	5.71
2004-02-05	229.84
2004-02-06	64.86
2004-02-07	9.88
2004-02-08	9.72
2004-02-09	9.55
2004-02-10	9.40
2004-02-11	9.24
2004-02-12	9.08
2004-02-13	8.93
2004-02-14	8.78
2004-02-15	8.64
2004-02-16	8.49
2004-02-17	8.35
2004-02-18	8.85
2004-02-19	8.15
2004-02-20	7.95
2004-02-21	315.06
2004-02-22	28.87
2004-02-23	166.85
2004-02-24	31.43
2004-02-25	141.07
2004-02-26	425.95
2004-02-27	63.72
2004-02-28	103.46
2004-02-29	24.26
2004-03-01	24.70
2004-03-02	47.40
2004-03-03	64.57
2004-03-04	201.85
2004-03-05	38.84
2004-03-06	27.91
2004-03-07	25.57
2004-03-08	25.15
2004-03-09	24.73
2004-03-10	45.95
2004-03-11	44.17
2004-03-12	27.99
2004-03-13	23.84
2004-03-14	23.81
2004-03-15	35.76
2004-03-16	22.87
2004-03-17	22.49
2004-03-18	22.12
2004-03-19	21.75
2004-03-20	21.39
2004-03-21	21.03
2004-03-22	20.68
2004-03-23	114.55
2004-03-24	21.52
2004-03-25	21.16
2004-03-26	20.80
2004-03-27	20.46
2004-03-28	41.24
2004-03-29	40.34
2004-03-30	20.11
2004-03-31	19.78
2004-04-01	20.04
2004-04-02	129.74
2004-04-03	126.95
2004-04-04	61.20
2004-04-05	22.23
2004-04-06	21.86
2004-04-07	65.58
2004-04-08	21.85
2004-04-09	92.52
2004-04-10	101.35
2004-04-11	26.73
2004-04-12	22.85
2004-04-13	22.47
2004-04-14	22.09
2004-04-15	21.73
2004-04-16	21.36
2004-04-17	80.54
2004-04-18	21.62
2004-04-19	21.26
2004-04-20	49.19
2004-04-21	21.01
2004-04-22	28.15
2004-04-23	20.44
2004-04-24	20.10
2004-04-25	142.81
2004-04-26	21.41
2004-04-27	21.06
2004-04-28	20.71
2004-04-29	20.36
2004-04-30	89.28
2004-05-01	20.81
2004-05-02	30.68
2004-05-03	236.66
2004-05-04	68.40
2004-05-05	23.77
2004-05-06	119.09
2004-05-07	28.40
2004-05-08	24.18
2004-05-09	23.77
2004-05-10	23.38
2004-05-11	22.99
2004-05-12	22.61
2004-05-13	22.23
2004-05-14	21.86
2004-05-15	21.49
2004-05-16	21.14
2004-05-17	20.78
2004-05-18	20.44
2004-05-19	20.10
2004-05-20	19.76
2004-05-21	40.22
2004-05-22	30.32
2004-05-23	19.29
2004-05-24	18.97
2004-05-25	18.66
2004-05-26	18.35
2004-05-27	18.04
2004-05-28	17.74
2004-05-29	107.17
2004-05-30	92.17
2004-05-31	19.48
2004-06-01	19.15
2004-06-02	18.83
2004-06-03	39.59
2004-06-04	18.55
2004-06-05	18.24
2004-06-06	17.94
2004-06-07	17.64
2004-06-08	17.34
2004-06-09	342.85
2004-06-10	27.16
2004-06-11	50.99
2004-06-12	21.85
2004-06-13	21.48
2004-06-14	21.12
2004-06-15	20.77
2004-06-16	20.43
2004-06-17	20.09
2004-06-18	19.75
2004-06-19	19.42
2004-06-20	19.10
2004-06-21	18.78
2004-06-22	18.47
2004-06-23	18.16
2004-06-24	17.86
2004-06-25	17.56
2004-06-26	17.27
2004-06-27	16.98
2004-06-28	16.70
2004-06-29	16.42
2004-06-30	16.14
2004-07-01	16.05
2004-07-02	15.61
2004-07-03	18.96
2004-07-04	99.08
2004-07-05	16.26
2004-07-06	15.98
2004-07-07	15.72
2004-07-08	15.46
2004-07-09	15.20
2004-07-10	14.95
2004-07-11	14.70
2004-07-12	14.45
2004-07-13	14.21
2004-07-14	13.97
2004-07-15	13.74
2004-07-16	13.51
2004-07-17	13.29
2004-07-18	13.06
2004-07-19	12.85
2004-07-20	12.63
2004-07-21	12.42
2004-07-22	12.22
2004-07-23	12.01
2004-07-24	11.81
2004-07-25	11.61
2004-07-26	11.42
2004-07-27	11.23
2004-07-28	11.04
2004-07-29	10.86
2004-07-30	10.68
2004-07-31	10.50
2004-08-01	10.33
2004-08-02	10.15
2004-08-03	9.98
2004-08-04	9.82
2004-08-05	9.65
2004-08-06	9.49
2004-08-07	9.34
2004-08-08	9.18
2004-08-09	9.03
2004-08-10	8.88
2004-08-11	8.73
2004-08-12	8.58
2004-08-13	8.44
2004-08-14	8.30
2004-08-15	8.16
2004-08-16	8.02
2004-08-17	7.89
2004-08-18	7.76
2004-08-19	7.63
2004-08-20	7.50
2004-08-21	7.38
2004-08-22	7.25
2004-08-23	7.13
2004-08-24	7.02
2004-08-25	6.90
2004-08-26	6.78
2004-08-27	6.67
2004-08-28	6.56
2004-08-29	6.45
2004-08-30	6.34
2004-08-31	6.24
2004-09-01	6.13
2004-09-02	6.03
2004-09-03	5.93
2004-09-04	5.83
2004-09-05	5.73
2004-09-06	5.64
2004-09-07	5.54
2004-09-08	5.45
2004-09-09	5.36
2004-09-10	5.27
2004-09-11	5.18
2004-09-12	5.10
2004-09-13	5.01
2004-09-14	4.93
2004-09-15	4.85
2004-09-16	4.77
2004-09-17	4.69
2004-09-18	4.61
2004-09-19	4.53
2004-09-20	4.46
2004-09-21	4.38
2004-09-22	4.31
2004-09-23	4.24
2004-09-24	4.17
2004-09-25	4.10
2004-09-26	4.03
2004-09-27	3.96
2004-09-28	3.90
2004-09-29	3.83
2004-09-30	3.77
2004-10-01	3.70
2004-10-02	3.64
2004-10-03	3.58
2004-10-04	3.52
2004-10-05	3.46
2004-10-06	3.41
2004-10-07	3.35
2004-10-08	3.29
2004-10-09	3.24
2004-10-10	3.18
2004-10-11	3.13
2004-10-12	3.08
2004-10-13	3.03
2004-10-14	2.98
2004-10-15	2.93
2004-10-16	2.88
2004-10-17	2.83
2004-10-18	2.78
2004-10-19	2.74
2004-10-20	2.69
2004-10-21	2.65
2004-10-22	2.60
2004-10-23	2.56
2004-10-24	2.52
2004-10-25	2.47
2004-10-26	2.43
2004-10-27	2.39
2004-10-28	2.35
2004-10-29	2.31
2004-10-30	2.28
2004-10-31	2.24
2004-11-01	2.20
2004-11-02	2.16
2004-11-03	2.13
2004-11-04	2.09
2004-11-05	2.06
2004-11-06	2.02
2004-11-07	1.99
2004-11-08	1.96
2004-11-09	1.92
2004-11-10	1.89
2004-11-11	1.86
2004-11-12	1.83
2004-11-13	1.80
2004-11-14	1.77
2004-11-15	1.74
2004-11-16	3.07
2004-11-17	3.98
2004-11-18	1.71
2004-11-19	1.68
2004-11-20	1.65
2004-11-21	1.63
2004-11-22	1.60
2004-11-23	1.57
2004-11-24	1.55
2004-11-25	1.52
2004-11-26	1.50
2004-11-27	1.47
2004-11-28	1.45
2004-11-29	1.42
2004-11-30	1.40
2004-12-01	1.38
2004-12-02	1.35
2004-12-03	1.33
2004-12-04	10.81
2004-12-05	1.44
2004-12-06	1.53
2004-12-07	6.22
2004-12-08	3.75
2004-12-09	1.46
2004-12-10	4.36
2004-12-11	62.23
2004-12-12	12.59
2004-12-13	2.54
2004-12-14	2.50
2004-12-15	2.46
2004-12-16	4.54
2004-12-17	2.41
2004-12-18	3.37
2004-12-19	2.34
2004-12-20	2.31
2004-12-21	2.27
2004-12-22	2.23
2004-12-23	2.19
2004-12-24	2.16
2004-12-25	2.12
2004-12-26	2.08
2004-12-27	2.05
2004-12-28	2.02
2004-12-29	1.98
2004-12-30	1.95
2004-12-31	1.92
2005-01-01	1.88
2005-01-02	1.85
2005-01-03	79.22
2005-01-04	3.04
2005-01-05	2.99
2005-01-06	2.94
2005-01-07	2.89
2005-01-08	2.84
2005-01-09	2.79
2005-01-10	2.75
2005-01-11	52.97
2005-01-12	115.05
2005-01-13	5.21
2005-01-14	61.93
2005-01-15	92.07
2005-01-16	240.39
2005-01-17	10.88
2005-01-18	10.70
2005-01-19	10.52
2005-01-20	10.34
2005-01-21	10.17
2005-01-22	10.00
2005-01-23	9.84
2005-01-24	348.42
2005-01-25	14.97
2005-01-26	14.72
2005-01-27	59.78
2005-01-28	169.37
2005-01-29	17.20
2005-01-30	16.92
2005-01-31	16.64
2005-02-01	16.36
2005-02-02	16.09
2005-02-03	15.82
2005-02-04	15.55
2005-02-05	15.29
2005-02-06	15.04
2005-02-07	14.79
2005-02-08	14.54
2005-02-09	14.30
2005-02-10	14.06
2005-02-11	13.83
2005-02-12	59.74
2005-02-13	14.11
2005-02-14	13.88
2005-02-15	13.65
2005-02-16	13.42
2005-02-17	13.20
2005-02-18	12.98
2005-02-19	12.76
2005-02-20	12.55
2005-02-21	12.34
2005-02-22	12.13
2005-02-23	11.93
2005-02-24	11.73
2005-02-25	187.39
2005-02-26	154.05
2005-02-27	41.55
2005-02-28	37.85
2005-03-01	31.81
2005-03-02	52.13
2005-03-03	17.88
2005-03-04	16.43
2005-03-05	16.16
2005-03-06	278.95
2005-03-07	19.86
2005-03-08	19.53
2005-03-09	24.04
2005-03-10	18.96
2005-03-11	18.65
2005-03-12	18.34
2005-03-13	18.03
2005-03-14	17.73
2005-03-15	17.44
2005-03-16	70.36
2005-03-17	17.72
2005-03-18	17.42
2005-03-19	17.13
2005-03-20	16.85
2005-03-21	16.56
2005-03-22	16.29
2005-03-23	16.02
2005-03-24	15.75
2005-03-25	15.49
2005-03-26	15.23
2005-03-27	15.34
2005-03-28	67.86
2005-03-29	220.47
2005-03-30	234.77
2005-03-31	46.26
2005-04-01	21.63
2005-04-02	21.25
2005-04-03	20.90
2005-04-04	29.41
2005-04-05	20.35
2005-04-06	20.01
2005-04-07	19.68
2005-04-08	40.53
2005-04-09	19.37
2005-04-10	33.81
2005-04-11	18.97
2005-04-12	18.65
2005-04-13	18.68
2005-04-14	93.69
2005-04-15	18.96
2005-04-16	18.64
2005-04-17	18.33
2005-04-18	57.39
2005-04-19	28.05
2005-04-20	18.33
2005-04-21	18.83
2005-04-22	104.66
2005-04-23	18.74
2005-04-24	18.42
2005-04-25	18.12
2005-04-26	17.81
2005-04-27	17.52
2005-04-28	17.22
2005-04-29	16.94
2005-04-30	16.66
2005-05-01	16.38
2005-05-02	16.11
2005-05-03	15.84
2005-05-04	15.57
2005-05-05	15.31
2005-05-06	15.06
2005-05-07	14.81
2005-05-08	14.56
2005-05-09	14.32
2005-05-10	14.08
2005-05-11	120.90
2005-05-12	15.34
2005-05-13	16.38
2005-05-14	14.85
2005-05-15	14.61
2005-05-16	14.36
2005-05-17	14.12
2005-05-18	13.89
2005-05-19	13.66
2005-05-20	13.43
2005-05-21	13.20
2005-05-22	12.98
2005-05-23	12.77
2005-05-24	12.56
2005-05-25	12.35
2005-05-26	12.14
2005-05-27	11.94
2005-05-28	11.74
2005-05-29	11.54
2005-05-30	11.35
2005-05-31	11.16
2005-06-01	10.98
2005-06-02	10.79
2005-06-03	10.61
2005-06-04	10.44
2005-06-05	10.26
2005-06-06	10.09
2005-06-07	9.92
2005-06-08	9.76
2005-06-09	9.59
2005-06-10	9.43
2005-06-11	9.28
2005-06-12	9.12
2005-06-13	8.97
2005-06-14	8.82
2005-06-15	8.67
2005-06-16	8.53
2005-06-17	8.39
2005-06-18	8.25
2005-06-19	8.11
2005-06-20	7.98
2005-06-21	7.84
2005-06-22	7.71
2005-06-23	7.58
2005-06-24	7.46
2005-06-25	7.33
2005-06-26	7.21
2005-06-27	7.09
2005-06-28	6.97
2005-06-29	6.86
2005-06-30	6.74
2005-07-01	6.63
2005-07-02	6.52
2005-07-03	6.41
2005-07-04	6.30
2005-07-05	6.20
2005-07-06	6.09
2005-07-07	5.99
2005-07-08	5.89
2005-07-09	5.80
2005-07-10	5.70
2005-07-11	5.60
2005-07-12	5.51
2005-07-13	5.42
2005-07-14	5.33
2005-07-15	5.24
2005-07-16	5.15
2005-07-17	5.07
2005-07-18	4.98
2005-07-19	4.90
2005-07-20	4.82
2005-07-21	4.74
2005-07-22	4.66
2005-07-23	4.58
2005-07-24	4.50
2005-07-25	4.43
2005-07-26	4.35
2005-07-27	4.28
2005-07-28	4.21
2005-07-29	4.14
2005-07-30	4.07
2005-07-31	4.00
2005-08-01	3.94
2005-08-02	3.87
2005-08-03	3.81
2005-08-04	3.74
2005-08-05	3.68
2005-08-06	3.62
2005-08-07	3.56
2005-08-08	3.50
2005-08-09	3.44
2005-08-10	3.38
2005-08-11	3.33
2005-08-12	3.27
2005-08-13	3.22
2005-08-14	3.16
2005-08-15	3.11
2005-08-16	3.06
2005-08-17	3.01
2005-08-18	2.96
2005-08-19	19.62
2005-08-20	51.03
2005-08-21	3.85
2005-08-22	41.86
2005-08-23	76.25
2005-08-24	40.07
2005-08-25	5.89
2005-08-26	5.79
2005-08-27	5.70
2005-08-28	5.60
2005-08-29	5.51
2005-08-30	5.42
2005-08-31	5.33
2005-09-01	5.24
2005-09-02	5.15
2005-09-03	5.06
2005-09-04	4.98
2005-09-05	4.90
2005-09-06	4.82
2005-09-07	4.74
2005-09-08	4.66
2005-09-09	7.56
2005-09-10	46.45
2005-09-11	5.15
2005-09-12	39.28
2005-09-13	5.53
2005-09-14	5.44
2005-09-15	5.35
2005-09-16	5.26
2005-09-17	5.17
2005-09-18	5.09
2005-09-19	5.00
2005-09-20	4.92
2005-09-21	4.84
2005-09-22	4.76
2005-09-23	4.68
2005-09-24	4.60
2005-09-25	4.52
2005-09-26	4.45
2005-09-27	4.37
2005-09-28	4.30
2005-09-29	4.23
2005-09-30	4.16
2005-10-01	4.09
2005-10-02	4.02
2005-10-03	3.95
2005-10-04	3.89
2005-10-05	3.82
2005-10-06	3.76
2005-10-07	3.70
2005-10-08	3.63
2005-10-09	3.57
2005-10-10	3.51
2005-10-11	3.46
2005-10-12	3.40
2005-10-13	3.34
2005-10-14	3.29
2005-10-15	3.23
2005-10-16	3.18
2005-10-17	3.12
2005-10-18	3.07
2005-10-19	3.02
2005-10-20	2.97
2005-10-21	2.92
2005-10-22	2.87
2005-10-23	2.82
2005-10-24	2.78
2005-10-25	2.73
2005-10-26	2.69
2005-10-27	2.64
2005-10-28	2.60
2005-10-29	2.55
2005-10-30	2.51
2005-10-31	2.47
2005-11-01	2.43
2005-11-02	2.39
2005-11-03	2.35
2005-11-04	2.31
2005-11-05	2.27
2005-11-06	2.23
2005-11-07	2.19
2005-11-08	2.16
2005-11-09	2.12
2005-11-10	2.09
2005-11-11	2.05
2005-11-12	2.02
2005-11-13	1.98
2005-11-14	1.95
2005-11-15	1.92
2005-11-16	2.04
2005-11-17	1.86
2005-11-18	1.83
2005-11-19	1.80
2005-11-20	1.77
2005-11-21	1.74
2005-11-22	1.71
2005-11-23	1.68
2005-11-24	1.65
2005-11-25	1.62
2005-11-26	1.60
2005-11-27	1.93
2005-11-28	1.55
2005-11-29	1.52
2005-11-30	57.24
2005-12-01	2.37
2005-12-02	2.33
2005-12-03	2.29
2005-12-04	2.26
2005-12-05	2.22
2005-12-06	2.18
2005-12-07	2.14
2005-12-08	2.11
2005-12-09	2.07
2005-12-10	2.04
2005-12-11	2.01
2005-12-12	1.97
2005-12-13	49.28
2005-12-14	175.97
2005-12-15	29.41
2005-12-16	40.37
2005-12-17	61.53
2005-12-18	11.65
2005-12-19	405.95
2005-12-20	27.13
2005-12-21	13.25
2005-12-22	13.03
2005-12-23	20.58
2005-12-24	12.72
2005-12-25	12.51
2005-12-26	335.80
2005-12-27	17.54
2005-12-28	17.03
2005-12-29	102.04
2005-12-30	71.30
2005-12-31	23.53
2006-01-01	18.18
2006-01-02	19.46
2006-01-03	40.24
2006-01-04	17.67
2006-01-05	205.33
2006-01-06	309.24
2006-01-07	30.84
2006-01-08	24.14
2006-01-09	23.74
2006-01-10	23.34
2006-01-11	22.95
2006-01-12	115.69
2006-01-13	46.21
2006-01-14	23.66
2006-01-15	25.47
2006-01-16	77.84
2006-01-17	32.45
2006-01-18	26.75
2006-01-19	105.67
2006-01-20	23.80
2006-01-21	23.41
2006-01-22	23.02
2006-01-23	113.32
2006-01-24	172.01
2006-01-25	37.88
2006-01-26	25.48
2006-01-27	25.25
2006-01-28	148.66
2006-01-29	128.96
2006-01-30	79.14
2006-01-31	33.82
2006-02-01	27.46
2006-02-02	27.00
2006-02-03	26.55
2006-02-04	26.11
2006-02-05	25.67
2006-02-06	25.24
2006-02-07	24.82
2006-02-08	24.41
2006-02-09	24.00
2006-02-10	23.60
2006-02-11	23.21
2006-02-12	22.82
2006-02-13	22.44
2006-02-14	22.07
2006-02-15	21.70
2006-02-16	21.34
2006-02-17	20.98
2006-02-18	20.63
2006-02-19	20.29
2006-02-20	19.95
2006-02-21	19.62
2006-02-22	19.29
2006-02-23	70.17
2006-02-24	72.77
2006-02-25	111.91
2006-02-26	191.03
2006-02-27	23.55
2006-02-28	23.15
2006-03-01	22.77
2006-03-02	22.39
2006-03-03	52.74
2006-03-04	227.42
2006-03-05	45.71
2006-03-06	36.14
2006-03-07	31.49
2006-03-08	41.71
2006-03-09	25.58
2006-03-10	25.86
2006-03-11	23.57
2006-03-12	27.73
2006-03-13	23.14
2006-03-14	22.52
2006-03-15	23.67
2006-03-16	21.77
2006-03-17	21.41
2006-03-18	21.05
2006-03-19	20.70
2006-03-20	31.59
2006-03-21	20.20
2006-03-22	19.86
2006-03-23	19.53
2006-03-24	19.21
2006-03-25	18.89
2006-03-26	18.57
2006-03-27	18.26
2006-03-28	17.96
2006-03-29	17.66
2006-03-30	18.94
2006-03-31	58.32
2006-04-01	88.06
2006-04-02	106.19
2006-04-03	111.49
2006-04-04	20.60
2006-04-05	20.25
2006-04-06	19.92
2006-04-07	19.58
2006-04-08	21.29
2006-04-09	19.28
2006-04-10	194.33
2006-04-11	225.09
2006-04-12	87.57
2006-04-13	31.72
2006-04-14	65.87
2006-04-15	38.73
2006-04-16	150.40
2006-04-17	130.71
2006-04-18	55.00
2006-04-19	30.73
2006-04-20	26.97
2006-04-21	26.52
2006-04-22	26.08
2006-04-23	25.64
2006-04-24	25.21
2006-04-25	35.27
2006-04-26	70.98
2006-04-27	24.89
2006-04-28	24.47
2006-04-29	24.07
2006-04-30	23.67
2006-05-01	23.27
2006-05-02	22.88
2006-05-03	22.50
2006-05-04	22.13
2006-05-05	21.76
2006-05-06	21.40
2006-05-07	177.87
2006-05-08	23.22
2006-05-09	152.36
2006-05-10	199.39
2006-05-11	51.26
2006-05-12	251.73
2006-05-13	30.07
2006-05-14	29.56
2006-05-15	29.07
2006-05-16	28.59
2006-05-17	28.11
2006-05-18	27.64
2006-05-19	27.18
2006-05-20	26.73
2006-05-21	26.28
2006-05-22	25.85
2006-05-23	25.41
2006-05-24	24.99
2006-05-25	24.57
2006-05-26	24.16
2006-05-27	23.76
2006-05-28	23.37
2006-05-29	22.98
2006-05-30	22.59
2006-05-31	22.22
2006-06-01	21.85
2006-06-02	21.48
2006-06-03	21.12
2006-06-04	20.77
2006-06-05	20.43
2006-06-06	20.09
2006-06-07	19.75
2006-06-08	19.42
2006-06-09	19.10
2006-06-10	18.78
2006-06-11	18.47
2006-06-12	18.16
2006-06-13	17.86
2006-06-14	17.56
2006-06-15	17.27
2006-06-16	16.98
2006-06-17	16.70
2006-06-18	16.42
2006-06-19	16.14
2006-06-20	15.87
2006-06-21	15.61
2006-06-22	15.35
2006-06-23	15.09
2006-06-24	14.84
2006-06-25	14.60
2006-06-26	14.35
2006-06-27	14.11
2006-06-28	13.88
2006-06-29	13.65
2006-06-30	13.42
2006-07-01	13.20
2006-07-02	12.98
2006-07-03	12.76
2006-07-04	12.55
2006-07-05	12.34
2006-07-06	12.13
2006-07-07	11.93
2006-07-08	11.73
2006-07-09	11.54
2006-07-10	11.34
2006-07-11	11.15
2006-07-12	10.97
2006-07-13	10.79
2006-07-14	10.61
2006-07-15	10.43
2006-07-16	10.25
2006-07-17	10.08
2006-07-18	9.92
2006-07-19	9.75
2006-07-20	9.59
2006-07-21	9.43
2006-07-22	9.27
2006-07-23	9.12
2006-07-24	8.96
2006-07-25	8.82
2006-07-26	8.67
2006-07-27	8.52
2006-07-28	8.38
2006-07-29	8.24
2006-07-30	8.10
2006-07-31	7.97
2006-08-01	7.84
2006-08-02	7.71
2006-08-03	7.58
2006-08-04	7.45
2006-08-05	7.33
2006-08-06	7.21
2006-08-07	7.09
2006-08-08	6.97
2006-08-09	6.85
2006-08-10	6.74
2006-08-11	6.62
2006-08-12	6.51
2006-08-13	6.41
2006-08-14	6.30
2006-08-15	6.19
2006-08-16	6.09
2006-08-17	5.99
2006-08-18	5.89
2006-08-19	5.79
2006-08-20	5.69
2006-08-21	5.60
2006-08-22	5.51
2006-08-23	5.41
2006-08-24	5.32
2006-08-25	5.24
2006-08-26	5.15
2006-08-27	5.06
2006-08-28	4.98
2006-08-29	4.90
2006-08-30	4.81
2006-08-31	4.73
2006-09-01	4.65
2006-09-02	4.58
2006-09-03	4.50
2006-09-04	4.43
2006-09-05	4.35
2006-09-06	4.28
2006-09-07	4.21
2006-09-08	4.14
2006-09-09	4.07
2006-09-10	4.00
2006-09-11	3.93
2006-09-12	3.87
2006-09-13	3.80
2006-09-14	3.74
2006-09-15	3.68
2006-09-16	3.62
2006-09-17	3.56
2006-09-18	3.50
2006-09-19	3.44
2006-09-20	3.38
2006-09-21	3.33
2006-09-22	3.27
2006-09-23	3.22
2006-09-24	3.16
2006-09-25	3.11
2006-09-26	3.06
2006-09-27	3.01
2006-09-28	2.96
2006-09-29	2.91
2006-09-30	2.86
2006-10-01	2.81
2006-10-02	2.76
2006-10-03	2.72
2006-10-04	2.67
2006-10-05	2.63
2006-10-06	2.58
2006-10-07	2.54
2006-10-08	2.50
2006-10-09	2.46
2006-10-10	2.42
2006-10-11	2.38
2006-10-12	2.34
2006-10-13	2.30
2006-10-14	2.26
2006-10-15	2.22
2006-10-16	2.18
2006-10-17	2.15
2006-10-18	2.11
2006-10-19	2.08
2006-10-20	2.04
2006-10-21	2.01
2006-10-22	1.98
2006-10-23	1.94
2006-10-24	1.91
2006-10-25	1.88
2006-10-26	1.85
2006-10-27	1.82
2006-10-28	1.79
2006-10-29	1.76
2006-10-30	1.73
2006-10-31	1.70
2006-11-01	1.67
2006-11-02	1.64
2006-11-03	1.61
2006-11-04	1.59
2006-11-05	1.56
2006-11-06	1.54
2006-11-07	1.51
2006-11-08	1.48
2006-11-09	1.46
2006-11-10	1.44
2006-11-11	1.41
2006-11-12	1.39
2006-11-13	1.36
2006-11-14	1.34
2006-11-15	1.32
2006-11-16	1.30
2006-11-17	1.28
2006-11-18	1.25
2006-11-19	1.23
2006-11-20	1.21
2006-11-21	1.19
2006-11-22	1.17
2006-11-23	1.15
2006-11-24	1.13
2006-11-25	1.12
2006-11-26	1.10
2006-11-27	1.08
2006-11-28	1.06
2006-11-29	1.04
2006-11-30	1.03
2006-12-01	1.01
2006-12-02	0.99
2006-12-03	0.98
2006-12-04	0.96
2006-12-05	0.94
2006-12-06	9.94
2006-12-07	1.06
2006-12-08	1.24
2006-12-09	1.03
2006-12-10	6.05
2006-12-11	1.07
2006-12-12	3.24
2006-12-13	1.07
2006-12-14	1.05
2006-12-15	1.04
2006-12-16	168.03
2006-12-17	26.85
2006-12-18	4.01
2006-12-19	3.94
2006-12-20	3.87
2006-12-21	3.81
2006-12-22	3.75
2006-12-23	3.68
2006-12-24	3.62
2006-12-25	3.56
2006-12-26	3.50
2006-12-27	3.44
2006-12-28	3.39
2006-12-29	3.33
2006-12-30	3.91
2006-12-31	47.09
2007-01-01	87.45
2007-01-02	22.61
2007-01-03	211.60
2007-01-04	8.60
2007-01-05	8.45
2007-01-06	8.31
2007-01-07	8.17
2007-01-08	8.04
2007-01-09	7.90
2007-01-10	7.77
2007-01-11	7.64
2007-01-12	7.51
2007-01-13	7.39
2007-01-14	7.27
2007-01-15	7.15
2007-01-16	7.03
2007-01-17	6.91
2007-01-18	6.79
2007-01-19	6.68
2007-01-20	6.57
2007-01-21	6.46
2007-01-22	6.35
2007-01-23	6.25
2007-01-24	6.14
2007-01-25	6.04
2007-01-26	5.94
2007-01-27	5.84
2007-01-28	5.74
2007-01-29	356.72
2007-01-30	152.50
2007-01-31	59.77
2007-02-01	13.83
2007-02-02	13.60
2007-02-03	13.37
2007-02-04	13.15
2007-02-05	117.04
2007-02-06	14.39
2007-02-07	14.15
2007-02-08	13.92
2007-02-09	13.69
2007-02-10	13.46
2007-02-11	33.55
2007-02-12	13.34
2007-02-13	13.12
2007-02-14	269.35
2007-02-15	16.82
2007-02-16	16.54
2007-02-17	70.46
2007-02-18	38.56
2007-02-19	16.93
2007-02-20	16.65
2007-02-21	16.37
2007-02-22	16.10
2007-02-23	15.83
2007-02-24	15.57
2007-02-25	15.31
2007-02-26	15.05
2007-02-27	14.80
2007-02-28	14.56
2007-03-01	14.31
2007-03-02	14.08
2007-03-03	133.07
2007-03-04	15.53
2007-03-05	15.27
2007-03-06	15.02
2007-03-07	17.65
2007-03-08	14.57
2007-03-09	46.36
2007-03-10	14.60
2007-03-11	14.36
2007-03-12	116.20
2007-03-13	21.11
2007-03-14	15.36
2007-03-15	15.11
2007-03-16	14.85
2007-03-17	14.61
2007-03-18	253.43
2007-03-19	17.98
2007-03-20	17.68
2007-03-21	17.38
2007-03-22	62.65
2007-03-23	17.54
2007-03-24	17.25
2007-03-25	16.96
2007-03-26	16.68
2007-03-27	16.40
2007-03-28	16.13
2007-03-29	39.54
2007-03-30	233.34
2007-03-31	19.68
2007-04-01	18.90
2007-04-02	18.59
2007-04-03	18.28
2007-04-04	17.97
2007-04-05	17.67
2007-04-06	17.86
2007-04-07	21.30
2007-04-08	27.41
2007-04-09	93.47
2007-04-10	22.87
2007-04-11	17.51
2007-04-12	17.22
2007-04-13	16.93
2007-04-14	16.65
2007-04-15	16.37
2007-04-16	16.10
2007-04-17	15.85
2007-04-18	15.57
2007-04-19	15.31
2007-04-20	15.05
2007-04-21	14.80
2007-04-22	14.56
2007-04-23	14.31
2007-04-24	14.08
2007-04-25	22.07
2007-04-26	13.74
2007-04-27	13.51
2007-04-28	13.29
2007-04-29	13.07
2007-04-30	12.85
2007-05-01	12.64
2007-05-02	12.43
2007-05-03	12.22
2007-05-04	12.01
2007-05-05	11.81
2007-05-06	11.62
2007-05-07	11.42
2007-05-08	11.23
2007-05-09	11.05
2007-05-10	10.86
2007-05-11	10.68
2007-05-12	10.50
2007-05-13	10.33
2007-05-14	10.16
2007-05-15	9.99
2007-05-16	9.82
2007-05-17	9.66
2007-05-18	9.50
2007-05-19	9.34
2007-05-20	9.18
2007-05-21	9.03
2007-05-22	8.88
2007-05-23	8.73
2007-05-24	8.58
2007-05-25	8.44
2007-05-26	8.30
2007-05-27	8.16
2007-05-28	8.03
2007-05-29	7.89
2007-05-30	7.76
2007-05-31	7.63
2007-06-01	7.50
2007-06-02	7.38
2007-06-03	7.26
2007-06-04	7.14
2007-06-05	7.02
2007-06-06	6.90
2007-06-07	6.78
2007-06-08	6.67
2007-06-09	6.56
2007-06-10	6.45
2007-06-11	6.34
2007-06-12	6.24
2007-06-13	6.13
2007-06-14	6.03
2007-06-15	5.93
2007-06-16	5.83
2007-06-17	5.74
2007-06-18	5.64
2007-06-19	5.55
2007-06-20	5.45
2007-06-21	5.36
2007-06-22	5.27
2007-06-23	5.18
2007-06-24	5.10
2007-06-25	5.01
2007-06-26	4.93
2007-06-27	4.85
2007-06-28	4.77
2007-06-29	4.69
2007-06-30	4.61
2007-07-01	4.53
2007-07-02	4.46
2007-07-03	4.38
2007-07-04	4.31
2007-07-05	4.24
2007-07-06	4.17
2007-07-07	4.10
2007-07-08	4.03
2007-07-09	3.96
2007-07-10	3.90
2007-07-11	3.83
2007-07-12	3.77
2007-07-13	3.70
2007-07-14	3.64
2007-07-15	3.58
2007-07-16	3.52
2007-07-17	3.46
2007-07-18	3.41
2007-07-19	3.35
2007-07-20	3.29
2007-07-21	3.24
2007-07-22	3.18
2007-07-23	3.13
2007-07-24	3.08
2007-07-25	3.03
2007-07-26	2.98
2007-07-27	2.93
2007-07-28	2.88
2007-07-29	2.83
2007-07-30	2.78
2007-07-31	2.74
2007-08-01	2.69
2007-08-02	2.65
2007-08-03	2.60
2007-08-04	2.56
2007-08-05	2.52
2007-08-06	2.47
2007-08-07	2.43
2007-08-08	2.39
2007-08-09	2.35
2007-08-10	2.31
2007-08-11	2.28
2007-08-12	16.01
2007-08-13	2.42
2007-08-14	2.38
2007-08-15	2.34
2007-08-16	2.30
2007-08-17	8.94
2007-08-18	2.33
2007-08-19	2.30
2007-08-20	2.26
2007-08-21	2.22
2007-08-22	2.18
2007-08-23	2.15
2007-08-24	2.16
2007-08-25	2.08
2007-08-26	28.46
2007-08-27	2.43
2007-08-28	2.39
2007-08-29	62.14
2007-08-30	33.34
2007-08-31	3.71
2007-09-01	3.65
2007-09-02	3.59
2007-09-03	3.53
2007-09-04	3.47
2007-09-05	3.41
2007-09-06	3.35
2007-09-07	3.30
2007-09-08	3.24
2007-09-09	3.19
2007-09-10	3.13
2007-09-11	3.08
2007-09-12	3.03
2007-09-13	2.98
2007-09-14	2.93
2007-09-15	2.88
2007-09-16	2.83
2007-09-17	2.79
2007-09-18	2.74
2007-09-19	2.69
2007-09-20	2.65
2007-09-21	2.60
2007-09-22	2.56
2007-09-23	2.52
2007-09-24	2.48
2007-09-25	2.44
2007-09-26	2.40
2007-09-27	2.36
2007-09-28	2.32
2007-09-29	2.28
2007-09-30	2.24
2007-10-01	2.20
2007-10-02	2.17
2007-10-03	2.13
2007-10-04	2.09
2007-10-05	2.06
2007-10-06	2.02
2007-10-07	1.99
2007-10-08	1.96
2007-10-09	1.92
2007-10-10	1.89
2007-10-11	1.86
2007-10-12	1.83
2007-10-13	1.80
2007-10-14	1.77
2007-10-15	1.74
2007-10-16	1.71
2007-10-17	1.68
2007-10-18	1.65
2007-10-19	1.63
2007-10-20	36.77
2007-10-21	2.14
2007-10-22	2.10
2007-10-23	2.07
2007-10-24	2.04
2007-10-25	2.00
2007-10-26	1.97
2007-10-27	156.12
2007-10-28	10.77
2007-10-29	4.42
2007-10-30	4.34
2007-10-31	4.27
2007-11-01	76.63
2007-11-02	5.30
2007-11-03	5.21
2007-11-04	98.24
2007-11-05	14.48
2007-11-06	9.36
2007-11-07	6.49
2007-11-08	6.39
2007-11-09	6.28
2007-11-10	6.17
2007-11-11	6.07
2007-11-12	31.20
2007-11-13	128.52
2007-11-14	8.14
2007-11-15	8.01
2007-11-16	7.87
2007-11-17	14.01
2007-11-18	109.88
2007-11-19	42.09
2007-11-20	9.61
2007-11-21	14.48
2007-11-22	9.37
2007-11-23	29.12
2007-11-24	154.22
2007-11-25	11.56
2007-11-26	11.37
2007-11-27	11.91
2007-11-28	11.01
2007-11-29	12.13
2007-11-30	10.66
2007-12-01	93.37
2007-12-02	13.27
2007-12-03	26.26
2007-12-04	11.53
2007-12-05	11.33
2007-12-06	11.14
2007-12-07	64.89
2007-12-08	14.63
2007-12-09	156.14
2007-12-10	13.64
2007-12-11	13.41
2007-12-12	13.19
2007-12-13	12.97
2007-12-14	12.75
2007-12-15	12.54
2007-12-16	13.38
2007-12-17	93.54
2007-12-18	13.25
2007-12-19	39.89
2007-12-20	13.25
2007-12-21	13.03
2007-12-22	12.81
2007-12-23	108.08
2007-12-24	13.92
2007-12-25	13.69
2007-12-26	13.46
2007-12-27	209.34
2007-12-28	16.18
2007-12-29	15.91
2007-12-30	15.65
2007-12-31	15.39
2008-01-01	15.13
2008-01-02	14.88
2008-01-03	14.63
2008-01-04	14.38
2008-01-05	14.15
2008-01-06	15.84
2008-01-07	140.18
2008-01-08	60.40
2008-01-09	419.03
2008-01-10	87.54
2008-01-11	22.90
2008-01-12	22.52
2008-01-13	235.58
2008-01-14	55.99
2008-01-15	25.29
2008-01-16	24.87
2008-01-17	24.45
2008-01-18	66.27
2008-01-19	41.38
2008-01-20	24.95
2008-01-21	23.80
2008-01-22	23.41
2008-01-23	23.02
2008-01-24	22.63
2008-01-25	22.26
2008-01-26	21.88
2008-01-27	21.52
2008-01-28	21.16
2008-01-29	20.81
2008-01-30	20.46
2008-01-31	20.12
2008-02-01	19.79
2008-02-02	45.27
2008-02-03	77.12
2008-02-04	33.80
2008-02-05	28.36
2008-02-06	47.25
2008-02-07	28.74
2008-02-08	19.75
2008-02-09	19.43
2008-02-10	373.35
2008-02-11	325.94
2008-02-12	28.95
2008-02-13	28.46
2008-02-14	27.99
2008-02-15	27.52
2008-02-16	27.06
2008-02-17	26.63
2008-02-18	51.00
2008-02-19	26.13
2008-02-20	25.70
2008-02-21	25.27
2008-02-22	134.10
2008-02-23	101.01
2008-02-24	42.99
2008-02-25	347.82
2008-02-26	31.50
2008-02-27	30.98
2008-02-28	30.46
2008-02-29	29.95
2008-03-01	29.45
2008-03-02	28.96
2008-03-03	36.39
2008-03-04	28.13
2008-03-05	27.66
2008-03-06	212.02
2008-03-07	30.68
2008-03-08	29.25
2008-03-09	28.94
2008-03-10	38.56
2008-03-11	112.04
2008-03-12	78.32
2008-03-13	60.85
2008-03-14	29.21
2008-03-15	28.72
2008-03-16	28.24
2008-03-17	27.77
2008-03-18	179.13
2008-03-19	29.30
2008-03-20	28.81
2008-03-21	41.44
2008-03-22	49.79
2008-03-23	146.39
2008-03-24	29.40
2008-03-25	28.91
2008-03-26	28.43
2008-03-27	27.95
2008-03-28	27.49
2008-03-29	27.03
2008-03-30	89.40
2008-03-31	27.15
2008-04-01	26.69
2008-04-02	35.71
2008-04-03	25.97
2008-04-04	25.53
2008-04-05	25.11
2008-04-06	24.69
2008-04-07	24.28
2008-04-08	23.87
2008-04-09	24.86
2008-04-10	23.11
2008-04-11	104.08
2008-04-12	25.35
2008-04-13	23.29
2008-04-14	22.90
2008-04-15	33.46
2008-04-16	79.74
2008-04-17	43.45
2008-04-18	22.82
2008-04-19	22.44
2008-04-20	44.98
2008-04-21	22.07
2008-04-22	21.70
2008-04-23	50.90
2008-04-24	21.46
2008-04-25	21.10
2008-04-26	96.79
2008-04-27	21.63
2008-04-28	21.27
2008-04-29	35.83
2008-04-30	20.81
2008-05-01	20.46
2008-05-02	20.12
2008-05-03	19.78
2008-05-04	19.45
2008-05-05	19.13
2008-05-06	18.81
2008-05-07	18.50
2008-05-08	18.19
2008-05-09	17.89
2008-05-10	17.59
2008-05-11	17.30
2008-05-12	17.01
2008-05-13	16.72
2008-05-14	16.45
2008-05-15	16.17
2008-05-16	17.40
2008-05-17	15.66
2008-05-18	15.40
2008-05-19	15.14
2008-05-20	143.64
2008-05-21	184.95
2008-05-22	19.15
2008-05-23	18.83
2008-05-24	47.87
2008-05-25	18.68
2008-05-26	18.37
2008-05-27	18.07
2008-05-28	17.76
2008-05-29	61.43
2008-05-30	43.36
2008-05-31	18.00
2008-06-01	17.70
2008-06-02	17.40
2008-06-03	17.11
2008-06-04	111.31
2008-06-05	64.30
2008-06-06	18.51
2008-06-07	18.21
2008-06-08	17.90
2008-06-09	17.60
2008-06-10	17.31
2008-06-11	17.02
2008-06-12	16.74
2008-06-13	16.46
2008-06-14	45.26
2008-06-15	16.38
2008-06-16	16.11
2008-06-17	15.84
2008-06-18	15.58
2008-06-19	98.85
2008-06-20	22.08
2008-06-21	16.77
2008-06-22	26.85
2008-06-23	15.88
2008-06-24	15.61
2008-06-25	15.35
2008-06-26	15.10
2008-06-27	14.84
2008-06-28	14.60
2008-06-29	14.35
2008-06-30	14.11
2008-07-01	13.88
2008-07-02	13.65
2008-07-03	13.42
2008-07-04	28.81
2008-07-05	13.23
2008-07-06	13.01
2008-07-07	12.79
2008-07-08	40.65
2008-07-09	12.82
2008-07-10	12.61
2008-07-11	12.40
2008-07-12	12.19
2008-07-13	11.99
2008-07-14	11.79
2008-07-15	11.59
2008-07-16	11.40
2008-07-17	11.21
2008-07-18	11.02
2008-07-19	10.84
2008-07-20	10.66
2008-07-21	10.48
2008-07-22	10.30
2008-07-23	10.13
2008-07-24	9.96
2008-07-25	9.80
2008-07-26	9.63
2008-07-27	9.47
2008-07-28	9.32
2008-07-29	9.16
2008-07-30	9.01
2008-07-31	8.86
2008-08-01	8.71
2008-08-02	8.56
2008-08-03	8.42
2008-08-04	8.28
2008-08-05	8.14
2008-08-06	8.16
2008-08-07	7.88
2008-08-08	7.75
2008-08-09	7.62
2008-08-10	7.49
2008-08-11	7.36
2008-08-12	7.24
2008-08-13	7.12
2008-08-14	7.00
2008-08-15	6.89
2008-08-16	6.77
2008-08-17	6.66
2008-08-18	6.55
2008-08-19	6.44
2008-08-20	6.33
2008-08-21	6.23
2008-08-22	6.12
2008-08-23	6.02
2008-08-24	5.92
2008-08-25	5.82
2008-08-26	5.72
2008-08-27	5.63
2008-08-28	5.53
2008-08-29	5.44
2008-08-30	5.35
2008-08-31	5.26
2008-09-01	5.17
2008-09-02	5.09
2008-09-03	5.00
2008-09-04	4.92
2008-09-05	4.84
2008-09-06	4.76
2008-09-07	4.68
2008-09-08	4.60
2008-09-09	4.52
2008-09-10	4.45
2008-09-11	4.37
2008-09-12	4.30
2008-09-13	4.23
2008-09-14	4.16
2008-09-15	4.09
2008-09-16	4.02
2008-09-17	3.95
2008-09-18	3.89
2008-09-19	3.82
2008-09-20	3.76
2008-09-21	3.70
2008-09-22	3.64
2008-09-23	3.58
2008-09-24	3.52
2008-09-25	3.46
2008-09-26	3.40
2008-09-27	3.34
2008-09-28	3.29
2008-09-29	3.23
2008-09-30	3.18
2008-10-01	3.13
2008-10-02	3.07
2008-10-03	3.02
2008-10-04	2.97
2008-10-05	2.92
2008-10-06	2.87
2008-10-07	2.83
2008-10-08	2.78
2008-10-09	2.73
2008-10-10	2.69
2008-10-11	2.64
2008-10-12	2.60
2008-10-13	2.55
2008-10-14	2.51
2008-10-15	2.47
2008-10-16	2.43
2008-10-17	2.39
2008-10-18	2.35
2008-10-19	2.31
2008-10-20	2.27
2008-10-21	2.23
2008-10-22	2.20
2008-10-23	2.16
2008-10-24	2.12
2008-10-25	2.09
2008-10-26	2.05
2008-10-27	2.02
2008-10-28	1.99
2008-10-29	1.95
2008-10-30	1.92
2008-10-31	15.74
2008-11-01	2.08
2008-11-02	93.74
2008-11-03	10.10
2008-11-04	3.54
2008-11-05	3.48
2008-11-06	3.42
2008-11-07	3.36
2008-11-08	3.31
2008-11-09	3.25
2008-11-10	3.20
2008-11-11	3.14
2008-11-12	3.09
2008-11-13	3.04
2008-11-14	2.99
2008-11-15	2.94
2008-11-16	2.89
2008-11-17	2.84
2008-11-18	2.80
2008-11-19	2.75
2008-11-20	2.70
2008-11-21	2.66
2008-11-22	2.61
2008-11-23	2.57
2008-11-24	2.53
2008-11-25	2.49
2008-11-26	2.44
2008-11-27	40.57
2008-11-28	3.18
2008-11-29	6.86
2008-11-30	39.10
2008-12-01	31.41
2008-12-02	4.31
2008-12-03	9.94
2008-12-04	15.44
2008-12-05	3.97
2008-12-06	3.91
2008-12-07	3.84
2008-12-08	3.78
2008-12-09	3.78
2008-12-10	3.65
2008-12-11	3.59
2008-12-12	63.93
2008-12-13	90.59
2008-12-14	5.76
2008-12-15	5.67
2008-12-16	5.57
2008-12-17	5.48
2008-12-18	5.39
2008-12-19	52.82
2008-12-20	124.09
2008-12-21	7.78
2008-12-22	7.65
2008-12-23	7.60
2008-12-24	7.40
2008-12-25	7.28
2008-12-26	7.15
2008-12-27	433.33
2008-12-28	162.89
2008-12-29	15.96
2008-12-30	15.70
2008-12-31	15.44
2009-01-01	15.18
2009-01-02	14.93
2009-01-03	14.68
2009-01-04	14.43
2009-01-05	14.19
2009-01-06	13.96
2009-01-07	13.72
2009-01-08	13.49
2009-01-09	13.27
2009-01-10	13.05
2009-01-11	12.83
2009-01-12	12.62
2009-01-13	12.41
2009-01-14	12.20
2009-01-15	12.00
2009-01-16	18.27
2009-01-17	11.70
2009-01-18	11.51
2009-01-19	11.32
2009-01-20	11.13
2009-01-21	10.94
2009-01-22	10.76
2009-01-23	10.58
2009-01-24	10.40
2009-01-25	10.23
2009-01-26	10.06
2009-01-27	9.89
2009-01-28	9.73
2009-01-29	9.57
2009-01-30	9.41
2009-01-31	9.25
2009-02-01	41.55
2009-02-02	9.47
2009-02-03	79.66
2009-02-04	459.05
2009-02-05	17.35
2009-02-06	17.06
2009-02-07	16.78
2009-02-08	16.50
2009-02-09	16.22
2009-02-10	15.95
2009-02-11	15.69
2009-02-12	15.43
2009-02-13	15.17
2009-02-14	14.92
2009-02-15	14.67
2009-02-16	14.42
2009-02-17	14.18
2009-02-18	68.11
2009-02-19	14.59
2009-02-20	14.34
2009-02-21	14.10
2009-02-22	13.87
2009-02-23	13.64
2009-02-24	13.41
2009-02-25	13.19
2009-02-26	12.97
2009-02-27	12.75
2009-02-28	119.38
2009-03-01	17.04
2009-03-02	25.30
2009-03-03	23.23
2009-03-04	13.74
2009-03-05	13.51
2009-03-06	13.29
2009-03-07	13.06
2009-03-08	12.85
2009-03-09	12.63
2009-03-10	12.42
2009-03-11	12.22
2009-03-12	12.01
2009-03-13	12.23
2009-03-14	37.27
2009-03-15	28.95
2009-03-16	37.97
2009-03-17	209.18
2009-03-18	282.13
2009-03-19	72.87
2009-03-20	20.09
2009-03-21	69.56
2009-03-22	73.01
2009-03-23	20.40
2009-03-24	20.06
2009-03-25	19.73
2009-03-26	62.96
2009-03-27	19.78
2009-03-28	38.61
2009-03-29	46.68
2009-03-30	36.01
2009-03-31	19.49
2009-04-01	19.16
2009-04-02	42.52
2009-04-03	18.91
2009-04-04	18.60
2009-04-05	18.51
2009-04-06	21.17
2009-04-07	67.52
2009-04-08	25.42
2009-04-09	18.06
2009-04-10	17.75
2009-04-11	17.46
2009-04-12	17.17
2009-04-13	16.88
2009-04-14	42.61
2009-04-15	87.63
2009-04-16	89.75
2009-04-17	18.48
2009-04-18	18.17
2009-04-19	17.87
2009-04-20	17.57
2009-04-21	17.27
2009-04-22	16.99
2009-04-23	16.70
2009-04-24	16.43
2009-04-25	16.15
2009-04-26	15.88
2009-04-27	15.62
2009-04-28	15.36
2009-04-29	15.10
2009-04-30	26.86
2009-05-01	14.80
2009-05-02	14.55
2009-05-03	14.31
2009-05-04	14.07
2009-05-05	13.83
2009-05-06	13.60
2009-05-07	13.38
2009-05-08	13.15
2009-05-09	12.93
2009-05-10	12.72
2009-05-11	12.51
2009-05-12	12.30
2009-05-13	12.09
2009-05-14	11.89
2009-05-15	11.69
2009-05-16	11.50
2009-05-17	11.31
2009-05-18	11.12
2009-05-19	10.93
2009-05-20	10.75
2009-05-21	10.57
2009-05-22	10.40
2009-05-23	10.22
2009-05-24	10.05
2009-05-25	9.88
2009-05-26	9.72
2009-05-27	9.56
2009-05-28	9.40
2009-05-29	9.24
2009-05-30	9.09
2009-05-31	8.94
2009-06-01	8.79
2009-06-02	8.64
2009-06-03	8.50
2009-06-04	8.36
2009-06-05	8.22
2009-06-06	8.08
2009-06-07	7.94
2009-06-08	7.81
2009-06-09	7.68
2009-06-10	7.55
2009-06-11	7.43
2009-06-12	7.30
2009-06-13	7.18
2009-06-14	7.06
2009-06-15	6.94
2009-06-16	6.83
2009-06-17	6.72
2009-06-18	6.60
2009-06-19	6.49
2009-06-20	6.39
2009-06-21	6.28
2009-06-22	6.17
2009-06-23	6.07
2009-06-24	5.97
2009-06-25	5.87
2009-06-26	5.77
2009-06-27	5.68
2009-06-28	5.58
2009-06-29	5.49
2009-06-30	5.40
2009-07-01	5.31
2009-07-02	5.22
2009-07-03	5.13
2009-07-04	5.05
2009-07-05	4.96
2009-07-06	4.88
2009-07-07	4.80
2009-07-08	4.72
2009-07-09	4.64
2009-07-10	4.56
2009-07-11	4.49
2009-07-12	4.41
2009-07-13	4.34
2009-07-14	4.27
2009-07-15	4.19
2009-07-16	4.12
2009-07-17	4.06
2009-07-18	3.99
2009-07-19	3.92
2009-07-20	3.86
2009-07-21	3.79
2009-07-22	3.73
2009-07-23	3.67
2009-07-24	3.61
2009-07-25	3.55
2009-07-26	3.49
2009-07-27	3.43
2009-07-28	3.37
2009-07-29	3.32
2009-07-30	3.26
2009-07-31	3.21
2009-08-01	3.15
2009-08-02	3.10
2009-08-03	3.05
2009-08-04	3.00
2009-08-05	2.95
2009-08-06	2.90
2009-08-07	2.85
2009-08-08	2.80
2009-08-09	2.76
2009-08-10	2.71
2009-08-11	2.66
2009-08-12	2.62
2009-08-13	2.58
2009-08-14	2.53
2009-08-15	2.49
2009-08-16	2.45
2009-08-17	2.41
2009-08-18	2.37
2009-08-19	2.33
2009-08-20	2.29
2009-08-21	2.25
2009-08-22	2.21
2009-08-23	2.18
2009-08-24	2.14
2009-08-25	2.11
2009-08-26	2.07
2009-08-27	2.04
2009-08-28	2.00
2009-08-29	1.97
2009-08-30	1.94
2009-08-31	1.90
2009-09-01	1.87
2009-09-02	1.84
2009-09-03	1.81
2009-09-04	1.78
2009-09-05	1.75
2009-09-06	1.72
2009-09-07	1.69
2009-09-08	1.66
2009-09-09	1.64
2009-09-10	1.61
2009-09-11	1.58
2009-09-12	1.56
2009-09-13	1.53
2009-09-14	1.50
2009-09-15	1.48
2009-09-16	1.45
2009-09-17	1.43
2009-09-18	1.41
2009-09-19	1.38
2009-09-20	1.36
2009-09-21	1.34
2009-09-22	1.32
2009-09-23	1.29
2009-09-24	1.27
2009-09-25	1.25
2009-09-26	1.23
2009-09-27	1.21
2009-09-28	1.19
2009-09-29	1.17
2009-09-30	1.15
2009-10-01	1.13
2009-10-02	1.11
2009-10-03	1.09
2009-10-04	1.08
2009-10-05	1.06
2009-10-06	1.04
2009-10-07	1.02
2009-10-08	1.01
2009-10-09	0.99
2009-10-10	0.97
2009-10-11	0.96
2009-10-12	0.94
2009-10-13	0.92
2009-10-14	0.91
2009-10-15	0.89
2009-10-16	0.88
2009-10-17	0.86
2009-10-18	0.85
2009-10-19	0.84
2009-10-20	0.82
2009-10-21	0.81
2009-10-22	0.79
2009-10-23	0.78
2009-10-24	0.77
2009-10-25	0.76
2009-10-26	0.74
2009-10-27	0.73
2009-10-28	0.72
2009-10-29	0.71
2009-10-30	0.69
2009-10-31	0.68
2009-11-01	0.67
2009-11-02	0.66
2009-11-03	0.65
2009-11-04	0.64
2009-11-05	0.63
2009-11-06	0.62
2009-11-07	0.61
2009-11-08	0.60
2009-11-09	0.59
2009-11-10	0.58
2009-11-11	0.57
2009-11-12	0.56
2009-11-13	0.55
2009-11-14	1.28
2009-11-15	0.64
2009-11-16	0.54
2009-11-17	0.53
2009-11-18	0.52
2009-11-19	17.94
2009-11-20	93.13
2009-11-21	2.26
2009-11-22	2.22
2009-11-23	2.18
2009-11-24	170.10
2009-11-25	188.28
2009-11-26	7.70
2009-11-27	7.57
2009-11-28	7.44
2009-11-29	188.38
2009-11-30	263.17
2009-12-01	14.02
2009-12-02	13.79
2009-12-03	13.56
2009-12-04	13.33
2009-12-05	13.11
2009-12-06	89.57
2009-12-07	88.73
2009-12-08	25.02
2009-12-09	23.71
2009-12-10	50.92
2009-12-11	65.28
2009-12-12	200.26
2009-12-13	161.13
2009-12-14	30.57
2009-12-15	20.14
2009-12-16	19.80
2009-12-17	19.47
2009-12-18	19.15
2009-12-19	157.09
2009-12-20	20.75
2009-12-21	20.40
2009-12-22	20.06
2009-12-23	19.73
2009-12-24	19.40
2009-12-25	19.07
2009-12-26	18.76
2009-12-27	19.78
2009-12-28	24.85
2009-12-29	31.40
2009-12-30	18.48
2009-12-31	17.59
2010-01-01	17.30
2010-01-02	17.01
2010-01-03	16.73
2010-01-04	16.45
2010-01-05	16.17
2010-01-06	15.90
2010-01-07	15.64
2010-01-08	15.38
2010-01-09	15.12
2010-01-10	14.87
2010-01-11	14.62
2010-01-12	14.38
2010-01-13	14.14
2010-01-14	13.90
2010-01-15	13.67
2010-01-16	13.44
2010-01-17	13.22
2010-01-18	13.00
2010-01-19	12.78
2010-01-20	12.57
2010-01-21	12.36
2010-01-22	12.15
2010-01-23	11.95
2010-01-24	11.75
2010-01-25	11.56
2010-01-26	11.36
2010-01-27	11.17
2010-01-28	10.99
2010-01-29	10.80
2010-01-30	10.62
2010-01-31	10.45
2010-02-01	10.27
2010-02-02	10.10
2010-02-03	9.93
2010-02-04	9.77
2010-02-05	9.61
2010-02-06	9.45
2010-02-07	9.29
2010-02-08	9.13
2010-02-09	8.98
2010-02-10	8.83
2010-02-11	8.68
2010-02-12	8.54
2010-02-13	87.66
2010-02-14	118.82
2010-02-15	32.71
2010-02-16	11.30
2010-02-17	11.11
2010-02-18	10.93
2010-02-19	202.61
2010-02-20	421.78
2010-02-21	64.47
2010-02-22	20.39
2010-02-23	20.05
2010-02-24	37.10
2010-02-25	93.08
2010-02-26	20.53
2010-02-27	20.18
2010-02-28	19.85
2010-03-01	19.52
2010-03-02	179.00
2010-03-03	21.45
2010-03-04	21.09
2010-03-05	45.68
2010-03-06	92.40
2010-03-07	21.60
2010-03-08	100.46
2010-03-09	22.17
2010-03-10	21.80
2010-03-11	21.43
2010-03-12	21.08
2010-03-13	36.59
2010-03-14	55.30
2010-03-15	20.85
2010-03-16	20.50
2010-03-17	20.16
2010-03-18	19.82
2010-03-19	19.49
2010-03-20	85.26
2010-03-21	19.91
2010-03-22	74.70
2010-03-23	129.53
2010-03-24	216.19
2010-03-25	249.99
2010-03-26	260.43
2010-03-27	166.95
2010-03-28	151.38
2010-03-29	46.79
2010-03-30	33.57
2010-03-31	33.01
2010-04-01	44.22
2010-04-02	185.29
2010-04-03	41.68
2010-04-04	33.60
2010-04-05	34.51
2010-04-06	102.55
2010-04-07	38.76
2010-04-08	175.93
2010-04-09	42.73
2010-04-10	33.96
2010-04-11	33.40
2010-04-12	33.43
2010-04-13	126.98
2010-04-14	54.11
2010-04-15	181.51
2010-04-16	34.94
2010-04-17	34.33
2010-04-18	33.76
2010-04-19	33.20
2010-04-20	32.64
2010-04-21	32.10
2010-04-22	31.57
2010-04-23	31.04
2010-04-24	169.05
2010-04-25	184.42
2010-04-26	36.90
2010-04-27	76.41
2010-04-28	50.72
2010-04-29	33.48
2010-04-30	32.92
2010-05-01	32.37
2010-05-02	31.83
2010-05-03	31.30
2010-05-04	30.78
2010-05-05	30.27
2010-05-06	29.76
2010-05-07	29.26
2010-05-08	28.78
2010-05-09	28.30
2010-05-10	27.83
2010-05-11	27.36
2010-05-12	26.91
2010-05-13	26.46
2010-05-14	26.02
2010-05-15	25.58
2010-05-16	25.16
2010-05-17	24.74
2010-05-18	24.33
2010-05-19	23.92
2010-05-20	23.52
2010-05-21	23.13
2010-05-22	22.74
2010-05-23	22.36
2010-05-24	21.99
2010-05-25	21.63
2010-05-26	21.26
2010-05-27	20.91
2010-05-28	20.56
2010-05-29	20.22
2010-05-30	19.88
2010-05-31	19.55
2010-06-01	19.22
2010-06-02	18.90
2010-06-03	18.59
2010-06-04	18.28
2010-06-05	17.97
2010-06-06	17.68
2010-06-07	17.38
2010-06-08	17.09
2010-06-09	16.81
2010-06-10	16.53
2010-06-11	16.25
2010-06-12	15.98
2010-06-13	15.71
2010-06-14	15.45
2010-06-15	15.19
2010-06-16	14.94
2010-06-17	14.69
2010-06-18	14.45
2010-06-19	14.21
2010-06-20	13.97
2010-06-21	13.74
2010-06-22	13.51
2010-06-23	13.28
2010-06-24	13.06
2010-06-25	12.84
2010-06-26	12.63
2010-06-27	12.42
2010-06-28	12.21
2010-06-29	12.01
2010-06-30	11.81
2010-07-01	11.61
2010-07-02	11.42
2010-07-03	11.23
2010-07-04	11.04
2010-07-05	10.86
2010-07-06	10.68
2010-07-07	10.50
2010-07-08	10.32
2010-07-09	10.15
2010-07-10	9.98
2010-07-11	9.82
2010-07-12	9.65
2010-07-13	9.49
2010-07-14	9.33
2010-07-15	9.18
2010-07-16	9.02
2010-07-17	8.87
2010-07-18	8.73
2010-07-19	8.58
2010-07-20	8.44
2010-07-21	8.30
2010-07-22	8.16
2010-07-23	8.02
2010-07-24	7.89
2010-07-25	7.76
2010-07-26	7.63
2010-07-27	7.50
2010-07-28	7.38
2010-07-29	7.25
2010-07-30	7.13
2010-07-31	7.01
2010-08-01	6.90
2010-08-02	6.78
2010-08-03	6.67
2010-08-04	6.56
2010-08-05	6.45
2010-08-06	6.34
2010-08-07	6.23
2010-08-08	6.13
2010-08-09	6.03
2010-08-10	5.93
2010-08-11	5.83
2010-08-12	5.73
2010-08-13	5.64
2010-08-14	5.54
2010-08-15	5.45
2010-08-16	5.36
2010-08-17	5.27
2010-08-18	5.18
2010-08-19	5.10
2010-08-20	5.01
2010-08-21	4.93
2010-08-22	4.85
2010-08-23	4.76
2010-08-24	4.69
2010-08-25	4.61
2010-08-26	4.53
2010-08-27	4.45
2010-08-28	4.38
2010-08-29	4.31
2010-08-30	4.24
2010-08-31	4.17
2010-09-01	4.10
2010-09-02	4.03
2010-09-03	3.96
2010-09-04	3.89
2010-09-05	3.83
2010-09-06	3.77
2010-09-07	3.70
2010-09-08	3.64
2010-09-09	3.58
2010-09-10	3.52
2010-09-11	3.46
2010-09-12	3.40
2010-09-13	3.35
2010-09-14	3.29
2010-09-15	3.24
2010-09-16	3.18
2010-09-17	3.13
2010-09-18	3.08
2010-09-19	3.03
2010-09-20	2.98
2010-09-21	2.93
2010-09-22	2.88
2010-09-23	2.83
2010-09-24	2.78
2010-09-25	2.74
2010-09-26	2.69
2010-09-27	2.65
2010-09-28	2.60
2010-09-29	2.56
2010-09-30	2.52
2010-10-01	2.47
2010-10-02	2.43
2010-10-03	2.39
2010-10-04	2.35
2010-10-05	2.31
2010-10-06	2.27
2010-10-07	2.24
2010-10-08	2.20
2010-10-09	2.16
2010-10-10	2.13
2010-10-11	2.09
2010-10-12	2.06
2010-10-13	2.02
2010-10-14	1.99
2010-10-15	1.96
2010-10-16	1.92
2010-10-17	1.89
2010-10-18	1.86
2010-10-19	1.83
2010-10-20	1.80
2010-10-21	1.77
2010-10-22	1.74
2010-10-23	1.71
2010-10-24	1.68
2010-10-25	1.65
2010-10-26	1.63
2010-10-27	1.60
2010-10-28	1.57
2010-10-29	1.55
2010-10-30	1.52
2010-10-31	1.49
2010-11-01	1.47
2010-11-02	1.44
2010-11-03	1.42
2010-11-04	1.40
2010-11-05	1.37
2010-11-06	1.35
2010-11-07	1.33
2010-11-08	1.31
2010-11-09	1.28
2010-11-10	1.26
2010-11-11	1.24
2010-11-12	1.22
2010-11-13	1.20
2010-11-14	1.18
2010-11-15	1.16
2010-11-16	1.14
2010-11-17	1.12
2010-11-18	2.57
2010-11-19	2.20
2010-11-20	1.27
2010-11-21	1.09
2010-11-22	1.07
2010-11-23	1.06
2010-11-24	1.04
2010-11-25	1.02
2010-11-26	1.00
2010-11-27	0.99
2010-11-28	0.97
2010-11-29	4.56
2010-11-30	1.17
2010-12-01	7.88
2010-12-02	3.76
2010-12-03	1.52
2010-12-04	4.38
2010-12-05	1.49
2010-12-06	2.73
2010-12-07	1.21
2010-12-08	1.49
2010-12-09	1.09
2010-12-10	1.07
2010-12-11	1.06
2010-12-12	1.04
2010-12-13	3.11
2010-12-14	2.39
2010-12-15	1.04
2010-12-16	5.45
2010-12-17	13.01
2010-12-18	21.16
2010-12-19	15.49
2010-12-20	13.72
2010-12-21	100.09
2010-12-22	38.96
2010-12-23	3.98
2010-12-24	3.91
2010-12-25	11.29
2010-12-26	10.57
2010-12-27	3.95
2010-12-28	3.90
2010-12-29	3.82
2010-12-30	3.75
2010-12-31	3.69
2011-01-01	149.65
2011-01-02	5.92
2011-01-03	5.82
2011-01-04	5.73
2011-01-05	5.63
2011-01-06	5.54
2011-01-07	5.45
2011-01-08	5.35
2011-01-09	5.27
2011-01-10	165.39
2011-01-11	7.67
2011-01-12	7.55
2011-01-13	7.42
2011-01-14	7.30
2011-01-15	7.18
2011-01-16	7.06
2011-01-17	6.94
2011-01-18	6.82
2011-01-19	377.65
2011-01-20	153.26
2011-01-21	61.45
2011-01-22	65.07
2011-01-23	26.96
2011-01-24	15.62
2011-01-25	15.36
2011-01-26	15.10
2011-01-27	15.92
2011-01-28	14.62
2011-01-29	15.23
2011-01-30	14.15
2011-01-31	13.91
2011-02-01	13.68
2011-02-02	13.45
2011-02-03	13.23
2011-02-04	13.01
2011-02-05	12.79
2011-02-06	12.58
2011-02-07	12.37
2011-02-08	12.16
2011-02-09	11.96
2011-02-10	11.76
2011-02-11	11.57
2011-02-12	11.37
2011-02-13	11.18
2011-02-14	11.00
2011-02-15	10.81
2011-02-16	10.63
2011-02-17	10.46
2011-02-18	10.28
2011-02-19	10.11
2011-02-20	9.94
2011-02-21	9.78
2011-02-22	9.61
2011-02-23	9.45
2011-02-24	9.30
2011-02-25	9.14
2011-02-26	8.99
2011-02-27	173.56
2011-02-28	86.38
2011-03-01	12.37
2011-03-02	12.16
2011-03-03	11.96
2011-03-04	11.76
2011-03-05	11.56
2011-03-06	11.37
2011-03-07	11.18
2011-03-08	10.99
2011-03-09	10.81
2011-03-10	10.63
2011-03-11	10.45
2011-03-12	10.28
2011-03-13	10.11
2011-03-14	9.94
2011-03-15	12.51
2011-03-16	126.36
2011-03-17	11.38
2011-03-18	118.65
2011-03-19	142.93
2011-03-20	14.62
2011-03-21	14.37
2011-03-22	24.35
2011-03-23	24.64
2011-03-24	14.00
2011-03-25	13.77
2011-03-26	13.54
2011-03-27	13.31
2011-03-28	18.42
2011-03-29	32.34
2011-03-30	96.05
2011-03-31	24.54
2011-04-01	14.11
2011-04-02	115.20
2011-04-03	15.27
2011-04-04	15.02
2011-04-05	14.77
2011-04-06	14.52
2011-04-07	14.28
2011-04-08	24.70
2011-04-09	25.45
2011-04-10	108.37
2011-04-11	35.59
2011-04-12	15.30
2011-04-13	15.04
2011-04-14	15.10
2011-04-15	14.55
2011-04-16	14.31
2011-04-17	14.07
2011-04-18	13.83
2011-04-19	13.60
2011-04-20	17.73
2011-04-21	13.22
2011-04-22	19.86
2011-04-23	67.92
2011-04-24	35.18
2011-04-25	55.68
2011-04-26	40.29
2011-04-27	14.33
2011-04-28	38.56
2011-04-29	14.25
2011-04-30	14.01
2011-05-01	13.78
2011-05-02	13.55
2011-05-03	13.32
2011-05-04	13.10
2011-05-05	12.88
2011-05-06	12.67
2011-05-07	12.45
2011-05-08	12.25
2011-05-09	12.04
2011-05-10	11.84
2011-05-11	11.64
2011-05-12	11.45
2011-05-13	29.35
2011-05-14	38.72
2011-05-15	11.62
2011-05-16	11.42
2011-05-17	11.23
2011-05-18	11.25
2011-05-19	10.86
2011-05-20	10.68
2011-05-21	10.50
2011-05-22	27.01
2011-05-23	10.43
2011-05-24	10.25
2011-05-25	10.08
2011-05-26	9.91
2011-05-27	53.15
2011-05-28	10.29
2011-05-29	10.11
2011-05-30	9.95
2011-05-31	9.78
2011-06-01	9.62
2011-06-02	9.46
2011-06-03	9.30
2011-06-04	9.14
2011-06-05	8.99
2011-06-06	8.84
2011-06-07	8.69
2011-06-08	8.55
2011-06-09	8.41
2011-06-10	8.27
2011-06-11	8.13
2011-06-12	114.54
2011-06-13	9.58
2011-06-14	9.42
2011-06-15	9.26
2011-06-16	9.11
2011-06-17	8.96
2011-06-18	19.80
2011-06-19	15.13
2011-06-20	8.79
2011-06-21	8.64
2011-06-22	8.50
2011-06-23	8.36
2011-06-24	8.22
2011-06-25	8.08
2011-06-26	7.95
2011-06-27	7.81
2011-06-28	7.68
2011-06-29	7.56
2011-06-30	7.43
2011-07-01	7.31
2011-07-02	7.18
2011-07-03	7.07
2011-07-04	6.95
2011-07-05	6.83
2011-07-06	6.72
2011-07-07	6.61
2011-07-08	6.50
2011-07-09	6.39
2011-07-10	6.28
2011-07-11	6.18
2011-07-12	6.07
2011-07-13	5.97
2011-07-14	5.87
2011-07-15	5.77
2011-07-16	5.68
2011-07-17	5.58
2011-07-18	5.49
2011-07-19	5.40
2011-07-20	7.01
2011-07-21	87.72
2011-07-22	72.33
2011-07-23	7.44
2011-07-24	7.32
2011-07-25	7.20
2011-07-26	7.08
2011-07-27	6.96
2011-07-28	6.84
2011-07-29	6.73
2011-07-30	6.62
2011-07-31	6.51
2011-08-01	6.40
2011-08-02	6.29
2011-08-03	6.19
2011-08-04	6.08
2011-08-05	5.98
2011-08-06	5.88
2011-08-07	5.78
2011-08-08	5.69
2011-08-09	5.59
2011-08-10	5.50
2011-08-11	5.41
2011-08-12	5.32
2011-08-13	5.23
2011-08-14	5.14
2011-08-15	5.06
2011-08-16	4.97
2011-08-17	4.89
2011-08-18	4.81
2011-08-19	4.73
2011-08-20	4.65
2011-08-21	4.57
2011-08-22	13.82
2011-08-23	5.66
2011-08-24	5.49
2011-08-25	4.45
2011-08-26	4.38
2011-08-27	91.29
2011-08-28	5.64
2011-08-29	5.54
2011-08-30	5.45
2011-08-31	5.36
2011-09-01	5.27
2011-09-02	5.18
2011-09-03	5.10
2011-09-04	5.01
2011-09-05	4.93
2011-09-06	4.84
2011-09-07	4.76
2011-09-08	4.68
2011-09-09	4.61
2011-09-10	4.53
2011-09-11	4.45
2011-09-12	4.38
2011-09-13	4.31
2011-09-14	4.24
2011-09-15	4.16
2011-09-16	4.10
2011-09-17	4.03
2011-09-18	3.96
2011-09-19	3.89
2011-09-20	3.83
2011-09-21	3.77
2011-09-22	3.70
2011-09-23	3.64
2011-09-24	3.58
2011-09-25	3.52
2011-09-26	3.46
2011-09-27	3.40
2011-09-28	3.35
2011-09-29	3.29
2011-09-30	3.24
2011-10-01	3.18
2011-10-02	3.13
2011-10-03	3.08
2011-10-04	3.03
2011-10-05	2.98
2011-10-06	2.93
2011-10-07	2.88
2011-10-08	2.83
2011-10-09	2.78
2011-10-10	2.74
2011-10-11	2.69
2011-10-12	2.65
2011-10-13	2.60
2011-10-14	2.56
2011-10-15	2.52
2011-10-16	2.47
2011-10-17	2.50
2011-10-18	2.39
2011-10-19	2.35
2011-10-20	2.31
2011-10-21	2.63
2011-10-22	2.57
2011-10-23	2.36
2011-10-24	2.18
2011-10-25	2.14
2011-10-26	40.17
2011-10-27	2.68
2011-10-28	2.64
2011-10-29	2.59
2011-10-30	2.55
2011-10-31	2.51
2011-11-01	2.47
2011-11-02	6.69
2011-11-03	2.45
2011-11-04	2.41
2011-11-05	2.37
2011-11-06	2.33
2011-11-07	88.34
2011-11-08	109.24
2011-11-09	447.87
2011-11-10	12.33
2011-11-11	12.13
2011-11-12	11.92
2011-11-13	11.73
2011-11-14	11.53
2011-11-15	11.34
2011-11-16	101.51
2011-11-17	225.14
2011-11-18	15.64
2011-11-19	15.38
2011-11-20	15.12
2011-11-21	155.86
2011-11-22	177.38
2011-11-23	78.92
2011-11-24	22.62
2011-11-25	19.56
2011-11-26	19.23
2011-11-27	18.91
2011-11-28	18.60
2011-11-29	18.29
2011-11-30	17.98
2011-12-01	17.68
2011-12-02	17.39
2011-12-03	35.83
2011-12-04	29.03
2011-12-05	17.02
2011-12-06	36.04
2011-12-07	16.77
2011-12-08	56.56
2011-12-09	38.82
2011-12-10	24.20
2011-12-11	48.22
2011-12-12	29.26
2011-12-13	106.97
2011-12-14	76.37
2011-12-15	42.69
2011-12-16	18.79
2011-12-17	27.42
2011-12-18	58.54
2011-12-19	376.12
2011-12-20	213.51
2011-12-21	26.76
2011-12-22	70.50
2011-12-23	42.05
2011-12-24	26.40
2011-12-25	25.96
2011-12-26	25.52
2011-12-27	181.70
2011-12-28	27.20
2011-12-29	54.46
2011-12-30	45.55
2011-12-31	30.09
2012-01-01	26.22
2012-01-02	25.79
2012-01-03	181.47
2012-01-04	314.80
2012-01-05	142.02
2012-01-06	111.34
2012-01-07	68.54
2012-01-08	33.60
2012-01-09	33.04
2012-01-10	37.62
2012-01-11	32.03
2012-01-12	120.88
2012-01-13	32.41
2012-01-14	31.87
2012-01-15	31.34
2012-01-16	219.00
2012-01-17	48.34
2012-01-18	33.02
2012-01-19	32.47
2012-01-20	39.41
2012-01-21	41.70
2012-01-22	31.16
2012-01-23	30.64
2012-01-24	30.13
2012-01-25	29.63
2012-01-26	121.36
2012-01-27	30.13
2012-01-28	29.63
2012-01-29	29.14
2012-01-30	28.65
2012-01-31	28.17
2012-02-01	27.70
2012-02-02	27.24
2012-02-03	26.79
2012-02-04	26.34
2012-02-05	25.90
2012-02-06	25.47
2012-02-07	25.05
2012-02-08	24.63
2012-02-09	24.22
2012-02-10	23.82
2012-02-11	23.42
2012-02-12	23.03
2012-02-13	22.64
2012-02-14	270.46
2012-02-15	240.55
2012-02-16	28.93
2012-02-17	28.44
2012-02-18	27.97
2012-02-19	27.50
2012-02-20	27.89
2012-02-21	26.61
2012-02-22	26.16
2012-02-23	25.73
2012-02-24	25.30
2012-02-25	24.88
2012-02-26	24.46
2012-02-27	24.06
2012-02-28	23.65
2012-02-29	23.26
2012-03-01	23.68
2012-03-02	59.69
2012-03-03	22.73
2012-03-04	22.35
2012-03-05	21.98
2012-03-06	21.61
2012-03-07	21.25
2012-03-08	49.17
2012-03-09	136.82
2012-03-10	22.52
2012-03-11	22.15
2012-03-12	21.78
2012-03-13	21.41
2012-03-14	21.06
2012-03-15	20.71
2012-03-16	20.36
2012-03-17	20.02
2012-03-18	19.69
2012-03-19	19.36
2012-03-20	19.04
2012-03-21	20.47
2012-03-22	21.89
2012-03-23	18.74
2012-03-24	38.87
2012-03-25	80.54
2012-03-26	18.64
2012-03-27	18.33
2012-03-28	18.02
2012-03-29	17.72
2012-03-30	17.43
2012-03-31	17.14
2012-04-01	16.85
2012-04-02	16.57
2012-04-03	16.30
2012-04-04	16.02
2012-04-05	28.51
2012-04-06	15.70
2012-04-07	15.44
2012-04-08	15.18
2012-04-09	14.93
2012-04-10	14.68
2012-04-11	14.43
2012-04-12	14.19
2012-04-13	13.96
2012-04-14	13.72
2012-04-15	13.50
2012-04-16	89.71
2012-04-17	275.15
2012-04-18	177.78
2012-04-19	61.43
2012-04-20	23.71
2012-04-21	20.53
2012-04-22	20.19
2012-04-23	19.85
2012-04-24	19.52
2012-04-25	19.20
2012-04-26	18.88
2012-04-27	18.56
2012-04-28	18.25
2012-04-29	17.95
2012-04-30	17.65
2012-05-01	17.36
2012-05-02	17.07
2012-05-03	16.78
2012-05-04	34.65
2012-05-05	216.05
2012-05-06	34.43
2012-05-07	19.38
2012-05-08	19.06
2012-05-09	18.74
2012-05-10	117.58
2012-05-11	91.84
2012-05-12	20.55
2012-05-13	20.21
2012-05-14	19.87
2012-05-15	19.54
2012-05-16	19.22
2012-05-17	40.05
2012-05-18	19.33
2012-05-19	18.61
2012-05-20	18.30
2012-05-21	18.00
2012-05-22	17.70
2012-05-23	17.40
2012-05-24	21.17
2012-05-25	16.89
2012-05-26	16.61
2012-05-27	16.33
2012-05-28	27.39
2012-05-29	16.93
2012-05-30	15.73
2012-05-31	15.46
2012-06-01	15.21
2012-06-02	14.95
2012-06-03	14.70
2012-06-04	14.46
2012-06-05	14.22
2012-06-06	13.98
2012-06-07	13.75
2012-06-08	13.52
2012-06-09	13.29
2012-06-10	13.07
2012-06-11	14.54
2012-06-12	37.02
2012-06-13	12.85
2012-06-14	12.63
2012-06-15	12.42
2012-06-16	12.22
2012-06-17	12.01
2012-06-18	11.81
2012-06-19	11.62
2012-06-20	11.42
2012-06-21	11.23
2012-06-22	11.04
2012-06-23	10.86
2012-06-24	10.68
2012-06-25	10.50
2012-06-26	10.33
2012-06-27	10.15
2012-06-28	9.98
2012-06-29	9.82
2012-06-30	9.65
2012-07-01	9.49
2012-07-02	9.34
2012-07-03	9.18
2012-07-04	9.03
2012-07-05	8.88
2012-07-06	8.73
2012-07-07	8.58
2012-07-08	8.44
2012-07-09	8.30
2012-07-10	8.16
2012-07-11	8.03
2012-07-12	7.89
2012-07-13	7.76
2012-07-14	7.63
2012-07-15	7.50
2012-07-16	7.38
2012-07-17	7.26
2012-07-18	7.13
2012-07-19	7.02
2012-07-20	6.90
2012-07-21	6.78
2012-07-22	6.67
2012-07-23	6.56
2012-07-24	6.45
2012-07-25	6.34
2012-07-26	6.24
2012-07-27	6.13
2012-07-28	6.03
2012-07-29	5.93
2012-07-30	5.83
2012-07-31	5.73
2012-08-01	5.64
2012-08-02	5.54
2012-08-03	5.45
2012-08-04	5.36
2012-08-05	5.27
2012-08-06	5.18
2012-08-07	5.10
2012-08-08	5.01
2012-08-09	4.93
2012-08-10	4.85
2012-08-11	4.77
2012-08-12	4.69
2012-08-13	4.61
2012-08-14	4.53
2012-08-15	4.46
2012-08-16	4.38
2012-08-17	4.31
2012-08-18	4.68
2012-08-19	4.17
2012-08-20	4.10
2012-08-21	4.04
2012-08-22	3.97
2012-08-23	24.21
2012-08-24	66.89
2012-08-25	8.50
2012-08-26	7.85
2012-08-27	5.04
2012-08-28	4.95
2012-08-29	5.76
2012-08-30	5.19
2012-08-31	4.73
2012-09-01	4.65
2012-09-02	4.57
2012-09-03	4.50
2012-09-04	4.42
2012-09-05	4.35
2012-09-06	84.84
2012-09-07	5.50
2012-09-08	5.41
2012-09-09	5.32
2012-09-10	5.23
2012-09-11	5.15
2012-09-12	5.06
2012-09-13	4.97
2012-09-14	4.89
2012-09-15	4.81
2012-09-16	4.73
2012-09-17	4.65
2012-09-18	4.57
2012-09-19	4.50
2012-09-20	4.42
2012-09-21	4.35
2012-09-22	4.28
2012-09-23	4.21
2012-09-24	65.29
2012-09-25	5.05
2012-09-26	4.97
2012-09-27	4.89
2012-09-28	4.80
2012-09-29	4.72
2012-09-30	4.64
2012-10-01	24.82
2012-10-02	117.17
2012-10-03	8.95
2012-10-04	6.48
2012-10-05	6.37
2012-10-06	6.26
2012-10-07	6.16
2012-10-08	6.06
2012-10-09	5.96
2012-10-10	5.86
2012-10-11	5.76
2012-10-12	74.56
2012-10-13	50.95
2012-10-14	7.28
2012-10-15	7.16
2012-10-16	7.04
2012-10-17	118.99
2012-10-18	55.23
2012-10-19	9.22
2012-10-20	21.41
2012-10-21	9.45
2012-10-22	8.97
2012-10-23	206.43
2012-10-24	113.13
2012-10-25	13.29
2012-10-26	13.07
2012-10-27	12.85
2012-10-28	12.64
2012-10-29	74.91
2012-10-30	84.06
2012-10-31	76.34
2012-11-01	71.15
2012-11-02	35.18
2012-11-03	22.50
2012-11-04	49.60
2012-11-05	33.24
2012-11-06	16.30
2012-11-07	26.84
2012-11-08	45.42
2012-11-09	15.69
2012-11-10	15.42
2012-11-11	15.17
2012-11-12	14.92
2012-11-13	14.67
2012-11-14	18.56
2012-11-15	101.09
2012-11-16	203.52
2012-11-17	112.83
2012-11-18	23.52
2012-11-19	19.15
2012-11-20	18.83
2012-11-21	18.52
2012-11-22	65.50
2012-11-23	28.92
2012-11-24	241.30
2012-11-25	75.45
2012-11-26	26.66
2012-11-27	64.54
2012-11-28	22.32
2012-11-29	21.95
2012-11-30	21.59
2012-12-01	21.23
2012-12-02	284.72
2012-12-03	48.12
2012-12-04	33.23
2012-12-05	35.45
2012-12-06	24.24
2012-12-07	23.83
2012-12-08	23.43
2012-12-09	35.72
2012-12-10	22.86
2012-12-11	35.11
2012-12-12	28.45
2012-12-13	22.04
2012-12-14	21.67
2012-12-15	21.31
2012-12-16	20.95
2012-12-17	20.61
2012-12-18	37.23
2012-12-19	40.07
2012-12-20	22.64
2012-12-21	73.64
2012-12-22	101.40
2012-12-23	21.39
2012-12-24	21.03
2012-12-25	20.68
2012-12-26	20.33
2012-12-27	117.69
2012-12-28	21.24
2012-12-29	20.88
2012-12-30	20.53
2012-12-31	20.19
2013-01-01	31.66
2013-01-02	93.04
2013-01-03	20.57
2013-01-04	21.74
2013-01-05	19.91
2013-01-06	19.58
2013-01-07	253.59
2013-01-08	22.71
2013-01-09	22.33
2013-01-10	21.96
2013-01-11	21.59
2013-01-12	21.23
2013-01-13	20.88
2013-01-14	20.53
2013-01-15	20.19
2013-01-16	19.85
2013-01-17	19.52
2013-01-18	19.20
2013-01-19	18.88
2013-01-20	18.56
2013-01-21	18.25
2013-01-22	17.95
2013-01-23	17.65
2013-01-24	17.36
2013-01-25	17.07
2013-01-26	16.78
2013-01-27	16.50
2013-01-28	22.72
2013-01-29	20.55
2013-01-30	15.87
2013-01-31	15.60
2013-02-01	52.52
2013-02-02	16.17
2013-02-03	15.43
2013-02-04	408.92
2013-02-05	21.27
2013-02-06	20.91
2013-02-07	20.57
2013-02-08	20.22
2013-02-09	19.89
2013-02-10	39.59
2013-02-11	92.69
2013-02-12	20.40
2013-02-13	61.92
2013-02-14	163.15
2013-02-15	22.37
2013-02-16	21.99
2013-02-17	21.63
2013-02-18	21.27
2013-02-19	52.83
2013-02-20	38.91
2013-02-21	102.55
2013-02-22	21.98
2013-02-23	82.62
2013-02-24	25.93
2013-02-25	71.30
2013-02-26	22.35
2013-02-27	21.98
2013-02-28	21.62
2013-03-01	21.26
2013-03-02	20.90
2013-03-03	20.55
2013-03-04	20.80
2013-03-05	19.88
2013-03-06	19.55
2013-03-07	102.38
2013-03-08	32.18
2013-03-09	21.97
2013-03-10	133.00
2013-03-11	217.54
2013-03-12	231.25
2013-03-13	27.04
2013-03-14	26.59
2013-03-15	26.14
2013-03-16	28.18
2013-03-17	56.32
2013-03-18	33.30
2013-03-19	42.15
2013-03-20	24.96
2013-03-21	24.54
2013-03-22	24.13
2013-03-23	26.45
2013-03-24	23.38
2013-03-25	22.99
2013-03-26	22.61
2013-03-27	22.53
2013-03-28	24.62
2013-03-29	27.26
2013-03-30	21.28
2013-03-31	20.92
2013-04-01	42.29
2013-04-02	124.52
2013-04-03	124.61
2013-04-04	89.24
2013-04-05	38.67
2013-04-06	30.69
2013-04-07	28.23
2013-04-08	23.97
2013-04-09	22.75
2013-04-10	22.37
2013-04-11	22.00
2013-04-12	21.63
2013-04-13	21.27
2013-04-14	20.92
2013-04-15	20.57
2013-04-16	20.23
2013-04-17	19.89
2013-04-18	19.56
2013-04-19	19.23
2013-04-20	18.91
2013-04-21	18.60
2013-04-22	18.75
2013-04-23	17.99
2013-04-24	17.69
2013-04-25	30.27
2013-04-26	43.55
2013-04-27	17.45
2013-04-28	23.53
2013-04-29	31.28
2013-04-30	54.16
2013-05-01	17.24
2013-05-02	16.95
2013-05-03	16.67
2013-05-04	16.39
2013-05-05	16.12
2013-05-06	15.85
2013-05-07	15.59
2013-05-08	15.33
2013-05-09	15.07
2013-05-10	14.82
2013-05-11	14.57
2013-05-12	14.33
2013-05-13	48.79
2013-05-14	103.72
2013-05-15	68.70
2013-05-16	39.75
2013-05-17	16.32
2013-05-18	16.05
2013-05-19	242.16
2013-05-20	28.75
2013-05-21	19.00
2013-05-22	31.93
2013-05-23	40.87
2013-05-24	269.78
2013-05-25	135.77
2013-05-26	23.83
2013-05-27	23.43
2013-05-28	23.04
2013-05-29	22.66
2013-05-30	22.28
2013-05-31	21.91
2013-06-01	21.54
2013-06-02	21.18
2013-06-03	20.83
2013-06-04	20.48
2013-06-05	20.14
2013-06-06	19.81
2013-06-07	19.48
2013-06-08	19.15
2013-06-09	18.83
2013-06-10	18.52
2013-06-11	18.21
2013-06-12	17.91
2013-06-13	17.61
2013-06-14	17.31
2013-06-15	17.03
2013-06-16	16.74
2013-06-17	16.46
2013-06-18	16.19
2013-06-19	15.92
2013-06-20	15.65
2013-06-21	15.39
2013-06-22	15.14
2013-06-23	14.88
2013-06-24	14.64
2013-06-25	14.39
2013-06-26	14.15
2013-06-27	13.92
2013-06-28	13.68
2013-06-29	13.46
2013-06-30	13.23
2013-07-01	13.01
2013-07-02	12.79
2013-07-03	12.58
2013-07-04	12.37
2013-07-05	12.17
2013-07-06	11.96
2013-07-07	11.76
2013-07-08	11.57
2013-07-09	11.37
2013-07-10	11.19
2013-07-11	11.00
2013-07-12	10.82
2013-07-13	10.64
2013-07-14	10.46
2013-07-15	10.28
2013-07-16	10.11
2013-07-17	9.94
2013-07-18	9.78
2013-07-19	9.61
2013-07-20	9.45
2013-07-21	9.30
2013-07-22	9.14
2013-07-23	8.99
2013-07-24	8.84
2013-07-25	8.69
2013-07-26	8.55
2013-07-27	8.41
2013-07-28	8.27
2013-07-29	8.13
2013-07-30	7.99
2013-07-31	7.86
2013-08-01	7.73
2013-08-02	7.60
2013-08-03	7.47
2013-08-04	7.35
2013-08-05	7.23
2013-08-06	7.10
2013-08-07	6.99
2013-08-08	6.87
2013-08-09	6.76
2013-08-10	6.64
2013-08-11	6.53
2013-08-12	6.42
2013-08-13	6.32
2013-08-14	6.21
2013-08-15	6.11
2013-08-16	6.01
2013-08-17	5.91
2013-08-18	5.81
2013-08-19	5.71
2013-08-20	5.62
2013-08-21	5.52
2013-08-22	5.43
2013-08-23	5.34
2013-08-24	5.25
2013-08-25	5.16
2013-08-26	5.08
2013-08-27	4.99
2013-08-28	4.91
2013-08-29	4.83
2013-08-30	4.75
2013-08-31	4.67
2013-09-01	4.59
2013-09-02	4.51
2013-09-03	4.44
2013-09-04	4.36
2013-09-05	4.29
2013-09-06	4.22
2013-09-07	4.15
2013-09-08	4.08
2013-09-09	4.01
2013-09-10	3.95
2013-09-11	3.88
2013-09-12	3.81
2013-09-13	3.75
2013-09-14	3.69
2013-09-15	3.63
2013-09-16	3.57
2013-09-17	3.51
2013-09-18	3.45
2013-09-19	3.39
2013-09-20	3.33
2013-09-21	3.28
2013-09-22	3.22
2013-09-23	3.17
2013-09-24	3.12
2013-09-25	3.07
2013-09-26	3.02
2013-09-27	2.96
2013-09-28	2.92
2013-09-29	2.87
2013-09-30	2.82
2013-10-01	2.77
2013-10-02	2.73
2013-10-03	2.68
2013-10-04	2.64
2013-10-05	2.59
2013-10-06	2.55
2013-10-07	2.51
2013-10-08	2.46
2013-10-09	2.42
2013-10-10	2.38
2013-10-11	2.34
2013-10-12	2.30
2013-10-13	2.27
2013-10-14	2.23
2013-10-15	2.19
2013-10-16	2.15
2013-10-17	2.12
2013-10-18	2.08
2013-10-19	2.05
2013-10-20	2.01
2013-10-21	1.98
2013-10-22	1.95
2013-10-23	1.92
2013-10-24	1.88
2013-10-25	1.85
2013-10-26	1.82
2013-10-27	1.79
2013-10-28	1.76
2013-10-29	1.73
2013-10-30	1.70
2013-10-31	1.67
2013-11-01	1.65
2013-11-02	1.62
2013-11-03	1.59
2013-11-04	1.57
2013-11-05	1.54
2013-11-06	1.51
2013-11-07	1.49
2013-11-08	1.46
2013-11-09	1.44
2013-11-10	1.42
2013-11-11	1.39
2013-11-12	1.37
2013-11-13	1.35
2013-11-14	1.32
2013-11-15	1.30
2013-11-16	1.28
2013-11-17	1.26
2013-11-18	1.24
2013-11-19	1.22
2013-11-20	1.20
2013-11-21	1.18
2013-11-22	1.16
2013-11-23	1.14
2013-11-24	1.12
2013-11-25	1.10
2013-11-26	1.08
2013-11-27	1.06
2013-11-28	1.05
2013-11-29	1.03
2013-11-30	1.01
2013-12-01	0.99
2013-12-02	0.98
2013-12-03	0.96
2013-12-04	0.95
2013-12-05	0.93
2013-12-06	17.33
2013-12-07	11.80
2013-12-08	1.32
2013-12-09	1.43
2013-12-10	1.27
2013-12-11	1.81
2013-12-12	3.48
2013-12-13	1.26
2013-12-14	1.24
2013-12-15	1.22
2013-12-16	1.19
2013-12-17	1.17
2013-12-18	1.16
2013-12-19	1.14
2013-12-20	1.12
2013-12-21	1.10
2013-12-22	1.08
2013-12-23	14.11
2013-12-24	2.52
2013-12-25	1.25
2013-12-26	15.91
2013-12-27	60.45
2013-12-28	2.38
2013-12-29	2.34
2013-12-30	2.30
2013-12-31	2.26
2014-01-01	2.22
2014-01-02	2.18
2014-01-03	19.36
2014-01-04	2.39
2014-01-05	2.35
2014-01-06	2.31
2014-01-07	2.27
2014-01-08	7.38
2014-01-09	2.28
2014-01-10	2.24
2014-01-11	2.21
2014-01-12	2.17
2014-01-13	2.13
2014-01-14	2.10
2014-01-15	2.06
2014-01-16	2.03
2014-01-17	1.99
2014-01-18	1.96
2014-01-19	1.93
2014-01-20	1.90
2014-01-21	1.86
2014-01-22	1.83
2014-01-23	1.80
2014-01-24	1.77
2014-01-25	1.74
2014-01-26	1.71
2014-01-27	1.69
2014-01-28	121.05
2014-01-29	413.22
2014-01-30	10.10
2014-01-31	9.93
2014-02-01	15.40
2014-02-02	117.50
2014-02-03	136.69
2014-02-04	35.26
2014-02-05	52.52
2014-02-06	19.56
2014-02-07	24.90
2014-02-08	308.36
2014-02-09	121.32
2014-02-10	19.37
2014-02-11	19.05
2014-02-12	124.52
2014-02-13	22.77
2014-02-14	19.83
2014-02-15	19.50
2014-02-16	19.18
2014-02-17	18.86
2014-02-18	18.54
2014-02-19	18.24
2014-02-20	17.93
2014-02-21	17.63
2014-02-22	17.34
2014-02-23	17.05
2014-02-24	16.77
2014-02-25	16.49
2014-02-26	16.54
2014-02-27	15.95
2014-02-28	15.68
2014-03-01	15.42
2014-03-02	15.16
2014-03-03	14.91
2014-03-04	14.66
2014-03-05	14.42
2014-03-06	14.18
2014-03-07	13.94
2014-03-08	13.71
2014-03-09	14.11
2014-03-10	13.27
2014-03-11	13.04
2014-03-12	12.83
2014-03-13	12.61
2014-03-14	85.33
2014-03-15	77.07
2014-03-16	14.18
2014-03-17	13.94
2014-03-18	55.88
2014-03-19	43.19
2014-03-20	14.39
2014-03-21	14.15
2014-03-22	14.95
2014-03-23	64.21
2014-03-24	18.85
2014-03-25	47.05
2014-03-26	14.42
2014-03-27	19.47
2014-03-28	68.85
2014-03-29	66.23
2014-03-30	106.40
2014-03-31	16.48
2014-04-01	16.20
2014-04-02	15.93
2014-04-03	15.67
2014-04-04	15.73
2014-04-05	15.15
2014-04-06	16.93
2014-04-07	18.88
2014-04-08	78.09
2014-04-09	15.29
2014-04-10	40.23
2014-04-11	15.19
2014-04-12	14.94
2014-04-13	214.65
2014-04-14	30.29
2014-04-15	17.58
2014-04-16	48.13
2014-04-17	123.51
2014-04-18	18.91
2014-04-19	18.60
2014-04-20	91.51
2014-04-21	212.74
2014-04-22	230.50
2014-04-23	66.84
2014-04-24	25.22
2014-04-25	73.71
2014-04-26	46.52
2014-04-27	25.10
2014-04-28	24.68
2014-04-29	32.29
2014-04-30	24.71
2014-05-01	23.60
2014-05-02	23.21
2014-05-03	22.82
2014-05-04	48.74
2014-05-05	32.29
2014-05-06	22.28
2014-05-07	21.90
2014-05-08	21.54
2014-05-09	21.18
2014-05-10	20.83
2014-05-11	20.48
2014-05-12	20.14
2014-05-13	19.80
2014-05-14	44.50
2014-05-15	19.55
2014-05-16	19.23
2014-05-17	18.91
2014-05-18	18.59
2014-05-19	18.28
2014-05-20	17.98
2014-05-21	17.68
2014-05-22	17.38
2014-05-23	17.09
2014-05-24	16.81
2014-05-25	16.53
2014-05-26	16.25
2014-05-27	15.98
2014-05-28	15.71
2014-05-29	15.45
2014-05-30	15.20
2014-05-31	14.94
2014-06-01	14.69
2014-06-02	14.45
2014-06-03	14.21
2014-06-04	13.97
2014-06-05	13.74
2014-06-06	13.51
2014-06-07	13.28
2014-06-08	13.06
2014-06-09	31.30
2014-06-10	12.93
2014-06-11	12.71
2014-06-12	12.50
2014-06-13	12.29
2014-06-14	12.09
2014-06-15	11.89
2014-06-16	11.69
2014-06-17	11.49
2014-06-18	11.30
2014-06-19	11.11
2014-06-20	10.93
2014-06-21	10.75
2014-06-22	10.57
2014-06-23	10.39
2014-06-24	10.22
2014-06-25	10.05
2014-06-26	9.88
2014-06-27	9.72
2014-06-28	9.55
2014-06-29	9.39
2014-06-30	9.24
2014-07-01	9.08
2014-07-02	8.93
2014-07-03	8.78
2014-07-04	8.64
2014-07-05	8.49
2014-07-06	8.35
2014-07-07	8.21
2014-07-08	8.08
2014-07-09	7.94
2014-07-10	7.81
2014-07-11	7.68
2014-07-12	7.55
2014-07-13	7.42
2014-07-14	7.30
2014-07-15	7.18
2014-07-16	7.06
2014-07-17	6.94
2014-07-18	6.83
2014-07-19	6.71
2014-07-20	6.60
2014-07-21	6.49
2014-07-22	6.38
2014-07-23	6.28
2014-07-24	6.17
2014-07-25	6.07
2014-07-26	5.97
2014-07-27	5.87
2014-07-28	5.77
2014-07-29	5.67
2014-07-30	5.58
2014-07-31	5.49
2014-08-01	5.39
2014-08-02	5.30
2014-08-03	5.22
2014-08-04	5.13
2014-08-05	5.04
2014-08-06	4.96
2014-08-07	4.88
2014-08-08	4.80
2014-08-09	4.72
2014-08-10	4.64
2014-08-11	4.56
2014-08-12	4.48
2014-08-13	4.41
2014-08-14	4.34
2014-08-15	4.26
2014-08-16	4.19
2014-08-17	4.12
2014-08-18	4.05
2014-08-19	3.99
2014-08-20	3.92
2014-08-21	3.85
2014-08-22	3.79
2014-08-23	3.73
2014-08-24	3.67
2014-08-25	3.60
2014-08-26	3.54
2014-08-27	3.48
2014-08-28	3.43
2014-08-29	3.37
2014-08-30	3.31
2014-08-31	3.26
2014-09-01	3.20
2014-09-02	3.15
2014-09-03	3.10
2014-09-04	3.05
2014-09-05	3.00
2014-09-06	2.95
2014-09-07	2.90
2014-09-08	2.85
2014-09-09	2.80
2014-09-10	2.75
2014-09-11	2.71
2014-09-12	2.66
2014-09-13	2.62
2014-09-14	2.58
2014-09-15	2.53
2014-09-16	2.49
2014-09-17	2.45
2014-09-18	2.41
2014-09-19	2.37
2014-09-20	2.33
2014-09-21	2.29
2014-09-22	2.25
2014-09-23	2.21
2014-09-24	2.18
2014-09-25	2.14
2014-09-26	2.10
2014-09-27	2.07
2014-09-28	2.04
2014-09-29	2.00
2014-09-30	1.97
2014-10-01	1.94
2014-10-02	1.90
2014-10-03	1.87
2014-10-04	1.84
2014-10-05	1.81
2014-10-06	1.78
2014-10-07	1.75
2014-10-08	1.72
2014-10-09	1.69
2014-10-10	1.66
2014-10-11	1.64
2014-10-12	1.61
2014-10-13	1.58
2014-10-14	1.56
2014-10-15	1.53
2014-10-16	1.50
2014-10-17	1.48
2014-10-18	1.45
2014-10-19	1.43
2014-10-20	1.41
2014-10-21	1.38
2014-10-22	1.36
2014-10-23	1.34
2014-10-24	1.31
2014-10-25	1.29
2014-10-26	1.27
2014-10-27	1.25
2014-10-28	1.23
2014-10-29	1.21
2014-10-30	1.19
2014-10-31	1.17
2014-11-01	1.15
2014-11-02	1.13
2014-11-03	1.11
2014-11-04	1.09
2014-11-05	1.07
2014-11-06	1.06
2014-11-07	1.04
2014-11-08	1.02
2014-11-09	1.00
2014-11-10	0.99
2014-11-11	0.97
2014-11-12	0.96
2014-11-13	0.94
2014-11-14	0.92
2014-11-15	4.88
2014-11-16	0.98
2014-11-17	0.94
2014-11-18	0.93
2014-11-19	0.91
2014-11-20	0.90
2014-11-21	0.88
2014-11-22	0.87
2014-11-23	2.07
2014-11-24	2.39
2014-11-25	0.87
2014-11-26	0.85
2014-11-27	0.84
2014-11-28	8.67
2014-11-29	1.04
2014-11-30	1.48
2014-12-01	6.63
2014-12-02	0.99
2014-12-03	2.94
2014-12-04	0.99
2014-12-05	17.58
2014-12-06	7.75
2014-12-07	1.31
2014-12-08	1.29
2014-12-09	1.27
2014-12-10	1.25
2014-12-11	1.23
2014-12-12	55.74
2014-12-13	6.76
2014-12-14	2.11
2014-12-15	2.07
2014-12-16	2.04
2014-12-17	2.00
2014-12-18	1.97
2014-12-19	2.34
2014-12-20	15.02
2014-12-21	2.09
2014-12-22	2.06
2014-12-23	2.02
2014-12-24	1.99
2014-12-25	1.95
2014-12-26	1.92
2014-12-27	1.89
2014-12-28	1.86
2014-12-29	1.83
2014-12-30	1.80
2014-12-31	1.77
2015-01-01	2.32
2015-01-02	1.72
2015-01-03	15.83
2015-01-04	14.70
2015-01-05	2.06
2015-01-06	2.03
2015-01-07	2.00
2015-01-08	1.96
2015-01-09	2.01
2015-01-10	16.59
2015-01-11	2.10
2015-01-12	37.00
2015-01-13	2.60
2015-01-14	2.55
2015-01-15	2.51
2015-01-16	2.47
2015-01-17	2.43
2015-01-18	2.50
2015-01-19	21.94
2015-01-20	2.63
2015-01-21	2.58
2015-01-22	2.54
2015-01-23	2.50
2015-01-24	2.46
2015-01-25	2.42
2015-01-26	2.38
2015-01-27	2.34
2015-01-28	2.30
2015-01-29	2.26
2015-01-30	2.22
2015-01-31	2.18
2015-02-01	2.15
2015-02-02	2.11
2015-02-03	2.08
2015-02-04	2.04
2015-02-05	2.01
2015-02-06	1.97
2015-02-07	1.94
2015-02-08	1.91
2015-02-09	1.88
2015-02-10	1.85
2015-02-11	1.82
2015-02-12	1.78
2015-02-13	1.76
2015-02-14	1.73
2015-02-15	3.11
2015-02-16	29.73
2015-02-17	2.12
2015-02-18	458.45
2015-02-19	9.40
2015-02-20	9.25
2015-02-21	9.09
2015-02-22	10.43
2015-02-23	8.81
2015-02-24	8.67
2015-02-25	8.52
2015-02-26	8.38
2015-02-27	8.24
2015-02-28	8.10
2015-03-01	7.97
2015-03-02	7.84
2015-03-03	7.71
2015-03-04	7.58
2015-03-05	7.45
2015-03-06	7.33
2015-03-07	7.20
2015-03-08	7.08
2015-03-09	6.97
2015-03-10	6.85
2015-03-11	6.74
2015-03-12	6.62
2015-03-13	6.51
2015-03-14	6.41
2015-03-15	6.30
2015-03-16	6.19
2015-03-17	6.09
2015-03-18	5.99
2015-03-19	5.89
2015-03-20	5.79
2015-03-21	5.69
2015-03-22	5.60
2015-03-23	6.92
2015-03-24	48.50
2015-03-25	158.52
2015-03-26	460.63
2015-03-27	240.57
2015-03-28	467.12
2015-03-29	210.65
2015-03-30	183.91
2015-03-31	171.40
2015-04-01	82.34
2015-04-02	244.93
2015-04-03	73.64
2015-04-04	35.36
2015-04-05	34.77
2015-04-06	34.19
2015-04-07	33.62
2015-04-08	33.06
2015-04-09	32.51
2015-04-10	31.97
2015-04-11	31.44
2015-04-12	30.91
2015-04-13	31.27
2015-04-14	29.90
2015-04-15	29.41
2015-04-16	44.92
2015-04-17	28.69
2015-04-18	28.21
2015-04-19	27.74
2015-04-20	27.28
2015-04-21	26.83
2015-04-22	26.38
2015-04-23	25.94
2015-04-24	25.51
2015-04-25	25.08
2015-04-26	24.66
2015-04-27	24.25
2015-04-28	23.85
2015-04-29	23.45
2015-04-30	23.06
2015-05-01	22.68
2015-05-02	22.30
2015-05-03	21.93
2015-05-04	21.56
2015-05-05	21.20
2015-05-06	20.85
2015-05-07	20.50
2015-05-08	20.16
2015-05-09	19.82
2015-05-10	19.49
2015-05-11	19.17
2015-05-12	18.85
2015-05-13	18.53
2015-05-14	18.23
2015-05-15	17.92
2015-05-16	17.62
2015-05-17	17.33
2015-05-18	17.04
2015-05-19	16.76
2015-05-20	16.48
2015-05-21	16.20
2015-05-22	15.93
2015-05-23	15.67
2015-05-24	15.41
2015-05-25	15.15
2015-05-26	18.53
2015-05-27	72.83
2015-05-28	15.40
2015-05-29	15.14
2015-05-30	14.89
2015-05-31	14.64
2015-06-01	14.40
2015-06-02	14.16
2015-06-03	13.92
2015-06-04	13.69
2015-06-05	13.46
2015-06-06	13.24
2015-06-07	13.02
2015-06-08	12.80
2015-06-09	12.59
2015-06-10	12.38
2015-06-11	12.17
2015-06-12	11.97
2015-06-13	11.77
2015-06-14	11.57
2015-06-15	11.38
2015-06-16	11.19
2015-06-17	11.00
2015-06-18	10.82
2015-06-19	10.64
2015-06-20	10.46
2015-06-21	10.29
2015-06-22	10.12
2015-06-23	9.95
2015-06-24	9.78
2015-06-25	9.62
2015-06-26	9.46
2015-06-27	9.30
2015-06-28	9.15
2015-06-29	8.99
2015-06-30	8.84
2015-07-01	8.70
2015-07-02	8.55
2015-07-03	8.41
2015-07-04	8.27
2015-07-05	8.13
2015-07-06	8.00
2015-07-07	7.86
2015-07-08	7.73
2015-07-09	7.60
2015-07-10	7.48
2015-07-11	7.35
2015-07-12	7.23
2015-07-13	7.11
2015-07-14	6.99
2015-07-15	6.87
2015-07-16	6.76
2015-07-17	6.65
2015-07-18	6.53
2015-07-19	6.43
2015-07-20	6.32
2015-07-21	6.43
2015-07-22	6.11
2015-07-23	6.01
2015-07-24	6.79
2015-07-25	9.97
2015-07-26	5.80
2015-07-27	5.70
2015-07-28	5.60
2015-07-29	5.51
2015-07-30	5.42
2015-07-31	5.33
2015-08-01	5.24
2015-08-02	5.15
2015-08-03	5.07
2015-08-04	4.98
2015-08-05	4.90
2015-08-06	4.82
2015-08-07	4.74
2015-08-08	4.66
2015-08-09	4.58
2015-08-10	4.50
2015-08-11	4.43
2015-08-12	4.36
2015-08-13	4.28
2015-08-14	4.21
2015-08-15	4.14
2015-08-16	4.07
2015-08-17	4.00
2015-08-18	3.94
2015-08-19	3.87
2015-08-20	3.81
2015-08-21	3.74
2015-08-22	3.68
2015-08-23	3.62
2015-08-24	3.56
2015-08-25	3.50
2015-08-26	3.44
2015-08-27	3.39
2015-08-28	3.33
2015-08-29	3.27
2015-08-30	3.22
2015-08-31	3.17
2015-09-01	3.11
2015-09-02	3.06
2015-09-03	5.65
2015-09-04	3.00
2015-09-05	2.95
2015-09-06	2.90
2015-09-07	2.85
2015-09-08	2.81
2015-09-09	2.76
2015-09-10	2.71
2015-09-11	2.67
2015-09-12	4.21
2015-09-13	2.61
2015-09-14	2.56
2015-09-15	2.52
2015-09-16	2.48
2015-09-17	2.44
2015-09-18	2.40
2015-09-19	2.36
2015-09-20	2.32
2015-09-21	2.28
2015-09-22	2.24
2015-09-23	2.20
2015-09-24	2.17
2015-09-25	2.13
2015-09-26	2.09
2015-09-27	2.06
2015-09-28	2.03
2015-09-29	1.99
2015-09-30	1.96
2015-10-01	1.93
2015-10-02	4.17
2015-10-03	1.90
2015-10-04	1.87
2015-10-05	1.84
2015-10-06	1.81
2015-10-07	1.78
2015-10-08	1.75
2015-10-09	1.72
2015-10-10	1.69
2015-10-11	1.66
2015-10-12	1.63
2015-10-13	1.61
2015-10-14	1.58
2015-10-15	1.55
2015-10-16	1.53
2015-10-17	1.50
2015-10-18	11.20
2015-10-19	1.61
2015-10-20	1.58
2015-10-21	1.55
2015-10-22	1.53
2015-10-23	1.50
2015-10-24	1.48
2015-10-25	1.45
2015-10-26	1.43
2015-10-27	1.41
2015-10-28	1.38
2015-10-29	1.36
2015-10-30	11.21
2015-10-31	123.64
2015-11-01	98.34
2015-11-02	175.37
2015-11-03	15.43
2015-11-04	7.56
2015-11-05	57.07
2015-11-06	8.11
2015-11-07	7.97
2015-11-08	7.84
2015-11-09	122.61
2015-11-10	57.81
2015-11-11	10.06
2015-11-12	9.89
2015-11-13	93.29
2015-11-14	10.91
2015-11-15	10.73
2015-11-16	10.55
2015-11-17	10.37
2015-11-18	10.20
2015-11-19	10.03
2015-11-20	9.86
2015-11-21	9.70
2015-11-22	9.54
2015-11-23	9.38
2015-11-24	9.22
2015-11-25	9.07
2015-11-26	8.92
2015-11-27	8.77
2015-11-28	8.62
2015-11-29	84.38
2015-11-30	9.56
2015-12-01	27.60
2015-12-02	19.68
2015-12-03	9.54
2015-12-04	9.38
2015-12-05	44.57
2015-12-06	12.90
2015-12-07	9.53
2015-12-08	30.58
2015-12-09	9.56
2015-12-10	9.40
2015-12-11	99.01
2015-12-12	10.54
2015-12-13	23.80
2015-12-14	22.57
2015-12-15	10.43
2015-12-16	108.79
2015-12-17	11.67
2015-12-18	11.48
2015-12-19	85.90
2015-12-20	12.30
2015-12-21	165.33
2015-12-22	14.63
2015-12-23	36.98
2015-12-24	147.83
2015-12-25	21.15
2015-12-26	15.99
2015-12-27	15.72
2015-12-28	18.64
2015-12-29	27.75
2015-12-30	15.20
2015-12-31	14.95
