2000-01-01	18.88
2000-01-02	112.39
2000-01-03	34.03
2000-01-04	139.71
2000-01-05	56.67
2000-01-06	17.96
2000-01-07	17.66
2000-01-08	104.23
2000-01-09	144.56
2000-01-10	20.20
2000-01-11	19.86
2000-01-12	36.37
2000-01-13	19.48
2000-01-14	19.15
2000-01-15	18.83
2000-01-16	18.52
2000-01-17	87.33
2000-01-18	20.70
2000-01-19	39.56
2000-01-20	243.70
2000-01-21	22.07
2000-01-22	24.16
2000-01-23	21.38
2000-01-24	189.47
2000-01-25	224.73
2000-01-26	108.82
2000-01-27	27.14
2000-01-28	26.68
2000-01-29	26.24
2000-01-30	25.80
2000-01-31	25.37
2000-02-01	24.95
2000-02-02	24.53
2000-02-03	24.12
2000-02-04	23.72
2000-02-05	115.78
2000-02-06	24.43
2000-02-07	54.02
2000-02-08	24.10
2000-02-09	23.70
2000-02-10	50.95
2000-02-11	23.36
2000-02-12	22.98
2000-02-13	22.59
2000-02-14	22.22
2000-02-15	21.85
2000-02-16	21.48
2000-02-17	21.12
2000-02-18	21.79
2000-02-19	20.44
2000-02-20	20.10
2000-02-21	44.01
2000-02-22	101.41
2000-02-23	20.81
2000-02-24	20.47
2000-02-25	20.12
2000-02-26	19.79
2000-02-27	19.46
2000-02-28	19.13
2000-02-29	18.82
2000-03-01	18.50
2000-03-02	188.18
2000-03-03	249.31
2000-03-04	137.38
2000-03-05	25.40
2000-03-06	24.98
2000-03-07	219.64
2000-03-08	27.30
2000-03-09	26.84
2000-03-10	26.40
2000-03-11	25.96
2000-03-12	25.52
2000-03-13	330.33
2000-03-14	331.68
2000-03-15	33.98
2000-03-16	33.41
2000-03-17	46.80
2000-03-18	32.53
2000-03-19	31.99
2000-03-20	31.45
2000-03-21	49.17
2000-03-22	30.71
2000-03-23	30.20
2000-03-24	29.69
2000-03-25	29.20
2000-03-26	28.71
2000-03-27	59.22
2000-03-28	229.83
2000-03-29	31.04
2000-03-30	30.52
2000-03-31	30.02
2000-04-01	138.30
2000-04-02	33.67
2000-04-03	30.31
2000-04-04	29.81
2000-04-05	29.31
2000-04-06	28.82
2000-04-07	28.34
2000-04-08	107.48
2000-04-09	33.77
2000-04-10	28.29
2000-04-11	27.82
2000-04-12	27.35
2000-04-13	99.35
2000-04-14	30.39
2000-04-15	91.33
2000-04-16	520.91
2000-04-17	35.27
2000-04-18	34.68
2000-04-19	34.10
2000-04-20	33.54
2000-04-21	32.98
2000-04-22	32.43
2000-04-23	31.89
2000-04-24	31.35
2000-04-25	30.83
2000-04-26	30.32
2000-04-27	29.81
2000-04-28	29.32
2000-04-29	28.83
2000-04-30	28.35
2000-05-01	27.87
2000-05-02	27.41
2000-05-03	26.95
2000-05-04	26.50
2000-05-05	26.06
2000-05-06	25.63
2000-05-07	25.20
2000-05-08	230.76
2000-05-09	101.78
2000-05-10	28.42
2000-05-11	27.95
2000-05-12	27.48
2000-05-13	34.18
2000-05-14	29.83
2000-05-15	33.39
2000-05-16	112.71
2000-05-17	302.17
2000-05-18	80.60
2000-05-19	31.21
2000-05-20	30.69
2000-05-21	30.18
2000-05-22	29.67
2000-05-23	29.18
2000-05-24	28.69
2000-05-25	179.20
2000-05-26	30.18
2000-05-27	29.68
2000-05-28	29.18
2000-05-29	103.61
2000-05-30	156.53
2000-05-31	151.02
2000-06-01	32.45
2000-06-02	33.87
2000-06-03	32.29
2000-06-04	284.07
2000-06-05	34.42
2000-06-06	33.85
2000-06-07	33.29
2000-06-08	32.73
2000-06-09	32.19
2000-06-10	31.65
2000-06-11	31.12
2000-06-12	30.60
2000-06-13	30.09
2000-06-14	29.59
2000-06-15	29.10
2000-06-16	168.70
2000-06-17	163.81
2000-06-18	32.04
2000-06-19	31.50
2000-06-20	30.98
2000-06-21	30.46
2000-06-22	29.96
2000-06-23	29.46
2000-06-24	89.26
2000-06-25	29.45
2000-06-26	138.89
2000-06-27	364.60
2000-06-28	35.14
2000-06-29	34.55
2000-06-30	33.98
2000-07-01	33.41
2000-07-02	32.85
2000-07-03	32.31
2000-07-04	31.77
2000-07-05	31.24
2000-07-06	30.72
2000-07-07	30.21
2000-07-08	29.70
2000-07-09	29.21
2000-07-10	28.72
2000-07-11	28.24
2000-07-12	29.96
2000-07-13	27.34
2000-07-14	26.89
2000-07-15	26.44
2000-07-16	26.00
2000-07-17	25.57
2000-07-18	25.14
2000-07-19	24.72
2000-07-20	24.31
2000-07-21	48.73
2000-07-22	23.91
2000-07-23	42.01
2000-07-24	91.83
2000-07-25	24.13
2000-07-26	23.72
2000-07-27	23.33
2000-07-28	22.94
2000-07-29	22.56
2000-07-30	22.18
2000-07-31	21.81
2000-08-01	21.45
2000-08-02	21.09
2000-08-03	20.74
2000-08-04	20.39
2000-08-05	20.05
2000-08-06	19.72
2000-08-07	19.39
2000-08-08	19.07
2000-08-09	18.75
2000-08-10	18.44
2000-08-11	18.13
2000-08-12	17.83
2000-08-13	17.53
2000-08-14	17.24
2000-08-15	16.95
2000-08-16	16.67
2000-08-17	16.39
2000-08-18	16.12
2000-08-19	15.85
2000-08-20	15.58
2000-08-21	15.33
2000-08-22	15.07
2000-08-23	14.82
2000-08-24	14.57
2000-08-25	14.33
2000-08-26	14.09
2000-08-27	13.86
2000-08-28	13.62
2000-08-29	13.40
2000-08-30	13.17
2000-08-31	12.95
2000-09-01	12.74
2000-09-02	12.53
2000-09-03	12.32
2000-09-04	12.11
2000-09-05	11.91
2000-09-06	11.71
2000-09-07	11.52
2000-09-08	11.32
2000-09-09	11.14
2000-09-10	10.95
2000-09-11	10.77
2000-09-12	10.59
2000-09-13	10.41
2000-09-14	10.24
2000-09-15	10.07
2000-09-16	9.90
2000-09-17	9.73
2000-09-18	9.57
2000-09-19	9.41
2000-09-20	9.26
2000-09-21	9.10
2000-09-22	8.95
2000-09-23	8.80
2000-09-24	8.65
2000-09-25	8.51
2000-09-26	8.37
2000-09-27	8.23
2000-09-28	8.09
2000-09-29	7.96
2000-09-30	7.82
2000-10-01	7.69
2000-10-02	7.57
2000-10-03	7.44
2000-10-04	7.32
2000-10-05	7.19
2000-10-06	7.07
2000-10-07	6.96
2000-10-08	6.84
2000-10-09	6.73
2000-10-10	6.61
2000-10-11	6.50
2000-10-12	6.40
2000-10-13	6.29
2000-10-14	6.18
2000-10-15	6.08
2000-10-16	5.98
2000-10-17	5.88
2000-10-18	5.78
2000-10-19	5.69
2000-10-20	5.59
2000-10-21	5.50
2000-10-22	5.41
2000-10-23	5.32
2000-10-24	5.23
2000-10-25	5.14
2000-10-26	5.05
2000-10-27	4.97
2000-10-28	4.89
2000-10-29	4.81
2000-10-30	4.73
2000-10-31	28.21
2000-11-01	4.95
2000-11-02	4.87
2000-11-03	4.79
2000-11-04	4.71
2000-11-05	4.63
2000-11-06	4.55
2000-11-07	4.47
2000-11-08	23.13
2000-11-09	328.12
2000-11-10	9.78
2000-11-11	9.60
2000-11-12	9.44
2000-11-13	9.29
2000-11-14	9.13
2000-11-15	8.98
2000-11-16	8.83
2000-11-17	8.68
2000-11-18	8.54
2000-11-19	8.40
2000-11-20	8.26
2000-11-21	8.12
2000-11-22	7.98
2000-11-23	41.99
2000-11-24	8.27
2000-11-25	8.13
2000-11-26	8.00
2000-11-27	7.86
2000-11-28	7.73
2000-11-29	7.60
2000-11-30	21.54
2000-12-01	7.58
2000-12-02	7.50
2000-12-03	105.75
2000-12-04	41.42
2000-12-05	9.17
2000-12-06	19.88
2000-12-07	201.68
2000-12-08	12.00
2000-12-09	162.95
2000-12-10	178.04
2000-12-11	16.45
2000-12-12	16.26
2000-12-13	15.91
2000-12-14	15.64
2000-12-15	41.50
2000-12-16	18.52
2000-12-17	17.02
2000-12-18	233.76
2000-12-19	18.38
2000-12-20	18.07
2000-12-21	65.51
2000-12-22	18.24
2000-12-23	222.78
2000-12-24	20.94
2000-12-25	20.59
2000-12-26	132.75
2000-12-27	529.73
2000-12-28	106.44
2000-12-29	30.30
2000-12-30	29.80
2000-12-31	29.30
2001-01-01	28.81
2001-01-02	28.33
2001-01-03	27.86
2001-01-04	27.39
2001-01-05	26.94
2001-01-06	26.49
2001-01-07	26.05
2001-01-08	25.61
2001-01-09	25.19
2001-01-10	24.77
2001-01-11	24.35
2001-01-12	23.95
2001-01-13	32.89
2001-01-14	468.91
2001-01-15	452.87
2001-01-16	36.42
2001-01-17	35.81
2001-01-18	35.21
2001-01-19	34.62
2001-01-20	36.78
2001-01-21	42.12
2001-01-22	33.10
2001-01-23	32.55
2001-01-24	32.01
2001-01-25	31.48
2001-01-26	231.64
2001-01-27	98.49
2001-01-28	34.15
2001-01-29	33.59
2001-01-30	33.03
2001-01-31	32.48
2001-02-01	31.93
2001-02-02	31.40
2001-02-03	30.88
2001-02-04	110.91
2001-02-05	31.16
2001-02-06	30.64
2001-02-07	30.13
2001-02-08	29.62
2001-02-09	29.13
2001-02-10	81.48
2001-02-11	44.97
2001-02-12	285.75
2001-02-13	297.92
2001-02-14	72.29
2001-02-15	396.21
2001-02-16	210.93
2001-02-17	144.33
2001-02-18	196.79
2001-02-19	288.51
2001-02-20	399.79
2001-02-21	319.31
2001-02-22	449.65
2001-02-23	366.10
2001-02-24	128.11
2001-02-25	74.15
2001-02-26	89.14
2001-02-27	434.65
2001-02-28	69.67
2001-03-01	184.71
2001-03-02	340.92
2001-03-03	72.46
2001-03-04	77.18
2001-03-05	72.31
2001-03-06	69.03
2001-03-07	67.88
2001-03-08	66.75
2001-03-09	65.64
2001-03-10	64.54
2001-03-11	63.47
2001-03-12	62.41
2001-03-13	61.37
2001-03-14	60.35
2001-03-15	59.34
2001-03-16	58.35
2001-03-17	157.21
2001-03-18	58.32
2001-03-19	57.13
2001-03-20	56.12
2001-03-21	55.18
2001-03-22	54.26
2001-03-23	53.88
2001-03-24	52.48
2001-03-25	91.04
2001-03-26	153.03
2001-03-27	163.49
2001-03-28	53.09
2001-03-29	52.20
2001-03-30	51.33
2001-03-31	50.48
2001-04-01	49.64
2001-04-02	48.81
2001-04-03	47.99
2001-04-04	47.19
2001-04-05	46.41
2001-04-06	45.63
2001-04-07	44.87
2001-04-08	44.13
2001-04-09	43.39
2001-04-10	42.67
2001-04-11	41.96
2001-04-12	41.26
2001-04-13	40.57
2001-04-14	39.89
2001-04-15	39.23
2001-04-16	66.88
2001-04-17	62.08
2001-04-18	38.13
2001-04-19	37.49
2001-04-20	172.58
2001-04-21	38.44
2001-04-22	37.80
2001-04-23	37.17
2001-04-24	36.55
2001-04-25	35.94
2001-04-26	35.34
2001-04-27	34.76
2001-04-28	34.18
2001-04-29	33.61
2001-04-30	33.05
2001-05-01	32.50
2001-05-02	31.95
2001-05-03	31.42
2001-05-04	30.90
2001-05-05	56.32
2001-05-06	88.48
2001-05-07	49.43
2001-05-08	30.52
2001-05-09	32.12
2001-05-10	169.22
2001-05-11	426.51
2001-05-12	40.54
2001-05-13	81.29
2001-05-14	56.68
2001-05-15	36.41
2001-05-16	400.91
2001-05-17	292.09
2001-05-18	44.45
2001-05-19	43.71
2001-05-20	42.98
2001-05-21	42.27
2001-05-22	41.56
2001-05-23	40.87
2001-05-24	40.19
2001-05-25	39.52
2001-05-26	38.86
2001-05-27	38.21
2001-05-28	37.57
2001-05-29	36.95
2001-05-30	36.33
2001-05-31	35.73
2001-06-01	229.60
2001-06-02	160.91
2001-06-03	39.04
2001-06-04	38.39
2001-06-05	37.75
2001-06-06	37.12
2001-06-07	36.50
2001-06-08	35.89
2001-06-09	60.58
2001-06-10	35.11
2001-06-11	119.02
2001-06-12	116.19
2001-06-13	36.03
2001-06-14	35.43
2001-06-15	34.84
2001-06-16	34.26
2001-06-17	33.69
2001-06-18	33.13
2001-06-19	32.57
2001-06-20	32.03
2001-06-21	31.50
2001-06-22	30.97
2001-06-23	30.46
2001-06-24	29.95
2001-06-25	29.45
2001-06-26	28.96
2001-06-27	28.48
2001-06-28	28.00
2001-06-29	27.53
2001-06-30	27.08
2001-07-01	26.62
2001-07-02	26.18
2001-07-03	25.74
2001-07-04	25.32
2001-07-05	24.89
2001-07-06	24.48
2001-07-07	24.07
2001-07-08	23.67
2001-07-09	23.27
2001-07-10	22.89
2001-07-11	22.51
2001-07-12	22.13
2001-07-13	21.76
2001-07-14	21.40
2001-07-15	21.04
2001-07-16	20.69
2001-07-17	20.35
2001-07-18	20.01
2001-07-19	19.67
2001-07-20	19.35
2001-07-21	19.02
2001-07-22	18.71
2001-07-23	18.39
2001-07-24	18.09
2001-07-25	17.79
2001-07-26	17.49
2001-07-27	17.20
2001-07-28	16.91
2001-07-29	16.63
2001-07-30	16.35
2001-07-31	16.08
2001-08-01	15.81
2001-08-02	15.55
2001-08-03	15.29
2001-08-04	15.04
2001-08-05	14.78
2001-08-06	14.54
2001-08-07	14.30
2001-08-08	14.06
2001-08-09	13.82
2001-08-10	13.59
2001-08-11	13.37
2001-08-12	13.14
2001-08-13	12.92
2001-08-14	12.71
2001-08-15	12.50
2001-08-16	12.29
2001-08-17	12.08
2001-08-18	11.88
2001-08-19	11.68
2001-08-20	11.49
2001-08-21	11.30
2001-08-22	11.11
2001-08-23	10.92
2001-08-24	10.74
2001-08-25	10.56
2001-08-26	10.39
2001-08-27	10.21
2001-08-28	10.04
2001-08-29	9.88
2001-08-30	9.71
2001-08-31	9.55
2001-09-01	9.39
2001-09-02	9.23
2001-09-03	9.08
2001-09-04	8.93
2001-09-05	8.78
2001-09-06	26.27
2001-09-07	8.77
2001-09-08	10.30
2001-09-09	8.51
2001-09-10	8.37
2001-09-11	46.63
2001-09-12	8.71
2001-09-13	8.57
2001-09-14	8.42
2001-09-15	8.28
2001-09-16	8.15
2001-09-17	8.01
2001-09-18	7.88
2001-09-19	7.75
2001-09-20	7.62
2001-09-21	7.49
2001-09-22	7.36
2001-09-23	7.24
2001-09-24	7.12
2001-09-25	23.11
2001-09-26	7.15
2001-09-27	7.03
2001-09-28	6.91
2001-09-29	6.79
2001-09-30	6.68
2001-10-01	6.57
2001-10-02	6.46
2001-10-03	6.35
2001-10-04	767.56
2001-10-05	73.37
2001-10-06	504.71
2001-10-07	810.65
2001-10-08	50.32
2001-10-09	38.25
2001-10-10	37.61
2001-10-11	36.98
2001-10-12	36.37
2001-10-13	35.76
2001-10-14	35.17
2001-10-15	34.58
2001-10-16	34.00
2001-10-17	33.44
2001-10-18	32.88
2001-10-19	32.33
2001-10-20	31.79
2001-10-21	31.26
2001-10-22	30.74
2001-10-23	30.23
2001-10-24	29.72
2001-10-25	29.23
2001-10-26	28.74
2001-10-27	28.26
2001-10-28	27.79
2001-10-29	27.33
2001-10-30	26.87
2001-10-31	26.43
2001-11-01	25.99
2001-11-02	25.55
2001-11-03	25.13
2001-11-04	24.71
2001-11-05	24.30
2001-11-06	23.89
2001-11-07	23.49
2001-11-08	23.10
2001-11-09	22.72
2001-11-10	22.34
2001-11-11	21.97
2001-11-12	21.60
2001-11-13	170.30
2001-11-14	23.29
2001-11-15	22.90
2001-11-16	22.52
2001-11-17	22.14
2001-11-18	21.77
2001-11-19	21.41
2001-11-20	21.05
2001-11-21	20.70
2001-11-22	20.36
2001-11-23	20.02
2001-11-24	19.69
2001-11-25	19.36
2001-11-26	19.03
2001-11-27	18.72
2001-11-28	18.41
2001-11-29	23.28
2001-11-30	205.02
2001-12-01	51.56
2001-12-02	325.88
2001-12-03	266.11
2001-12-04	137.24
2001-12-05	127.04
2001-12-06	62.98
2001-12-07	78.24
2001-12-08	68.97
2001-12-09	31.44
2001-12-10	31.56
2001-12-11	30.41
2001-12-12	29.91
2001-12-13	29.40
2001-12-14	28.91
2001-12-15	28.43
2001-12-16	27.96
2001-12-17	42.90
2001-12-18	50.68
2001-12-19	29.62
2001-12-20	26.79
2001-12-21	26.89
2001-12-22	26.23
2001-12-23	48.64
2001-12-24	25.44
2001-12-25	188.30
2001-12-26	27.23
2001-12-27	26.77
2001-12-28	26.33
2001-12-29	25.89
2001-12-30	25.46
2001-12-31	25.03
2002-01-01	24.62
2002-01-02	187.75
2002-01-03	38.93
2002-01-04	26.20
2002-01-05	25.76
2002-01-06	25.33
2002-01-07	24.91
2002-01-08	24.50
2002-01-09	59.92
2002-01-10	24.26
2002-01-11	23.86
2002-01-12	23.46
2002-01-13	23.10
2002-01-14	246.09
2002-01-15	25.91
2002-01-16	25.48
2002-01-17	25.05
2002-01-18	77.97
2002-01-19	25.08
2002-01-20	24.67
2002-01-21	127.01
2002-01-22	25.51
2002-01-23	25.08
2002-01-24	24.66
2002-01-25	24.25
2002-01-26	23.85
2002-01-27	26.04
2002-01-28	180.91
2002-01-29	85.64
2002-01-30	70.48
2002-01-31	51.12
2002-02-01	27.17
2002-02-02	26.02
2002-02-03	25.23
2002-02-04	24.81
2002-02-05	24.40
2002-02-06	23.99
2002-02-07	23.59
2002-02-08	23.20
2002-02-09	102.37
2002-02-10	472.76
2002-02-11	34.97
2002-02-12	30.12
2002-02-13	29.62
2002-02-14	29.12
2002-02-15	28.64
2002-02-16	28.16
2002-02-17	27.69
2002-02-18	27.23
2002-02-19	26.78
2002-02-20	26.33
2002-02-21	25.89
2002-02-22	25.46
2002-02-23	25.04
2002-02-24	29.52
2002-02-25	24.29
2002-02-26	23.88
2002-02-27	86.22
2002-02-28	24.10
2002-03-01	25.40
2002-03-02	276.73
2002-03-03	136.33
2002-03-04	28.34
2002-03-05	29.39
2002-03-06	28.09
2002-03-07	26.98
2002-03-08	37.31
2002-03-09	26.27
2002-03-10	25.83
2002-03-11	25.40
2002-03-12	24.97
2002-03-13	471.95
2002-03-14	288.33
2002-03-15	34.98
2002-03-16	34.40
2002-03-17	33.82
2002-03-18	33.26
2002-03-19	32.71
2002-03-20	32.16
2002-03-21	31.62
2002-03-22	31.10
2002-03-23	30.58
2002-03-24	118.39
2002-03-25	46.45
2002-03-26	30.72
2002-03-27	30.21
2002-03-28	29.71
2002-03-29	29.21
2002-03-30	28.73
2002-03-31	28.25
2002-04-01	27.78
2002-04-02	27.31
2002-04-03	26.86
2002-04-04	26.41
2002-04-05	25.97
2002-04-06	25.54
2002-04-07	25.11
2002-04-08	24.69
2002-04-09	24.28
2002-04-10	33.26
2002-04-11	91.83
2002-04-12	227.35
2002-04-13	444.06
2002-04-14	145.78
2002-04-15	34.72
2002-04-16	34.54
2002-04-17	33.58
2002-04-18	33.02
2002-04-19	32.47
2002-04-20	83.10
2002-04-21	32.22
2002-04-22	31.69
2002-04-23	36.23
2002-04-24	30.72
2002-04-25	30.21
2002-04-26	29.70
2002-04-27	29.21
2002-04-28	28.72
2002-04-29	28.24
2002-04-30	27.77
2002-05-01	27.31
2002-05-02	26.86
2002-05-03	26.41
2002-05-04	26.38
2002-05-05	28.13
2002-05-06	25.16
2002-05-07	24.74
2002-05-08	24.33
2002-05-09	39.15
2002-05-10	23.77
2002-05-11	23.37
2002-05-12	22.98
2002-05-13	27.56
2002-05-14	123.87
2002-05-15	23.57
2002-05-16	23.17
2002-05-17	22.79
2002-05-18	22.41
2002-05-19	22.04
2002-05-20	21.67
2002-05-21	21.31
2002-05-22	20.95
2002-05-23	20.60
2002-05-24	20.26
2002-05-25	19.92
2002-05-26	19.59
2002-05-27	19.26
2002-05-28	18.94
2002-05-29	18.63
2002-05-30	18.32
2002-05-31	106.26
2002-06-01	26.51
2002-06-02	20.79
2002-06-03	93.64
2002-06-04	21.87
2002-06-05	20.35
2002-06-06	18.95
2002-06-07	18.64
2002-06-08	18.33
2002-06-09	18.02
2002-06-10	18.26
2002-06-11	21.60
2002-06-12	83.95
2002-06-13	64.42
2002-06-14	18.45
2002-06-15	18.14
2002-06-16	17.84
2002-06-17	17.54
2002-06-18	17.25
2002-06-19	16.96
2002-06-20	16.68
2002-06-21	16.40
2002-06-22	16.13
2002-06-23	15.86
2002-06-24	15.59
2002-06-25	15.33
2002-06-26	15.08
2002-06-27	14.83
2002-06-28	14.58
2002-06-29	14.34
2002-06-30	14.10
2002-07-01	13.86
2002-07-02	13.63
2002-07-03	13.41
2002-07-04	13.18
2002-07-05	12.96
2002-07-06	12.75
2002-07-07	12.53
2002-07-08	12.32
2002-07-09	12.12
2002-07-10	11.92
2002-07-11	11.72
2002-07-12	11.52
2002-07-13	11.33
2002-07-14	11.14
2002-07-15	10.96
2002-07-16	10.77
2002-07-17	10.59
2002-07-18	10.42
2002-07-19	10.24
2002-07-20	10.07
2002-07-21	9.91
2002-07-22	9.74
2002-07-23	9.58
2002-07-24	9.42
2002-07-25	9.26
2002-07-26	9.11
2002-07-27	8.96
2002-07-28	8.81
2002-07-29	8.66
2002-07-30	8.52
2002-07-31	8.37
2002-08-01	8.23
2002-08-02	8.10
2002-08-03	7.96
2002-08-04	7.83
2002-08-05	7.70
2002-08-06	7.57
2002-08-07	7.44
2002-08-08	7.32
2002-08-09	7.20
2002-08-10	7.08
2002-08-11	6.96
2002-08-12	6.84
2002-08-13	6.73
2002-08-14	6.62
2002-08-15	6.51
2002-08-16	6.40
2002-08-17	6.29
2002-08-18	6.19
2002-08-19	6.08
2002-08-20	5.98
2002-08-21	5.88
2002-08-22	5.79
2002-08-23	5.69
2002-08-24	5.59
2002-08-25	5.50
2002-08-26	5.41
2002-08-27	5.32
2002-08-28	5.23
2002-08-29	5.14
2002-08-30	5.06
2002-08-31	4.97
2002-09-01	4.89
2002-09-02	4.81
2002-09-03	4.73
2002-09-04	4.65
2002-09-05	4.57
2002-09-06	4.50
2002-09-07	4.42
2002-09-08	4.35
2002-09-09	4.27
2002-09-10	4.20
2002-09-11	4.13
2002-09-12	4.06
2002-09-13	4.00
2002-09-14	3.93
2002-09-15	3.86
2002-09-16	3.80
2002-09-17	3.74
2002-09-18	3.67
2002-09-19	3.61
2002-09-20	3.55
2002-09-21	3.49
2002-09-22	3.44
2002-09-23	3.38
2002-09-24	3.72
2002-09-25	4.41
2002-09-26	3.24
2002-09-27	3.18
2002-09-28	3.13
2002-09-29	3.08
2002-09-30	3.03
2002-10-01	2.98
2002-10-02	2.93
2002-10-03	2.88
2002-10-04	2.83
2002-10-05	30.34
2002-10-06	5.87
2002-10-07	6.13
2002-10-08	3.17
2002-10-09	3.11
2002-10-10	3.06
2002-10-11	3.01
2002-10-12	2.96
2002-10-13	2.91
2002-10-14	2.86
2002-10-15	2.81
2002-10-16	2.77
2002-10-17	2.72
2002-10-18	2.68
2002-10-19	2.63
2002-10-20	2.59
2002-10-21	2.54
2002-10-22	2.50
2002-10-23	2.46
2002-10-24	2.42
2002-10-25	2.38
2002-10-26	2.34
2002-10-27	2.30
2002-10-28	2.26
2002-10-29	2.22
2002-10-30	2.19
2002-10-31	2.15
2002-11-01	2.11
2002-11-02	2.08
2002-11-03	2.04
2002-11-04	2.01
2002-11-05	1.98
2002-11-06	1.94
2002-11-07	1.91
2002-11-08	1.88
2002-11-09	1.85
2002-11-10	1.82
2002-11-11	1.79
2002-11-12	1.76
2002-11-13	1.73
2002-11-14	1.70
2002-11-15	1.67
2002-11-16	1.64
2002-11-17	1.62
2002-11-18	1.59
2002-11-19	23.37
2002-11-20	1.89
2002-11-21	1.86
2002-11-22	19.82
2002-11-23	2.09
2002-11-24	2.05
2002-11-25	2.02
2002-11-26	1.98
2002-11-27	1.95
2002-11-28	1.92
2002-11-29	1.89
2002-11-30	1.85
2002-12-01	1.82
2002-12-02	1.79
2002-12-03	19.07
2002-12-04	2.93
2002-12-05	1.99
2002-12-06	1.96
2002-12-07	1.93
2002-12-08	55.44
2002-12-09	2.73
2002-12-10	2.68
2002-12-11	2.64
2002-12-12	2.59
2002-12-13	2.55
2002-12-14	5.47
2002-12-15	471.19
2002-12-16	58.89
2002-12-17	10.65
2002-12-18	10.47
2002-12-19	342.37
2002-12-20	58.86
2002-12-21	20.97
2002-12-22	16.18
2002-12-23	15.48
2002-12-24	34.26
2002-12-25	16.06
2002-12-26	15.03
2002-12-27	14.78
2002-12-28	14.63
2002-12-29	14.30
2002-12-30	14.06
2002-12-31	13.82
2003-01-01	13.59
2003-01-02	13.37
2003-01-03	19.98
2003-01-04	69.10
2003-01-05	69.50
2003-01-06	14.39
2003-01-07	124.43
2003-01-08	249.50
2003-01-09	28.91
2003-01-10	19.04
2003-01-11	18.72
2003-01-12	18.41
2003-01-13	18.10
2003-01-14	17.80
2003-01-15	17.50
2003-01-16	17.21
2003-01-17	78.91
2003-01-18	277.66
2003-01-19	21.54
2003-01-20	21.18
2003-01-21	21.86
2003-01-22	94.02
2003-01-23	21.34
2003-01-24	20.98
2003-01-25	20.63
2003-01-26	20.29
2003-01-27	19.95
2003-01-28	19.62
2003-01-29	19.29
2003-01-30	18.97
2003-01-31	18.66
2003-02-01	312.88
2003-02-02	22.79
2003-02-03	22.41
2003-02-04	22.03
2003-02-05	73.87
2003-02-06	95.15
2003-02-07	22.95
2003-02-08	22.82
2003-02-09	40.74
2003-02-10	59.31
2003-02-11	22.36
2003-02-12	21.99
2003-02-13	323.01
2003-02-14	78.12
2003-02-15	26.52
2003-02-16	37.32
2003-02-17	25.83
2003-02-18	25.39
2003-02-19	24.97
2003-02-20	60.57
2003-02-21	366.31
2003-02-22	201.97
2003-02-23	32.10
2003-02-24	33.56
2003-02-25	143.29
2003-02-26	39.76
2003-02-27	228.30
2003-02-28	34.57
2003-03-01	34.00
2003-03-02	33.43
2003-03-03	32.87
2003-03-04	156.53
2003-03-05	33.79
2003-03-06	33.23
2003-03-07	33.79
2003-03-08	101.20
2003-03-09	82.46
2003-03-10	32.98
2003-03-11	32.43
2003-03-12	219.21
2003-03-13	174.41
2003-03-14	36.06
2003-03-15	35.46
2003-03-16	34.87
2003-03-17	34.29
2003-03-18	46.55
2003-03-19	33.36
2003-03-20	73.09
2003-03-21	32.91
2003-03-22	32.36
2003-03-23	80.33
2003-03-24	32.07
2003-03-25	228.44
2003-03-26	34.32
2003-03-27	33.62
2003-03-28	320.94
2003-03-29	140.65
2003-03-30	43.75
2003-03-31	52.43
2003-04-01	37.26
2003-04-02	36.64
2003-04-03	41.34
2003-04-04	35.51
2003-04-05	34.92
2003-04-06	34.34
2003-04-07	33.77
2003-04-08	33.21
2003-04-09	32.65
2003-04-10	32.11
2003-04-11	31.57
2003-04-12	31.05
2003-04-13	30.53
2003-04-14	30.02
2003-04-15	30.09
2003-04-16	29.04
2003-04-17	139.03
2003-04-18	29.86
2003-04-19	29.36
2003-04-20	28.87
2003-04-21	28.39
2003-04-22	27.92
2003-04-23	27.45
2003-04-24	26.99
2003-04-25	26.54
2003-04-26	26.10
2003-04-27	25.67
2003-04-28	25.24
2003-04-29	24.82
2003-04-30	24.40
2003-05-01	24.00
2003-05-02	23.60
2003-05-03	23.20
2003-05-04	22.82
2003-05-05	22.44
2003-05-06	22.06
2003-05-07	21.70
2003-05-08	21.33
2003-05-09	20.98
2003-05-10	20.63
2003-05-11	20.29
2003-05-12	19.95
2003-05-13	19.61
2003-05-14	19.29
2003-05-15	18.97
2003-05-16	18.65
2003-05-17	18.34
2003-05-18	18.03
2003-05-19	17.73
2003-05-20	17.44
2003-05-21	17.15
2003-05-22	16.86
2003-05-23	16.58
2003-05-24	16.30
2003-05-25	16.03
2003-05-26	15.77
2003-05-27	15.50
2003-05-28	55.78
2003-05-29	15.64
2003-05-30	15.38
2003-05-31	15.13
2003-06-01	14.87
2003-06-02	14.63
2003-06-03	14.38
2003-06-04	14.14
2003-06-05	13.91
2003-06-06	13.68
2003-06-07	13.45
2003-06-08	13.22
2003-06-09	13.00
2003-06-10	12.79
2003-06-11	12.57
2003-06-12	12.36
2003-06-13	12.16
2003-06-14	11.95
2003-06-15	11.76
2003-06-16	11.56
2003-06-17	11.37
2003-06-18	11.18
2003-06-19	10.99
2003-06-20	10.81
2003-06-21	10.63
2003-06-22	10.45
2003-06-23	10.28
2003-06-24	10.11
2003-06-25	9.94
2003-06-26	9.77
2003-06-27	9.61
2003-06-28	9.45
2003-06-29	9.29
2003-06-30	9.14
2003-07-01	8.98
2003-07-02	8.83
2003-07-03	8.69
2003-07-04	8.54
2003-07-05	8.40
2003-07-06	8.26
2003-07-07	8.12
2003-07-08	7.99
2003-07-09	7.85
2003-07-10	7.72
2003-07-11	7.59
2003-07-12	7.47
2003-07-13	7.34
2003-07-14	7.22
2003-07-15	7.10
2003-07-16	6.98
2003-07-17	6.87
2003-07-18	6.75
2003-07-19	6.64
2003-07-20	6.53
2003-07-21	6.42
2003-07-22	6.31
2003-07-23	6.21
2003-07-24	6.10
2003-07-25	6.00
2003-07-26	5.90
2003-07-27	5.80
2003-07-28	5.71
2003-07-29	5.61
2003-07-30	5.52
2003-07-31	5.43
2003-08-01	5.34
2003-08-02	5.25
2003-08-03	5.16
2003-08-04	5.07
2003-08-05	4.99
2003-08-06	4.91
2003-08-07	4.82
2003-08-08	4.74
2003-08-09	4.66
2003-08-10	4.59
2003-08-11	4.51
2003-08-12	4.43
2003-08-13	4.36
2003-08-14	4.29
2003-08-15	4.22
2003-08-16	4.15
2003-08-17	4.08
2003-08-18	4.01
2003-08-19	3.94
2003-08-20	3.88
2003-08-21	3.81
2003-08-22	3.75
2003-08-23	3.69
2003-08-24	3.62
2003-08-25	3.56
2003-08-26	3.51
2003-08-27	3.45
2003-08-28	3.39
2003-08-29	3.33
2003-08-30	3.28
2003-08-31	3.22
2003-09-01	3.17
2003-09-02	3.12
2003-09-03	3.06
2003-09-04	3.01
2003-09-05	2.96
2003-09-06	2.91
2003-09-07	2.86
2003-09-08	2.82
2003-09-09	2.77
2003-09-10	2.72
2003-09-11	2.68
2003-09-12	2.63
2003-09-13	2.59
2003-09-14	2.55
2003-09-15	2.50
2003-09-16	2.46
2003-09-17	2.42
2003-09-18	2.38
2003-09-19	2.34
2003-09-20	2.30
2003-09-21	2.26
2003-09-22	2.23
2003-09-23	2.19
2003-09-24	2.15
2003-09-25	2.12
2003-09-26	2.08
2003-09-27	2.05
2003-09-28	2.01
2003-09-29	1.98
2003-09-30	1.95
2003-10-01	1.91
2003-10-02	1.88
2003-10-03	1.85
2003-10-04	1.82
2003-10-05	1.79
2003-10-06	1.76
2003-10-07	1.73
2003-10-08	1.70
2003-10-09	1.67
2003-10-10	1.65
2003-10-11	1.62
2003-10-12	1.59
2003-10-13	1.56
2003-10-14	1.54
2003-10-15	1.51
2003-10-16	1.49
2003-10-17	1.46
2003-10-18	1.44
2003-10-19	1.41
2003-10-20	1.39
2003-10-21	1.37
2003-10-22	1.34
2003-10-23	1.32
2003-10-24	1.30
2003-10-25	1.28
2003-10-26	1.26
2003-10-27	1.24
2003-10-28	1.22
2003-10-29	1.20
2003-10-30	1.18
2003-10-31	1.16
2003-11-01	1.14
2003-11-02	1.12
2003-11-03	1.10
2003-11-04	1.08
2003-11-05	1.06
2003-11-06	1.05
2003-11-07	1.03
2003-11-08	1.01
2003-11-09	0.99
2003-11-10	0.98
2003-11-11	0.96
2003-11-12	0.94
2003-11-13	0.93
2003-11-14	0.91
2003-11-15	0.90
2003-11-16	0.88
2003-11-17	0.87
2003-11-18	0.85
2003-11-19	0.84
2003-11-20	0.83
2003-11-21	0.81
2003-11-22	0.80
2003-11-23	0.79
2003-11-24	0.77
2003-11-25	0.76
2003-11-26	0.75
2003-11-27	0.73
2003-11-28	0.72
2003-11-29	0.71
2003-11-30	0.70
2003-12-01	0.69
2003-12-02	0.68
2003-12-03	5.25
2003-12-04	34.71
2003-12-05	1.26
2003-12-06	1.24
2003-12-07	1.22
2003-12-08	1.20
2003-12-09	1.18
2003-12-10	1.16
2003-12-11	1.14
2003-12-12	31.43
2003-12-13	140.84
2003-12-14	104.04
2003-12-15	5.36
2003-12-16	14.70
2003-12-17	5.34
2003-12-18	5.25
2003-12-19	204.74
2003-12-20	50.32
2003-12-21	8.83
2003-12-22	8.68
2003-12-23	8.54
2003-12-24	8.40
2003-12-25	8.26
2003-12-26	347.03
2003-12-27	204.91
2003-12-28	16.31
2003-12-29	79.03
2003-12-30	138.05
2003-12-31	186.64
2004-01-01	446.30
2004-01-02	371.68
2004-01-03	32.47
2004-01-04	31.93
2004-01-05	31.40
2004-01-06	30.87
2004-01-07	30.36
2004-01-08	29.85
2004-01-09	29.35
2004-01-10	28.87
2004-01-11	66.20
2004-01-12	28.52
2004-01-13	28.05
2004-01-14	27.58
2004-01-15	27.12
2004-01-16	26.67
2004-01-17	26.22
2004-01-18	25.78
2004-01-19	25.36
2004-01-20	24.93
2004-01-21	24.52
2004-01-22	24.11
2004-01-23	23.71
2004-01-24	23.31
2004-01-25	22.92
2004-01-26	22.54
2004-01-27	22.17
2004-01-28	21.80
2004-01-29	137.66
2004-01-30	132.16
2004-01-31	31.80
2004-02-01	24.04
2004-02-02	25.13
2004-02-03	23.27
2004-02-04	22.88
2004-02-05	220.52
2004-02-06	284.81
2004-02-07	120.27
2004-02-08	225.18
2004-02-09	32.71
2004-02-10	32.16
2004-02-11	32.52
2004-02-12	111.07
2004-02-13	158.24
2004-02-14	33.39
2004-02-15	32.83
2004-02-16	32.29
2004-02-17	91.40
2004-02-18	46.33
2004-02-19	31.87
2004-02-20	31.34
2004-02-21	183.02
2004-02-22	589.01
2004-02-23	41.18
2004-02-24	40.49
2004-02-25	39.82
2004-02-26	39.16
2004-02-27	265.60
2004-02-28	501.01
2004-02-29	48.24
2004-03-01	47.43
2004-03-02	46.64
2004-03-03	45.87
2004-03-04	80.69
2004-03-05	44.92
2004-03-06	44.17
2004-03-07	43.44
2004-03-08	42.71
2004-03-09	42.00
2004-03-10	163.30
2004-03-11	59.32
2004-03-12	42.14
2004-03-13	41.44
2004-03-14	40.75
2004-03-15	112.34
2004-03-16	40.57
2004-03-17	80.14
2004-03-18	39.87
2004-03-19	39.21
2004-03-20	38.56
2004-03-21	37.91
2004-03-22	340.56
2004-03-23	70.12
2004-03-24	41.32
2004-03-25	45.53
2004-03-26	40.03
2004-03-27	39.36
2004-03-28	38.71
2004-03-29	38.06
2004-03-30	37.43
2004-03-31	36.80
2004-04-01	36.19
2004-04-02	35.59
2004-04-03	34.99
2004-04-04	34.41
2004-04-05	271.14
2004-04-06	37.10
2004-04-07	36.48
2004-04-08	35.87
2004-04-09	136.98
2004-04-10	36.33
2004-04-11	37.32
2004-04-12	35.15
2004-04-13	34.57
2004-04-14	66.88
2004-04-15	35.63
2004-04-16	252.99
2004-04-17	53.00
2004-04-18	36.06
2004-04-19	156.76
2004-04-20	222.54
2004-04-21	39.20
2004-04-22	109.93
2004-04-23	39.06
2004-04-24	38.41
2004-04-25	37.77
2004-04-26	37.14
2004-04-27	36.52
2004-04-28	330.72
2004-04-29	930.83
2004-04-30	66.44
2004-05-01	209.94
2004-05-02	160.85
2004-05-03	129.65
2004-05-04	55.78
2004-05-05	54.85
2004-05-06	165.86
2004-05-07	54.84
2004-05-08	53.92
2004-05-09	53.03
2004-05-10	305.70
2004-05-11	150.15
2004-05-12	63.30
2004-05-13	55.15
2004-05-14	54.23
2004-05-15	53.33
2004-05-16	52.44
2004-05-17	51.57
2004-05-18	50.71
2004-05-19	49.86
2004-05-20	49.03
2004-05-21	48.21
2004-05-22	47.41
2004-05-23	46.62
2004-05-24	45.84
2004-05-25	45.08
2004-05-26	44.33
2004-05-27	43.59
2004-05-28	43.80
2004-05-29	47.80
2004-05-30	103.14
2004-05-31	205.61
2004-06-01	43.79
2004-06-02	162.32
2004-06-03	124.67
2004-06-04	307.03
2004-06-05	229.02
2004-06-06	85.33
2004-06-07	50.14
2004-06-08	49.30
2004-06-09	149.33
2004-06-10	66.99
2004-06-11	48.76
2004-06-12	47.95
2004-06-13	47.15
2004-06-14	46.36
2004-06-15	45.59
2004-06-16	44.83
2004-06-17	44.08
2004-06-18	43.35
2004-06-19	42.63
2004-06-20	41.92
2004-06-21	41.22
2004-06-22	40.53
2004-06-23	39.85
2004-06-24	39.19
2004-06-25	38.54
2004-06-26	37.89
2004-06-27	37.26
2004-06-28	36.64
2004-06-29	78.40
2004-06-30	351.84
2004-07-01	113.01
2004-07-02	41.09
2004-07-03	40.41
2004-07-04	233.99
2004-07-05	46.60
2004-07-06	41.57
2004-07-07	40.88
2004-07-08	40.20
2004-07-09	39.53
2004-07-10	38.87
2004-07-11	38.22
2004-07-12	37.58
2004-07-13	36.96
2004-07-14	36.34
2004-07-15	35.73
2004-07-16	35.14
2004-07-17	34.55
2004-07-18	33.98
2004-07-19	33.41
2004-07-20	32.85
2004-07-21	32.31
2004-07-22	31.77
2004-07-23	31.24
2004-07-24	30.72
2004-07-25	30.32
2004-07-26	41.87
2004-07-27	40.68
2004-07-28	32.90
2004-07-29	28.67
2004-07-30	28.20
2004-07-31	27.73
2004-08-01	27.26
2004-08-02	26.81
2004-08-03	26.36
2004-08-04	25.92
2004-08-05	25.49
2004-08-06	25.07
2004-08-07	24.65
2004-08-08	24.24
2004-08-09	23.83
2004-08-10	23.44
2004-08-11	23.05
2004-08-12	22.66
2004-08-13	22.28
2004-08-14	21.91
2004-08-15	21.55
2004-08-16	21.19
2004-08-17	20.84
2004-08-18	20.49
2004-08-19	20.15
2004-08-20	19.81
2004-08-21	19.48
2004-08-22	19.16
2004-08-23	18.84
2004-08-24	18.52
2004-08-25	18.21
2004-08-26	17.91
2004-08-27	17.61
2004-08-28	17.32
2004-08-29	17.03
2004-08-30	16.75
2004-08-31	16.47
2004-09-01	16.19
2004-09-02	15.92
2004-09-03	15.66
2004-09-04	15.40
2004-09-05	15.14
2004-09-06	14.89
2004-09-07	14.64
2004-09-08	14.40
2004-09-09	14.16
2004-09-10	13.92
2004-09-11	13.69
2004-09-12	13.46
2004-09-13	13.23
2004-09-14	13.01
2004-09-15	12.80
2004-09-16	12.58
2004-09-17	12.37
2004-09-18	12.17
2004-09-19	11.97
2004-09-20	11.77
2004-09-21	11.57
2004-09-22	11.38
2004-09-23	11.19
2004-09-24	11.00
2004-09-25	10.82
2004-09-26	10.64
2004-09-27	10.46
2004-09-28	10.29
2004-09-29	10.11
2004-09-30	9.95
2004-10-01	9.78
2004-10-02	9.62
2004-10-03	9.46
2004-10-04	9.30
2004-10-05	9.14
2004-10-06	8.99
2004-10-07	8.84
2004-10-08	8.69
2004-10-09	8.55
2004-10-10	8.41
2004-10-11	8.27
2004-10-12	8.13
2004-10-13	7.99
2004-10-14	7.86
2004-10-15	7.73
2004-10-16	7.60
2004-10-17	7.47
2004-10-18	7.35
2004-10-19	7.23
2004-10-20	7.11
2004-10-21	6.99
2004-10-22	6.87
2004-10-23	6.76
2004-10-24	6.64
2004-10-25	6.53
2004-10-26	6.42
2004-10-27	6.32
2004-10-28	6.21
2004-10-29	6.11
2004-10-30	6.01
2004-10-31	5.91
2004-11-01	5.81
2004-11-02	5.71
2004-11-03	5.62
2004-11-04	5.52
2004-11-05	5.43
2004-11-06	5.34
2004-11-07	5.25
2004-11-08	5.16
2004-11-09	5.08
2004-11-10	4.99
2004-11-11	4.91
2004-11-12	4.83
2004-11-13	4.75
2004-11-14	4.67
2004-11-15	4.59
2004-11-16	4.51
2004-11-17	4.44
2004-11-18	4.36
2004-11-19	4.29
2004-11-20	4.22
2004-11-21	4.15
2004-11-22	4.08
2004-11-23	4.01
2004-11-24	3.95
2004-11-25	3.88
2004-11-26	3.82
2004-11-27	3.75
2004-11-28	3.69
2004-11-29	3.63
2004-11-30	3.57
2004-12-01	3.51
2004-12-02	3.45
2004-12-03	3.39
2004-12-04	3.34
2004-12-05	3.28
2004-12-06	3.23
2004-12-07	3.17
2004-12-08	3.12
2004-12-09	3.07
2004-12-10	3.02
2004-12-11	2.97
2004-12-12	2.92
2004-12-13	2.87
2004-12-14	2.82
2004-12-15	2.77
2004-12-16	2.73
2004-12-17	2.68
2004-12-18	2.64
2004-12-19	2.59
2004-12-20	2.55
2004-12-21	2.51
2004-12-22	5.16
2004-12-23	2.47
2004-12-24	2.43
2004-12-25	2.39
2004-12-26	2.35
2004-12-27	2.31
2004-12-28	2.27
2004-12-29	2.23
2004-12-30	2.19
2004-12-31	2.16
2005-01-01	2.12
2005-01-02	2.09
2005-01-03	10.28
2005-01-04	2.15
2005-01-05	2.11
2005-01-06	2.08
2005-01-07	2.04
2005-01-08	2.01
2005-01-09	1.98
2005-01-10	1.94
2005-01-11	2.61
2005-01-12	19.38
2005-01-13	21.45
2005-01-14	9.09
2005-01-15	4.43
2005-01-16	19.03
2005-01-17	31.21
2005-01-18	3.11
2005-01-19	3.06
2005-01-20	3.01
2005-01-21	2.96
2005-01-22	2.91
2005-01-23	47.15
2005-01-24	317.48
2005-01-25	8.53
2005-01-26	8.39
2005-01-27	145.80
2005-01-28	108.39
2005-01-29	11.74
2005-01-30	11.54
2005-01-31	11.35
2005-02-01	11.16
2005-02-02	10.97
2005-02-03	10.79
2005-02-04	19.83
2005-02-05	10.58
2005-02-06	218.04
2005-02-07	13.58
2005-02-08	55.36
2005-02-09	162.89
2005-02-10	15.98
2005-02-11	15.72
2005-02-12	271.07
2005-02-13	20.02
2005-02-14	20.73
2005-02-15	18.72
2005-02-16	94.40
2005-02-17	29.46
2005-02-18	19.17
2005-02-19	18.85
2005-02-20	18.53
2005-02-21	18.22
2005-02-22	17.92
2005-02-23	17.62
2005-02-24	17.33
2005-02-25	17.04
2005-02-26	98.98
2005-02-27	40.76
2005-02-28	17.87
2005-03-01	17.58
2005-03-02	57.64
2005-03-03	19.40
2005-03-04	17.38
2005-03-05	17.09
2005-03-06	439.65
2005-03-07	23.34
2005-03-08	22.95
2005-03-09	22.57
2005-03-10	22.19
2005-03-11	21.82
2005-03-12	21.46
2005-03-13	21.10
2005-03-14	23.40
2005-03-15	35.50
2005-03-16	37.41
2005-03-17	77.78
2005-03-18	60.19
2005-03-19	754.92
2005-03-20	529.16
2005-03-21	40.10
2005-03-22	39.43
2005-03-23	40.51
2005-03-24	38.15
2005-03-25	37.52
2005-03-26	37.63
2005-03-27	40.83
2005-03-28	35.76
2005-03-29	35.16
2005-03-30	34.57
2005-03-31	34.00
2005-04-01	33.43
2005-04-02	32.87
2005-04-03	32.33
2005-04-04	31.79
2005-04-05	31.26
2005-04-06	30.74
2005-04-07	30.22
2005-04-08	29.72
2005-04-09	29.23
2005-04-10	28.74
2005-04-11	28.26
2005-04-12	27.79
2005-04-13	27.33
2005-04-14	26.87
2005-04-15	26.42
2005-04-16	25.98
2005-04-17	25.55
2005-04-18	25.12
2005-04-19	24.70
2005-04-20	24.29
2005-04-21	23.89
2005-04-22	23.49
2005-04-23	23.10
2005-04-24	22.71
2005-04-25	22.33
2005-04-26	21.96
2005-04-27	21.60
2005-04-28	74.21
2005-04-29	21.74
2005-04-30	21.37
2005-05-01	21.02
2005-05-02	20.67
2005-05-03	20.32
2005-05-04	19.98
2005-05-05	21.09
2005-05-06	20.17
2005-05-07	40.51
2005-05-08	19.07
2005-05-09	18.75
2005-05-10	84.36
2005-05-11	19.19
2005-05-12	20.42
2005-05-13	18.58
2005-05-14	18.27
2005-05-15	18.00
2005-05-16	17.67
2005-05-17	17.37
2005-05-18	17.08
2005-05-19	16.80
2005-05-20	16.52
2005-05-21	16.24
2005-05-22	15.97
2005-05-23	15.71
2005-05-24	15.45
2005-05-25	15.19
2005-05-26	14.94
2005-05-27	14.69
2005-05-28	14.44
2005-05-29	14.20
2005-05-30	14.35
2005-05-31	13.74
2005-06-01	13.51
2005-06-02	13.28
2005-06-03	13.06
2005-06-04	12.84
2005-06-05	12.63
2005-06-06	12.42
2005-06-07	12.21
2005-06-08	12.01
2005-06-09	11.81
2005-06-10	11.61
2005-06-11	11.42
2005-06-12	11.23
2005-06-13	11.04
2005-06-14	10.86
2005-06-15	10.68
2005-06-16	10.50
2005-06-17	10.32
2005-06-18	10.15
2005-06-19	9.98
2005-06-20	9.82
2005-06-21	9.65
2005-06-22	9.49
2005-06-23	9.33
2005-06-24	9.18
2005-06-25	9.02
2005-06-26	8.87
2005-06-27	8.73
2005-06-28	8.58
2005-06-29	8.44
2005-06-30	8.30
2005-07-01	8.16
2005-07-02	8.02
2005-07-03	7.89
2005-07-04	7.76
2005-07-05	7.63
2005-07-06	7.50
2005-07-07	7.38
2005-07-08	7.25
2005-07-09	7.13
2005-07-10	7.01
2005-07-11	6.90
2005-07-12	6.78
2005-07-13	6.67
2005-07-14	6.56
2005-07-15	6.45
2005-07-16	6.34
2005-07-17	6.24
2005-07-18	6.13
2005-07-19	6.03
2005-07-20	5.93
2005-07-21	5.83
2005-07-22	5.73
2005-07-23	5.64
2005-07-24	5.54
2005-07-25	5.45
2005-07-26	19.70
2005-07-27	33.18
2005-07-28	5.86
2005-07-29	13.31
2005-07-30	18.83
2005-07-31	14.12
2005-08-01	10.12
2005-08-02	52.92
2005-08-03	233.21
2005-08-04	10.11
2005-08-05	9.94
2005-08-06	9.77
2005-08-07	9.61
2005-08-08	12.85
2005-08-09	13.46
2005-08-10	9.26
2005-08-11	9.10
2005-08-12	8.95
2005-08-13	8.80
2005-08-14	8.65
2005-08-15	8.51
2005-08-16	8.37
2005-08-17	8.91
2005-08-18	8.10
2005-08-19	7.97
2005-08-20	7.83
2005-08-21	7.70
2005-08-22	7.58
2005-08-23	7.45
2005-08-24	9.44
2005-08-25	7.24
2005-08-26	7.12
2005-08-27	7.00
2005-08-28	6.88
2005-08-29	6.77
2005-08-30	6.65
2005-08-31	6.54
2005-09-01	6.43
2005-09-02	6.33
2005-09-03	6.22
2005-09-04	6.12
2005-09-05	6.02
2005-09-06	5.92
2005-09-07	5.82
2005-09-08	5.72
2005-09-09	5.62
2005-09-10	5.53
2005-09-11	5.44
2005-09-12	5.35
2005-09-13	5.26
2005-09-14	5.17
2005-09-15	5.08
2005-09-16	5.00
2005-09-17	4.92
2005-09-18	4.83
2005-09-19	4.75
2005-09-20	4.68
2005-09-21	4.60
2005-09-22	4.52
2005-09-23	4.45
2005-09-24	4.37
2005-09-25	4.30
2005-09-26	4.23
2005-09-27	4.16
2005-09-28	4.09
2005-09-29	4.02
2005-09-30	3.95
2005-10-01	3.89
2005-10-02	3.82
2005-10-03	3.76
2005-10-04	3.69
2005-10-05	3.63
2005-10-06	3.57
2005-10-07	3.51
2005-10-08	3.45
2005-10-09	3.40
2005-10-10	3.34
2005-10-11	3.28
2005-10-12	3.23
2005-10-13	3.18
2005-10-14	3.12
2005-10-15	7.18
2005-10-16	3.09
2005-10-17	3.03
2005-10-18	2.98
2005-10-19	2.93
2005-10-20	2.89
2005-10-21	2.84
2005-10-22	2.79
2005-10-23	2.74
2005-10-24	2.70
2005-10-25	2.65
2005-10-26	2.61
2005-10-27	2.57
2005-10-28	16.97
2005-10-29	2.71
2005-10-30	2.67
2005-10-31	2.62
2005-11-01	2.58
2005-11-02	2.54
2005-11-03	2.49
2005-11-04	2.45
2005-11-05	2.41
2005-11-06	5.02
2005-11-07	2.38
2005-11-08	2.63
2005-11-09	13.14
2005-11-10	2.44
2005-11-11	2.40
2005-11-12	2.36
2005-11-13	2.32
2005-11-14	2.28
2005-11-15	2.24
2005-11-16	23.86
2005-11-17	2.52
2005-11-18	2.47
2005-11-19	2.43
2005-11-20	5.09
2005-11-21	2.40
2005-11-22	2.36
2005-11-23	2.32
2005-11-24	2.28
2005-11-25	2.24
2005-11-26	2.20
2005-11-27	2.17
2005-11-28	2.13
2005-11-29	33.66
2005-11-30	196.49
2005-12-01	5.65
2005-12-02	5.56
2005-12-03	168.82
2005-12-04	656.18
2005-12-05	18.32
2005-12-06	18.02
2005-12-07	22.05
2005-12-08	17.49
2005-12-09	17.62
2005-12-10	16.92
2005-12-11	16.64
2005-12-12	16.36
2005-12-13	16.09
2005-12-14	15.82
2005-12-15	15.56
2005-12-16	15.30
2005-12-17	15.04
2005-12-18	266.42
2005-12-19	566.08
2005-12-20	43.48
2005-12-21	26.93
2005-12-22	26.48
2005-12-23	46.63
2005-12-24	25.94
2005-12-25	294.07
2005-12-26	369.41
2005-12-27	34.40
2005-12-28	33.83
2005-12-29	33.26
2005-12-30	32.71
2005-12-31	32.16
2006-01-01	31.63
2006-01-02	31.10
2006-01-03	30.58
2006-01-04	30.07
2006-01-05	108.32
2006-01-06	144.08
2006-01-07	31.67
2006-01-08	31.15
2006-01-09	30.63
2006-01-10	30.12
2006-01-11	74.56
2006-01-12	392.77
2006-01-13	36.73
2006-01-14	34.64
2006-01-15	34.06
2006-01-16	33.49
2006-01-17	32.93
2006-01-18	32.38
2006-01-19	31.85
2006-01-20	42.94
2006-01-21	30.98
2006-01-22	30.46
2006-01-23	82.80
2006-01-24	72.42
2006-01-25	30.48
2006-01-26	29.97
2006-01-27	232.42
2006-01-28	448.71
2006-01-29	39.20
2006-01-30	37.84
2006-01-31	37.48
2006-02-01	36.56
2006-02-02	35.95
2006-02-03	35.35
2006-02-04	34.76
2006-02-05	34.18
2006-02-06	33.61
2006-02-07	33.05
2006-02-08	32.50
2006-02-09	31.96
2006-02-10	31.43
2006-02-11	30.90
2006-02-12	30.39
2006-02-13	29.88
2006-02-14	29.38
2006-02-15	28.89
2006-02-16	28.41
2006-02-17	27.94
2006-02-18	27.47
2006-02-19	27.01
2006-02-20	73.27
2006-02-21	46.33
2006-02-22	26.75
2006-02-23	28.10
2006-02-24	25.89
2006-02-25	283.61
2006-02-26	499.15
2006-02-27	680.47
2006-02-28	51.89
2006-03-01	45.39
2006-03-02	44.63
2006-03-03	43.89
2006-03-04	343.31
2006-03-05	47.27
2006-03-06	46.49
2006-03-07	45.71
2006-03-08	202.20
2006-03-09	216.33
2006-03-10	76.26
2006-03-11	62.25
2006-03-12	727.28
2006-03-13	166.55
2006-03-14	225.48
2006-03-15	215.08
2006-03-16	68.52
2006-03-17	60.96
2006-03-18	59.94
2006-03-19	58.95
2006-03-20	243.83
2006-03-21	59.99
2006-03-22	58.99
2006-03-23	58.01
2006-03-24	57.04
2006-03-25	57.35
2006-03-26	115.78
2006-03-27	55.24
2006-03-28	54.31
2006-03-29	53.54
2006-03-30	86.39
2006-03-31	52.19
2006-04-01	51.32
2006-04-02	106.34
2006-04-03	68.45
2006-04-04	49.97
2006-04-05	49.14
2006-04-06	48.32
2006-04-07	47.52
2006-04-08	46.76
2006-04-09	257.54
2006-04-10	168.12
2006-04-11	81.70
2006-04-12	79.42
2006-04-13	57.04
2006-04-14	48.37
2006-04-15	106.20
2006-04-16	457.93
2006-04-17	54.26
2006-04-18	52.65
2006-04-19	51.77
2006-04-20	50.91
2006-04-21	50.06
2006-04-22	49.23
2006-04-23	48.41
2006-04-24	81.23
2006-04-25	47.35
2006-04-26	52.73
2006-04-27	45.88
2006-04-28	45.12
2006-04-29	44.37
2006-04-30	43.63
2006-05-01	42.90
2006-05-02	42.19
2006-05-03	41.48
2006-05-04	40.79
2006-05-05	40.11
2006-05-06	39.44
2006-05-07	38.78
2006-05-08	38.14
2006-05-09	37.50
2006-05-10	36.88
2006-05-11	36.26
2006-05-12	36.02
2006-05-13	179.45
2006-05-14	36.81
2006-05-15	36.20
2006-05-16	35.60
2006-05-17	255.43
2006-05-18	37.97
2006-05-19	37.34
2006-05-20	36.72
2006-05-21	36.11
2006-05-22	35.50
2006-05-23	34.91
2006-05-24	34.33
2006-05-25	33.76
2006-05-26	33.20
2006-05-27	32.64
2006-05-28	32.10
2006-05-29	32.16
2006-05-30	33.58
2006-05-31	30.57
2006-06-01	30.06
2006-06-02	29.56
2006-06-03	29.07
2006-06-04	28.58
2006-06-05	28.11
2006-06-06	27.64
2006-06-07	27.18
2006-06-08	74.89
2006-06-09	115.04
2006-06-10	158.49
2006-06-11	350.21
2006-06-12	84.71
2006-06-13	34.57
2006-06-14	34.00
2006-06-15	33.43
2006-06-16	32.87
2006-06-17	32.32
2006-06-18	31.79
2006-06-19	31.26
2006-06-20	30.73
2006-06-21	30.22
2006-06-22	29.72
2006-06-23	29.22
2006-06-24	28.74
2006-06-25	28.26
2006-06-26	27.79
2006-06-27	27.32
2006-06-28	26.87
2006-06-29	26.42
2006-06-30	25.98
2006-07-01	25.55
2006-07-02	25.12
2006-07-03	24.70
2006-07-04	24.29
2006-07-05	23.89
2006-07-06	23.49
2006-07-07	23.10
2006-07-08	22.71
2006-07-09	22.33
2006-07-10	21.96
2006-07-11	21.59
2006-07-12	21.23
2006-07-13	20.88
2006-07-14	20.53
2006-07-15	20.19
2006-07-16	19.85
2006-07-17	19.52
2006-07-18	19.20
2006-07-19	18.88
2006-07-20	18.56
2006-07-21	18.25
2006-07-22	17.95
2006-07-23	17.65
2006-07-24	17.36
2006-07-25	17.07
2006-07-26	16.78
2006-07-27	16.50
2006-07-28	16.23
2006-07-29	15.96
2006-07-30	15.69
2006-07-31	15.43
2006-08-01	15.17
2006-08-02	14.92
2006-08-03	14.67
2006-08-04	14.43
2006-08-05	14.19
2006-08-06	13.95
2006-08-07	13.72
2006-08-08	13.49
2006-08-09	13.26
2006-08-10	13.04
2006-08-11	12.83
2006-08-12	12.61
2006-08-13	12.40
2006-08-14	12.19
2006-08-15	11.99
2006-08-16	11.79
2006-08-17	11.59
2006-08-18	11.40
2006-08-19	11.21
2006-08-20	11.02
2006-08-21	10.84
2006-08-22	10.66
2006-08-23	10.48
2006-08-24	10.31
2006-08-25	10.14
2006-08-26	9.97
2006-08-27	9.80
2006-08-28	9.64
2006-08-29	9.48
2006-08-30	9.32
2006-08-31	9.16
2006-09-01	9.01
2006-09-02	8.86
2006-09-03	8.71
2006-09-04	8.57
2006-09-05	8.43
2006-09-06	8.28
2006-09-07	8.15
2006-09-08	8.01
2006-09-09	7.88
2006-09-10	7.75
2006-09-11	7.62
2006-09-12	7.49
2006-09-13	7.37
2006-09-14	7.24
2006-09-15	7.12
2006-09-16	7.00
2006-09-17	6.89
2006-09-18	6.77
2006-09-19	6.66
2006-09-20	6.55
2006-09-21	6.44
2006-09-22	6.33
2006-09-23	6.23
2006-09-24	6.12
2006-09-25	6.02
2006-09-26	5.92
2006-09-27	5.82
2006-09-28	5.72
2006-09-29	5.63
2006-09-30	5.53
2006-10-01	5.44
2006-10-02	5.35
2006-10-03	5.26
2006-10-04	5.17
2006-10-05	5.09
2006-10-06	5.00
2006-10-07	4.92
2006-10-08	4.84
2006-10-09	4.76
2006-10-10	4.68
2006-10-11	4.60
2006-10-12	4.52
2006-10-13	4.45
2006-10-14	4.37
2006-10-15	4.30
2006-10-16	4.23
2006-10-17	4.16
2006-10-18	4.09
2006-10-19	4.02
2006-10-20	3.95
2006-10-21	3.89
2006-10-22	3.82
2006-10-23	3.76
2006-10-24	3.70
2006-10-25	3.64
2006-10-26	3.58
2006-10-27	3.52
2006-10-28	3.46
2006-10-29	3.40
2006-10-30	3.34
2006-10-31	3.29
2006-11-01	3.23
2006-11-02	3.18
2006-11-03	3.13
2006-11-04	3.07
2006-11-05	3.02
2006-11-06	2.97
2006-11-07	2.92
2006-11-08	2.87
2006-11-09	2.83
2006-11-10	2.78
2006-11-11	2.73
2006-11-12	2.69
2006-11-13	2.64
2006-11-14	2.60
2006-11-15	2.55
2006-11-16	2.51
2006-11-17	2.47
2006-11-18	2.43
2006-11-19	2.39
2006-11-20	2.35
2006-11-21	2.31
2006-11-22	2.28
2006-11-23	2.23
2006-11-24	2.20
2006-11-25	2.16
2006-11-26	2.12
2006-11-27	2.09
2006-11-28	2.05
2006-11-29	2.02
2006-11-30	1.99
2006-12-01	1.95
2006-12-02	1.92
2006-12-03	1.89
2006-12-04	24.40
2006-12-05	32.63
2006-12-06	140.54
2006-12-07	4.82
2006-12-08	4.74
2006-12-09	4.66
2006-12-10	4.58
2006-12-11	4.51
2006-12-12	10.94
2006-12-13	4.46
2006-12-14	4.39
2006-12-15	12.26
2006-12-16	137.37
2006-12-17	194.90
2006-12-18	11.10
2006-12-19	9.25
2006-12-20	9.09
2006-12-21	18.33
2006-12-22	8.94
2006-12-23	8.79
2006-12-24	8.65
2006-12-25	8.50
2006-12-26	8.36
2006-12-27	8.22
2006-12-28	8.08
2006-12-29	8.65
2006-12-30	17.44
2006-12-31	13.29
2007-01-01	221.10
2007-01-02	216.00
2007-01-03	443.14
2007-01-04	20.91
2007-01-05	20.56
2007-01-06	20.22
2007-01-07	34.35
2007-01-08	19.79
2007-01-09	19.46
2007-01-10	19.13
2007-01-11	18.81
2007-01-12	18.50
2007-01-13	18.19
2007-01-14	17.89
2007-01-15	17.59
2007-01-16	17.30
2007-01-17	17.01
2007-01-18	16.72
2007-01-19	16.45
2007-01-20	16.17
2007-01-21	15.90
2007-01-22	15.64
2007-01-23	15.38
2007-01-24	15.12
2007-01-25	14.87
2007-01-26	14.62
2007-01-27	16.26
2007-01-28	266.25
2007-01-29	511.57
2007-01-30	241.62
2007-01-31	106.86
2007-02-01	29.49
2007-02-02	29.00
2007-02-03	28.51
2007-02-04	28.04
2007-02-05	45.50
2007-02-06	125.18
2007-02-07	28.52
2007-02-08	28.04
2007-02-09	27.58
2007-02-10	27.12
2007-02-11	31.69
2007-02-12	26.41
2007-02-13	25.87
2007-02-14	179.79
2007-02-15	92.85
2007-02-16	28.09
2007-02-17	408.36
2007-02-18	108.73
2007-02-19	33.96
2007-02-20	33.40
2007-02-21	32.84
2007-02-22	32.29
2007-02-23	35.81
2007-02-24	32.03
2007-02-25	30.78
2007-02-26	30.27
2007-02-27	29.76
2007-02-28	29.27
2007-03-01	28.78
2007-03-02	34.24
2007-03-03	28.49
2007-03-04	27.47
2007-03-05	27.01
2007-03-06	26.56
2007-03-07	26.32
2007-03-08	39.20
2007-03-09	25.48
2007-03-10	26.76
2007-03-11	24.66
2007-03-12	46.00
2007-03-13	24.38
2007-03-14	341.24
2007-03-15	29.11
2007-03-16	28.05
2007-03-17	27.58
2007-03-18	74.49
2007-03-19	30.70
2007-03-20	27.03
2007-03-21	420.47
2007-03-22	39.01
2007-03-23	196.62
2007-03-24	34.17
2007-03-25	53.56
2007-03-26	33.36
2007-03-27	32.81
2007-03-28	32.26
2007-03-29	31.96
2007-03-30	138.21
2007-03-31	32.40
2007-04-01	31.86
2007-04-02	70.61
2007-04-03	31.44
2007-04-04	30.92
2007-04-05	30.40
2007-04-06	29.90
2007-04-07	117.59
2007-04-08	154.44
2007-04-09	97.93
2007-04-10	38.86
2007-04-11	90.43
2007-04-12	240.77
2007-04-13	41.34
2007-04-14	34.67
2007-04-15	34.09
2007-04-16	33.52
2007-04-17	212.83
2007-04-18	411.53
2007-04-19	45.95
2007-04-20	46.70
2007-04-21	39.63
2007-04-22	38.97
2007-04-23	38.32
2007-04-24	37.68
2007-04-25	54.73
2007-04-26	96.92
2007-04-27	41.69
2007-04-28	36.54
2007-04-29	35.93
2007-04-30	35.33
2007-05-01	34.74
2007-05-02	34.16
2007-05-03	33.59
2007-05-04	33.03
2007-05-05	32.48
2007-05-06	31.94
2007-05-07	31.41
2007-05-08	30.88
2007-05-09	30.37
2007-05-10	29.86
2007-05-11	29.36
2007-05-12	28.88
2007-05-13	28.39
2007-05-14	27.92
2007-05-15	27.46
2007-05-16	46.12
2007-05-17	26.86
2007-05-18	26.41
2007-05-19	25.97
2007-05-20	26.73
2007-05-21	25.13
2007-05-22	24.71
2007-05-23	34.72
2007-05-24	100.26
2007-05-25	196.15
2007-05-26	152.53
2007-05-27	108.47
2007-05-28	63.43
2007-05-29	41.47
2007-05-30	32.65
2007-05-31	30.08
2007-06-01	28.45
2007-06-02	27.98
2007-06-03	27.51
2007-06-04	27.05
2007-06-05	176.64
2007-06-06	217.49
2007-06-07	31.15
2007-06-08	30.63
2007-06-09	30.12
2007-06-10	29.62
2007-06-11	29.12
2007-06-12	28.64
2007-06-13	28.16
2007-06-14	27.69
2007-06-15	27.23
2007-06-16	26.78
2007-06-17	26.33
2007-06-18	25.89
2007-06-19	25.46
2007-06-20	25.03
2007-06-21	24.62
2007-06-22	24.21
2007-06-23	23.80
2007-06-24	23.41
2007-06-25	23.02
2007-06-26	22.63
2007-06-27	22.26
2007-06-28	21.89
2007-06-29	21.52
2007-06-30	21.16
2007-07-01	20.81
2007-07-02	20.46
2007-07-03	20.12
2007-07-04	19.79
2007-07-05	19.46
2007-07-06	19.13
2007-07-07	18.81
2007-07-08	18.50
2007-07-09	18.19
2007-07-10	17.89
2007-07-11	17.59
2007-07-12	17.30
2007-07-13	17.01
2007-07-14	16.72
2007-07-15	16.45
2007-07-16	16.17
2007-07-17	15.90
2007-07-18	15.64
2007-07-19	15.38
2007-07-20	15.12
2007-07-21	14.87
2007-07-22	14.62
2007-07-23	14.38
2007-07-24	14.14
2007-07-25	13.90
2007-07-26	13.67
2007-07-27	13.44
2007-07-28	13.22
2007-07-29	13.00
2007-07-30	12.78
2007-07-31	12.57
2007-08-01	12.36
2007-08-02	12.15
2007-08-03	11.95
2007-08-04	11.75
2007-08-05	11.56
2007-08-06	11.36
2007-08-07	11.17
2007-08-08	10.99
2007-08-09	10.80
2007-08-10	10.62
2007-08-11	10.45
2007-08-12	10.27
2007-08-13	27.26
2007-08-14	10.21
2007-08-15	10.04
2007-08-16	31.45
2007-08-17	10.06
2007-08-18	9.89
2007-08-19	9.72
2007-08-20	9.56
2007-08-21	9.40
2007-08-22	9.25
2007-08-23	9.09
2007-08-24	8.94
2007-08-25	8.79
2007-08-26	8.64
2007-08-27	8.50
2007-08-28	8.36
2007-08-29	8.22
2007-08-30	8.08
2007-08-31	7.95
2007-09-01	7.81
2007-09-02	7.68
2007-09-03	7.56
2007-09-04	7.43
2007-09-05	7.31
2007-09-06	7.18
2007-09-07	7.07
2007-09-08	6.95
2007-09-09	6.83
2007-09-10	6.72
2007-09-11	6.61
2007-09-12	6.50
2007-09-13	6.39
2007-09-14	6.28
2007-09-15	6.18
2007-09-16	6.07
2007-09-17	5.97
2007-09-18	5.87
2007-09-19	5.77
2007-09-20	5.68
2007-09-21	5.58
2007-09-22	5.49
2007-09-23	5.40
2007-09-24	5.31
2007-09-25	5.22
2007-09-26	5.13
2007-09-27	5.05
2007-09-28	4.96
2007-09-29	4.88
2007-09-30	4.80
2007-10-01	4.72
2007-10-02	4.64
2007-10-03	4.56
2007-10-04	4.49
2007-10-05	4.41
2007-10-06	4.34
2007-10-07	4.27
2007-10-08	4.20
2007-10-09	4.13
2007-10-10	4.06
2007-10-11	3.99
2007-10-12	3.92
2007-10-13	3.86
2007-10-14	3.79
2007-10-15	3.73
2007-10-16	3.67
2007-10-17	3.61
2007-10-18	3.55
2007-10-19	3.49
2007-10-20	3.43
2007-10-21	3.37
2007-10-22	3.32
2007-10-23	3.26
2007-10-24	3.21
2007-10-25	3.15
2007-10-26	3.10
2007-10-27	3.05
2007-10-28	3.00
2007-10-29	2.95
2007-10-30	2.90
2007-10-31	2.85
2007-11-01	2.80
2007-11-02	2.76
2007-11-03	2.71
2007-11-04	2.67
2007-11-05	2.62
2007-11-06	2.58
2007-11-07	2.53
2007-11-08	2.49
2007-11-09	2.45
2007-11-10	2.41
2007-11-11	2.37
2007-11-12	2.33
2007-11-13	2.29
2007-11-14	2.25
2007-11-15	2.22
2007-11-16	2.18
2007-11-17	2.14
2007-11-18	2.11
2007-11-19	2.07
2007-11-20	2.04
2007-11-21	2.00
2007-11-22	1.97
2007-11-23	1.94
2007-11-24	1.90
2007-11-25	1.87
2007-11-26	1.84
2007-11-27	1.81
2007-11-28	1.78
2007-11-29	1.75
2007-11-30	1.72
2007-12-01	1.69
2007-12-02	1.66
2007-12-03	1.64
2007-12-04	1.61
2007-12-05	3.62
2007-12-06	1.59
2007-12-07	1.89
2007-12-08	1.78
2007-12-09	22.77
2007-12-10	1.84
2007-12-11	87.41
2007-12-12	3.16
2007-12-13	3.10
2007-12-14	3.63
2007-12-15	3.01
2007-12-16	8.28
2007-12-17	118.04
2007-12-18	179.68
2007-12-19	23.10
2007-12-20	7.67
2007-12-21	7.54
2007-12-22	68.01
2007-12-23	326.51
2007-12-24	13.26
2007-12-25	13.04
2007-12-26	12.82
2007-12-27	12.61
2007-12-28	123.11
2007-12-29	13.97
2007-12-30	23.43
2007-12-31	126.16
2008-01-01	16.12
2008-01-02	17.79
2008-01-03	20.09
2008-01-04	14.65
2008-01-05	14.40
2008-01-06	14.16
2008-01-07	13.93
2008-01-08	13.69
2008-01-09	36.10
2008-01-10	429.58
2008-01-11	344.13
2008-01-12	51.42
2008-01-13	132.52
2008-01-14	29.00
2008-01-15	25.91
2008-01-16	42.01
2008-01-17	25.32
2008-01-18	24.89
2008-01-19	24.48
2008-01-20	24.07
2008-01-21	23.67
2008-01-22	23.28
2008-01-23	22.89
2008-01-24	22.51
2008-01-25	22.13
2008-01-26	21.76
2008-01-27	21.40
2008-01-28	21.04
2008-01-29	20.69
2008-01-30	20.35
2008-01-31	20.01
2008-02-01	19.67
2008-02-02	19.35
2008-02-03	19.02
2008-02-04	18.71
2008-02-05	18.40
2008-02-06	18.09
2008-02-07	190.09
2008-02-08	78.01
2008-02-09	20.86
2008-02-10	20.51
2008-02-11	271.64
2008-02-12	33.12
2008-02-13	23.64
2008-02-14	23.25
2008-02-15	22.86
2008-02-16	22.48
2008-02-17	22.10
2008-02-18	270.85
2008-02-19	25.39
2008-02-20	24.97
2008-02-21	24.55
2008-02-22	24.14
2008-02-23	23.74
2008-02-24	23.34
2008-02-25	95.77
2008-02-26	186.02
2008-02-27	25.96
2008-02-28	25.53
2008-02-29	25.11
2008-03-01	24.69
2008-03-02	24.28
2008-03-03	104.13
2008-03-04	27.53
2008-03-05	248.15
2008-03-06	500.92
2008-03-07	34.77
2008-03-08	34.19
2008-03-09	33.62
2008-03-10	33.06
2008-03-11	38.68
2008-03-12	219.56
2008-03-13	109.05
2008-03-14	35.18
2008-03-15	34.59
2008-03-16	34.02
2008-03-17	100.27
2008-03-18	292.14
2008-03-19	43.77
2008-03-20	37.04
2008-03-21	340.24
2008-03-22	222.46
2008-03-23	96.83
2008-03-24	117.58
2008-03-25	43.77
2008-03-26	52.91
2008-03-27	45.03
2008-03-28	41.66
2008-03-29	209.76
2008-03-30	49.25
2008-03-31	42.39
2008-04-01	147.43
2008-04-02	111.37
2008-04-03	43.09
2008-04-04	42.37
2008-04-05	41.66
2008-04-06	40.97
2008-04-07	40.28
2008-04-08	41.11
2008-04-09	124.51
2008-04-10	39.71
2008-04-11	165.03
2008-04-12	40.45
2008-04-13	39.75
2008-04-14	39.09
2008-04-15	38.44
2008-04-16	37.80
2008-04-17	37.17
2008-04-18	36.55
2008-04-19	35.94
2008-04-20	35.34
2008-04-21	254.84
2008-04-22	37.72
2008-04-23	59.81
2008-04-24	36.84
2008-04-25	37.70
2008-04-26	63.59
2008-04-27	35.50
2008-04-28	34.91
2008-04-29	34.33
2008-04-30	33.76
2008-05-01	33.19
2008-05-02	32.64
2008-05-03	32.10
2008-05-04	31.56
2008-05-05	31.03
2008-05-06	30.52
2008-05-07	30.03
2008-05-08	29.51
2008-05-09	29.02
2008-05-10	28.53
2008-05-11	28.06
2008-05-12	27.59
2008-05-13	27.13
2008-05-14	26.99
2008-05-15	26.24
2008-05-16	143.36
2008-05-17	31.13
2008-05-18	26.87
2008-05-19	26.43
2008-05-20	25.99
2008-05-21	181.27
2008-05-22	74.06
2008-05-23	27.92
2008-05-24	27.46
2008-05-25	27.00
2008-05-26	26.55
2008-05-27	26.11
2008-05-28	25.67
2008-05-29	25.25
2008-05-30	24.83
2008-05-31	24.41
2008-06-01	24.00
2008-06-02	23.60
2008-06-03	23.21
2008-06-04	22.82
2008-06-05	22.44
2008-06-06	22.07
2008-06-07	21.70
2008-06-08	21.34
2008-06-09	20.98
2008-06-10	20.63
2008-06-11	20.29
2008-06-12	19.95
2008-06-13	19.62
2008-06-14	19.29
2008-06-15	18.97
2008-06-16	18.66
2008-06-17	18.34
2008-06-18	18.04
2008-06-19	17.74
2008-06-20	17.44
2008-06-21	17.15
2008-06-22	16.87
2008-06-23	16.58
2008-06-24	16.46
2008-06-25	16.04
2008-06-26	15.77
2008-06-27	15.51
2008-06-28	15.25
2008-06-29	15.00
2008-06-30	14.75
2008-07-01	14.50
2008-07-02	14.26
2008-07-03	14.02
2008-07-04	13.79
2008-07-05	13.56
2008-07-06	13.33
2008-07-07	13.11
2008-07-08	12.89
2008-07-09	12.68
2008-07-10	12.47
2008-07-11	12.26
2008-07-12	12.05
2008-07-13	11.85
2008-07-14	11.65
2008-07-15	11.46
2008-07-16	11.27
2008-07-17	11.08
2008-07-18	10.90
2008-07-19	10.72
2008-07-20	10.54
2008-07-21	10.36
2008-07-22	10.19
2008-07-23	10.02
2008-07-24	9.85
2008-07-25	9.69
2008-07-26	9.53
2008-07-27	9.37
2008-07-28	9.21
2008-07-29	9.06
2008-07-30	8.91
2008-07-31	8.76
2008-08-01	8.61
2008-08-02	8.47
2008-08-03	8.33
2008-08-04	8.19
2008-08-05	8.05
2008-08-06	7.92
2008-08-07	7.79
2008-08-08	7.66
2008-08-09	7.53
2008-08-10	7.40
2008-08-11	7.28
2008-08-12	7.16
2008-08-13	7.04
2008-08-14	6.92
2008-08-15	6.81
2008-08-16	6.69
2008-08-17	6.58
2008-08-18	6.47
2008-08-19	6.36
2008-08-20	6.26
2008-08-21	6.15
2008-08-22	6.05
2008-08-23	5.95
2008-08-24	5.85
2008-08-25	5.75
2008-08-26	5.66
2008-08-27	5.56
2008-08-28	5.47
2008-08-29	5.38
2008-08-30	5.29
2008-08-31	5.20
2008-09-01	5.11
2008-09-02	5.03
2008-09-03	4.95
2008-09-04	4.86
2008-09-05	4.78
2008-09-06	4.70
2008-09-07	4.62
2008-09-08	4.55
2008-09-09	4.47
2008-09-10	4.40
2008-09-11	4.32
2008-09-12	4.25
2008-09-13	4.18
2008-09-14	4.11
2008-09-15	4.04
2008-09-16	3.98
2008-09-17	3.91
2008-09-18	3.84
2008-09-19	3.78
2008-09-20	3.72
2008-09-21	3.65
2008-09-22	3.59
2008-09-23	3.53
2008-09-24	3.47
2008-09-25	3.42
2008-09-26	3.36
2008-09-27	3.30
2008-09-28	3.25
2008-09-29	3.19
2008-09-30	3.14
2008-10-01	3.09
2008-10-02	3.04
2008-10-03	2.99
2008-10-04	2.94
2008-10-05	2.89
2008-10-06	2.84
2008-10-07	2.79
2008-10-08	2.75
2008-10-09	2.70
2008-10-10	2.66
2008-10-11	2.61
2008-10-12	2.57
2008-10-13	2.53
2008-10-14	2.48
2008-10-15	2.44
2008-10-16	2.40
2008-10-17	2.36
2008-10-18	2.32
2008-10-19	2.28
2008-10-20	2.24
2008-10-21	2.21
2008-10-22	2.17
2008-10-23	2.13
2008-10-24	2.10
2008-10-25	2.06
2008-10-26	2.03
2008-10-27	2.00
2008-10-28	1.96
2008-10-29	1.93
2008-10-30	1.90
2008-10-31	1.87
2008-11-01	1.83
2008-11-02	1.80
2008-11-03	1.77
2008-11-04	1.74
2008-11-05	1.72
2008-11-06	1.69
2008-11-07	1.66
2008-11-08	1.63
2008-11-09	1.60
2008-11-10	1.58
2008-11-11	1.55
2008-11-12	1.53
2008-11-13	1.50
2008-11-14	1.47
2008-11-15	1.45
2008-11-16	1.43
2008-11-17	1.40
2008-11-18	1.38
2008-11-19	1.36
2008-11-20	1.33
2008-11-21	1.31
2008-11-22	1.29
2008-11-23	1.27
2008-11-24	1.25
2008-11-25	1.23
2008-11-26	1.21
2008-11-27	1.19
2008-11-28	1.17
2008-11-29	1.15
2008-11-30	1.13
2008-12-01	1.11
2008-12-02	1.09
2008-12-03	1.07
2008-12-04	1.05
2008-12-05	1.04
2008-12-06	1.02
2008-12-07	1.00
2008-12-08	0.99
2008-12-09	0.97
2008-12-10	0.95
2008-12-11	0.94
2008-12-12	0.92
2008-12-13	0.91
2008-12-14	0.89
2008-12-15	0.88
2008-12-16	0.86
2008-12-17	0.85
2008-12-18	0.83
2008-12-19	0.82
2008-12-20	0.81
2008-12-21	0.79
2008-12-22	0.78
2008-12-23	0.77
2008-12-24	0.75
2008-12-25	0.74
2008-12-26	0.73
2008-12-27	39.53
2008-12-28	1.78
2008-12-29	1.31
2008-12-30	1.29
2008-12-31	1.27
2009-01-01	45.05
2009-01-02	1.94
2009-01-03	10.83
2009-01-04	44.73
2009-01-05	2.67
2009-01-06	15.43
2009-01-07	2.79
2009-01-08	2.74
2009-01-09	2.70
2009-01-10	2.65
2009-01-11	2.61
2009-01-12	2.56
2009-01-13	2.52
2009-01-14	2.48
2009-01-15	2.44
2009-01-16	3.08
2009-01-17	4.19
2009-01-18	3.66
2009-01-19	51.74
2009-01-20	3.10
2009-01-21	167.24
2009-01-22	13.29
2009-01-23	5.67
2009-01-24	11.43
2009-01-25	20.13
2009-01-26	18.31
2009-01-27	49.11
2009-01-28	6.43
2009-01-29	6.32
2009-01-30	6.21
2009-01-31	6.11
2009-02-01	6.01
2009-02-02	5.91
2009-02-03	5.81
2009-02-04	5.71
2009-02-05	6.13
2009-02-06	5.53
2009-02-07	5.44
2009-02-08	8.66
2009-02-09	5.31
2009-02-10	5.23
2009-02-11	5.14
2009-02-12	279.63
2009-02-13	42.50
2009-02-14	9.77
2009-02-15	9.61
2009-02-16	79.62
2009-02-17	61.22
2009-02-18	95.56
2009-02-19	13.92
2009-02-20	12.07
2009-02-21	11.87
2009-02-22	11.67
2009-02-23	11.48
2009-02-24	11.28
2009-02-25	11.10
2009-02-26	10.91
2009-02-27	10.73
2009-02-28	10.55
2009-03-01	10.37
2009-03-02	25.74
2009-03-03	249.10
2009-03-04	68.59
2009-03-05	14.61
2009-03-06	14.36
2009-03-07	14.13
2009-03-08	13.89
2009-03-09	13.66
2009-03-10	13.43
2009-03-11	13.21
2009-03-12	12.99
2009-03-13	12.77
2009-03-14	12.56
2009-03-15	12.35
2009-03-16	12.14
2009-03-17	11.94
2009-03-18	116.80
2009-03-19	26.16
2009-03-20	13.23
2009-03-21	13.01
2009-03-22	12.79
2009-03-23	72.74
2009-03-24	13.34
2009-03-25	31.11
2009-03-26	34.32
2009-03-27	36.58
2009-03-28	48.46
2009-03-29	13.80
2009-03-30	13.57
2009-03-31	13.34
2009-04-01	13.12
2009-04-02	22.37
2009-04-03	18.16
2009-04-04	504.24
2009-04-05	88.58
2009-04-06	21.18
2009-04-07	20.83
2009-04-08	20.48
2009-04-09	20.14
2009-04-10	19.80
2009-04-11	19.47
2009-04-12	19.15
2009-04-13	20.80
2009-04-14	33.17
2009-04-15	19.15
2009-04-16	25.05
2009-04-17	44.94
2009-04-18	18.12
2009-04-19	17.82
2009-04-20	17.52
2009-04-21	17.23
2009-04-22	16.94
2009-04-23	16.66
2009-04-24	16.38
2009-04-25	16.11
2009-04-26	15.84
2009-04-27	15.58
2009-04-28	15.32
2009-04-29	15.06
2009-04-30	43.34
2009-05-01	15.02
2009-05-02	14.77
2009-05-03	14.53
2009-05-04	14.29
2009-05-05	14.05
2009-05-06	13.81
2009-05-07	13.58
2009-05-08	13.36
2009-05-09	13.13
2009-05-10	12.91
2009-05-11	12.70
2009-05-12	12.49
2009-05-13	12.28
2009-05-14	12.08
2009-05-15	11.87
2009-05-16	11.68
2009-05-17	11.48
2009-05-18	11.29
2009-05-19	11.10
2009-05-20	10.92
2009-05-21	10.73
2009-05-22	10.56
2009-05-23	10.38
2009-05-24	10.21
2009-05-25	10.04
2009-05-26	9.87
2009-05-27	9.71
2009-05-28	9.54
2009-05-29	9.38
2009-05-30	9.23
2009-05-31	9.07
2009-06-01	8.92
2009-06-02	8.77
2009-06-03	8.63
2009-06-04	8.48
2009-06-05	8.34
2009-06-06	8.20
2009-06-07	8.07
2009-06-08	7.93
2009-06-09	7.80
2009-06-10	7.67
2009-06-11	7.54
2009-06-12	7.42
2009-06-13	7.29
2009-06-14	7.17
2009-06-15	7.05
2009-06-16	6.93
2009-06-17	6.82
2009-06-18	6.71
2009-06-19	6.59
2009-06-20	6.48
2009-06-21	6.38
2009-06-22	6.27
2009-06-23	6.16
2009-06-24	6.06
2009-06-25	5.96
2009-06-26	5.86
2009-06-27	5.76
2009-06-28	5.67
2009-06-29	5.57
2009-06-30	5.48
2009-07-01	5.39
2009-07-02	5.30
2009-07-03	5.21
2009-07-04	5.12
2009-07-05	5.04
2009-07-06	4.95
2009-07-07	4.87
2009-07-08	4.79
2009-07-09	4.71
2009-07-10	4.63
2009-07-11	4.56
2009-07-12	4.48
2009-07-13	4.40
2009-07-14	4.33
2009-07-15	4.26
2009-07-16	4.19
2009-07-17	4.12
2009-07-18	4.05
2009-07-19	3.98
2009-07-20	3.92
2009-07-21	3.85
2009-07-22	3.79
2009-07-23	3.72
2009-07-24	3.66
2009-07-25	3.60
2009-07-26	3.54
2009-07-27	3.48
2009-07-28	3.42
2009-07-29	3.37
2009-07-30	3.31
2009-07-31	3.26
2009-08-01	3.20
2009-08-02	3.15
2009-08-03	3.09
2009-08-04	3.04
2009-08-05	2.99
2009-08-06	2.94
2009-08-07	2.89
2009-08-08	2.85
2009-08-09	2.80
2009-08-10	2.75
2009-08-11	2.71
2009-08-12	2.66
2009-08-13	2.62
2009-08-14	2.57
2009-08-15	2.53
2009-08-16	2.49
2009-08-17	2.45
2009-08-18	2.41
2009-08-19	2.37
2009-08-20	2.33
2009-08-21	2.29
2009-08-22	2.25
2009-08-23	2.21
2009-08-24	2.17
2009-08-25	2.14
2009-08-26	2.10
2009-08-27	2.07
2009-08-28	2.03
2009-08-29	2.00
2009-08-30	1.97
2009-08-31	1.93
2009-09-01	1.90
2009-09-02	1.87
2009-09-03	1.84
2009-09-04	1.81
2009-09-05	1.78
2009-09-06	1.75
2009-09-07	1.72
2009-09-08	1.69
2009-09-09	1.66
2009-09-10	1.63
2009-09-11	1.61
2009-09-12	1.58
2009-09-13	1.55
2009-09-14	1.53
2009-09-15	1.50
2009-09-16	1.48
2009-09-17	1.45
2009-09-18	1.43
2009-09-19	1.40
2009-09-20	1.38
2009-09-21	1.36
2009-09-22	1.34
2009-09-23	1.31
2009-09-24	1.29
2009-09-25	1.27
2009-09-26	1.25
2009-09-27	1.23
2009-09-28	1.21
2009-09-29	1.19
2009-09-30	1.17
2009-10-01	1.15
2009-10-02	1.13
2009-10-03	1.11
2009-10-04	1.09
2009-10-05	1.07
2009-10-06	1.06
2009-10-07	1.04
2009-10-08	1.02
2009-10-09	1.00
2009-10-10	0.99
2009-10-11	0.97
2009-10-12	0.95
2009-10-13	0.94
2009-10-14	0.92
2009-10-15	0.91
2009-10-16	0.89
2009-10-17	0.88
2009-10-18	0.86
2009-10-19	0.85
2009-10-20	0.83
2009-10-21	0.82
2009-10-22	0.81
2009-10-23	0.79
2009-10-24	0.78
2009-10-25	0.77
2009-10-26	0.75
2009-10-27	0.74
2009-10-28	0.73
2009-10-29	0.72
2009-10-30	0.71
2009-10-31	0.69
2009-11-01	0.68
2009-11-02	0.67
2009-11-03	0.66
2009-11-04	0.65
2009-11-05	0.64
2009-11-06	0.63
2009-11-07	0.62
2009-11-08	0.61
2009-11-09	0.60
2009-11-10	0.59
2009-11-11	0.58
2009-11-12	0.57
2009-11-13	0.56
2009-11-14	0.55
2009-11-15	0.54
2009-11-16	0.53
2009-11-17	0.52
2009-11-18	0.51
2009-11-19	0.50
2009-11-20	0.50
2009-11-21	0.62
2009-11-22	0.48
2009-11-23	1.36
2009-11-24	39.92
2009-11-25	6.98
2009-11-26	1.18
2009-11-27	1.16
2009-11-28	1.14
2009-11-29	40.99
2009-11-30	16.48
2009-12-01	1.96
2009-12-02	43.02
2009-12-03	17.71
2009-12-04	2.76
2009-12-05	2.71
2009-12-06	336.73
2009-12-07	25.21
2009-12-08	8.20
2009-12-09	8.02
2009-12-10	7.88
2009-12-11	7.75
2009-12-12	251.72
2009-12-13	663.09
2009-12-14	107.84
2009-12-15	22.77
2009-12-16	22.39
2009-12-17	22.02
2009-12-18	21.65
2009-12-19	293.04
2009-12-20	27.57
2009-12-21	24.93
2009-12-22	24.51
2009-12-23	24.10
2009-12-24	23.70
2009-12-25	38.72
2009-12-26	23.17
2009-12-27	24.02
2009-12-28	24.51
2009-12-29	34.46
2009-12-30	29.87
2009-12-31	21.68
2010-01-01	21.32
2010-01-02	33.70
2010-01-03	20.82
2010-01-04	20.47
2010-01-05	20.13
2010-01-06	19.79
2010-01-07	19.46
2010-01-08	302.35
2010-01-09	23.38
2010-01-10	23.00
2010-01-11	22.61
2010-01-12	22.24
2010-01-13	181.97
2010-01-14	324.65
2010-01-15	28.52
2010-01-16	28.05
2010-01-17	27.58
2010-01-18	27.12
2010-01-19	26.67
2010-01-20	26.23
2010-01-21	25.79
2010-01-22	25.36
2010-01-23	24.94
2010-01-24	24.52
2010-01-25	24.11
2010-01-26	23.71
2010-01-27	23.31
2010-01-28	22.93
2010-01-29	22.54
2010-01-30	22.17
2010-01-31	21.80
2010-02-01	286.21
2010-02-02	105.75
2010-02-03	26.22
2010-02-04	25.78
2010-02-05	32.46
2010-02-06	73.17
2010-02-07	25.40
2010-02-08	24.98
2010-02-09	24.56
2010-02-10	24.15
2010-02-11	39.40
2010-02-12	284.90
2010-02-13	95.09
2010-02-14	93.17
2010-02-15	40.18
2010-02-16	28.35
2010-02-17	30.47
2010-02-18	29.90
2010-02-19	334.21
2010-02-20	185.70
2010-02-21	68.42
2010-02-22	33.50
2010-02-23	32.94
2010-02-24	32.40
2010-02-25	31.86
2010-02-26	31.32
2010-02-27	30.80
2010-02-28	30.29
2010-03-01	29.78
2010-03-02	29.29
2010-03-03	28.80
2010-03-04	28.32
2010-03-05	240.50
2010-03-06	30.85
2010-03-07	342.92
2010-03-08	204.89
2010-03-09	37.11
2010-03-10	36.38
2010-03-11	35.77
2010-03-12	35.18
2010-03-13	34.59
2010-03-14	34.01
2010-03-15	178.27
2010-03-16	185.63
2010-03-17	37.06
2010-03-18	36.44
2010-03-19	35.84
2010-03-20	35.24
2010-03-21	34.65
2010-03-22	34.07
2010-03-23	33.51
2010-03-24	32.95
2010-03-25	32.40
2010-03-26	31.86
2010-03-27	31.33
2010-03-28	33.75
2010-03-29	30.34
2010-03-30	29.83
2010-03-31	29.34
2010-04-01	47.13
2010-04-02	118.33
2010-04-03	29.63
2010-04-04	29.14
2010-04-05	28.65
2010-04-06	313.93
2010-04-07	860.90
2010-04-08	510.50
2010-04-09	51.88
2010-04-10	51.01
2010-04-11	50.16
2010-04-12	49.33
2010-04-13	51.77
2010-04-14	123.75
2010-04-15	165.83
2010-04-16	49.27
2010-04-17	48.45
2010-04-18	69.29
2010-04-19	580.09
2010-04-20	69.84
2010-04-21	54.32
2010-04-22	53.42
2010-04-23	52.53
2010-04-24	62.31
2010-04-25	607.55
2010-04-26	117.20
2010-04-27	59.04
2010-04-28	58.06
2010-04-29	57.09
2010-04-30	56.14
2010-05-01	55.20
2010-05-02	54.28
2010-05-03	53.38
2010-05-04	52.49
2010-05-05	51.61
2010-05-06	50.75
2010-05-07	49.91
2010-05-08	49.07
2010-05-09	48.26
2010-05-10	47.45
2010-05-11	46.66
2010-05-12	45.88
2010-05-13	45.12
2010-05-14	44.37
2010-05-15	123.63
2010-05-16	44.19
2010-05-17	43.45
2010-05-18	42.73
2010-05-19	42.02
2010-05-20	41.32
2010-05-21	40.63
2010-05-22	39.95
2010-05-23	39.28
2010-05-24	38.63
2010-05-25	37.99
2010-05-26	37.35
2010-05-27	36.73
2010-05-28	36.12
2010-05-29	35.52
2010-05-30	34.92
2010-05-31	34.34
2010-06-01	33.77
2010-06-02	33.21
2010-06-03	32.65
2010-06-04	32.11
2010-06-05	31.57
2010-06-06	31.05
2010-06-07	30.53
2010-06-08	30.02
2010-06-09	29.52
2010-06-10	29.03
2010-06-11	28.55
2010-06-12	28.07
2010-06-13	27.60
2010-06-14	27.14
2010-06-15	26.69
2010-06-16	26.24
2010-06-17	25.81
2010-06-18	25.38
2010-06-19	24.95
2010-06-20	24.54
2010-06-21	24.13
2010-06-22	23.73
2010-06-23	23.33
2010-06-24	22.94
2010-06-25	22.56
2010-06-26	22.18
2010-06-27	21.81
2010-06-28	21.45
2010-06-29	21.09
2010-06-30	20.74
2010-07-01	20.40
2010-07-02	20.06
2010-07-03	19.72
2010-07-04	19.39
2010-07-05	19.07
2010-07-06	18.75
2010-07-07	18.44
2010-07-08	18.13
2010-07-09	17.83
2010-07-10	17.53
2010-07-11	17.24
2010-07-12	16.95
2010-07-13	16.67
2010-07-14	16.39
2010-07-15	16.12
2010-07-16	15.85
2010-07-17	15.59
2010-07-18	15.33
2010-07-19	15.07
2010-07-20	14.82
2010-07-21	14.57
2010-07-22	14.33
2010-07-23	14.09
2010-07-24	13.86
2010-07-25	13.63
2010-07-26	13.40
2010-07-27	13.18
2010-07-28	12.96
2010-07-29	12.74
2010-07-30	12.53
2010-07-31	12.32
2010-08-01	12.11
2010-08-02	11.91
2010-08-03	11.71
2010-08-04	11.52
2010-08-05	11.33
2010-08-06	11.14
2010-08-07	10.95
2010-08-08	10.77
2010-08-09	10.59
2010-08-10	10.41
2010-08-11	10.24
2010-08-12	10.07
2010-08-13	9.90
2010-08-14	9.74
2010-08-15	9.57
2010-08-16	9.41
2010-08-17	9.26
2010-08-18	9.10
2010-08-19	8.95
2010-08-20	8.80
2010-08-21	8.66
2010-08-22	8.51
2010-08-23	8.37
2010-08-24	8.23
2010-08-25	8.09
2010-08-26	7.96
2010-08-27	7.83
2010-08-28	7.69
2010-08-29	7.57
2010-08-30	7.44
2010-08-31	7.32
2010-09-01	7.19
2010-09-02	7.07
2010-09-03	6.96
2010-09-04	6.84
2010-09-05	6.73
2010-09-06	6.61
2010-09-07	6.50
2010-09-08	6.40
2010-09-09	6.29
2010-09-10	6.18
2010-09-11	6.08
2010-09-12	5.98
2010-09-13	5.88
2010-09-14	5.78
2010-09-15	5.69
2010-09-16	5.59
2010-09-17	5.50
2010-09-18	5.41
2010-09-19	5.32
2010-09-20	5.23
2010-09-21	5.14
2010-09-22	5.05
2010-09-23	4.97
2010-09-24	4.89
2010-09-25	4.81
2010-09-26	4.73
2010-09-27	4.65
2010-09-28	4.57
2010-09-29	4.49
2010-09-30	4.42
2010-10-01	4.35
2010-10-02	4.27
2010-10-03	4.20
2010-10-04	4.13
2010-10-05	4.06
2010-10-06	4.00
2010-10-07	3.93
2010-10-08	3.86
2010-10-09	3.80
2010-10-10	3.74
2010-10-11	3.67
2010-10-12	3.61
2010-10-13	3.55
2010-10-14	3.49
2010-10-15	3.43
2010-10-16	3.38
2010-10-17	3.32
2010-10-18	3.27
2010-10-19	3.21
2010-10-20	3.16
2010-10-21	3.10
2010-10-22	3.05
2010-10-23	3.00
2010-10-24	2.95
2010-10-25	2.90
2010-10-26	2.85
2010-10-27	2.81
2010-10-28	2.76
2010-10-29	2.71
2010-10-30	2.67
2010-10-31	2.62
2010-11-01	2.58
2010-11-02	2.54
2010-11-03	2.50
2010-11-04	2.45
2010-11-05	2.41
2010-11-06	2.37
2010-11-07	2.33
2010-11-08	2.29
2010-11-09	2.26
2010-11-10	2.22
2010-11-11	2.18
2010-11-12	2.15
2010-11-13	2.11
2010-11-14	2.07
2010-11-15	2.04
2010-11-16	2.01
2010-11-17	1.97
2010-11-18	1.94
2010-11-19	1.91
2010-11-20	1.88
2010-11-21	1.84
2010-11-22	1.81
2010-11-23	1.78
2010-11-24	1.75
2010-11-25	1.72
2010-11-26	1.70
2010-11-27	1.67
2010-11-28	1.64
2010-11-29	1.61
2010-11-30	1.59
2010-12-01	1.56
2010-12-02	1.53
2010-12-03	1.51
2010-12-04	1.48
2010-12-05	1.46
2010-12-06	1.43
2010-12-07	1.41
2010-12-08	1.39
2010-12-09	1.36
2010-12-10	1.34
2010-12-11	1.32
2010-12-12	1.30
2010-12-13	1.27
2010-12-14	1.25
2010-12-15	1.23
2010-12-16	1.21
2010-12-17	1.19
2010-12-18	1.17
2010-12-19	1.15
2010-12-20	1.13
2010-12-21	2.19
2010-12-22	120.13
2010-12-23	170.40
2010-12-24	11.58
2010-12-25	6.00
2010-12-26	5.57
2010-12-27	5.48
2010-12-28	5.39
2010-12-29	5.30
2010-12-30	5.21
2010-12-31	5.12
2011-01-01	128.61
2011-01-02	6.95
2011-01-03	6.83
2011-01-04	6.72
2011-01-05	6.60
2011-01-06	6.49
2011-01-07	6.39
2011-01-08	6.28
2011-01-09	134.90
2011-01-10	93.44
2011-01-11	33.37
2011-01-12	9.62
2011-01-13	9.46
2011-01-14	278.21
2011-01-15	56.25
2011-01-16	13.94
2011-01-17	13.71
2011-01-18	83.17
2011-01-19	76.00
2011-01-20	90.07
2011-01-21	152.54
2011-01-22	204.40
2011-01-23	20.73
2011-01-24	20.38
2011-01-25	20.04
2011-01-26	19.71
2011-01-27	19.38
2011-01-28	19.06
2011-01-29	18.74
2011-01-30	18.43
2011-01-31	18.12
2011-02-01	17.82
2011-02-02	17.52
2011-02-03	17.23
2011-02-04	16.94
2011-02-05	16.66
2011-02-06	81.55
2011-02-07	121.15
2011-02-08	18.55
2011-02-09	18.32
2011-02-10	17.94
2011-02-11	17.64
2011-02-12	17.34
2011-02-13	17.05
2011-02-14	17.75
2011-02-15	339.73
2011-02-16	21.44
2011-02-17	21.08
2011-02-18	20.73
2011-02-19	20.39
2011-02-20	20.05
2011-02-21	19.71
2011-02-22	19.39
2011-02-23	19.06
2011-02-24	18.74
2011-02-25	18.43
2011-02-26	20.85
2011-02-27	126.33
2011-02-28	59.32
2011-03-01	19.64
2011-03-02	19.31
2011-03-03	18.99
2011-03-04	18.67
2011-03-05	18.36
2011-03-06	18.06
2011-03-07	17.76
2011-03-08	17.46
2011-03-09	17.17
2011-03-10	16.88
2011-03-11	16.60
2011-03-12	16.33
2011-03-13	16.05
2011-03-14	15.79
2011-03-15	55.98
2011-03-16	32.70
2011-03-17	15.92
2011-03-18	398.59
2011-03-19	61.99
2011-03-20	21.86
2011-03-21	21.50
2011-03-22	21.14
2011-03-23	20.79
2011-03-24	20.44
2011-03-25	20.10
2011-03-26	19.76
2011-03-27	19.43
2011-03-28	19.11
2011-03-29	18.79
2011-03-30	20.00
2011-03-31	18.19
2011-04-01	17.89
2011-04-02	20.55
2011-04-03	21.95
2011-04-04	17.13
2011-04-05	16.85
2011-04-06	16.57
2011-04-07	16.29
2011-04-08	16.02
2011-04-09	15.75
2011-04-10	46.01
2011-04-11	24.96
2011-04-12	15.61
2011-04-13	22.80
2011-04-14	16.25
2011-04-15	148.06
2011-04-16	172.75
2011-04-17	141.82
2011-04-18	20.76
2011-04-19	20.42
2011-04-20	20.08
2011-04-21	93.54
2011-04-22	63.99
2011-04-23	39.24
2011-04-24	20.91
2011-04-25	20.56
2011-04-26	20.21
2011-04-27	19.88
2011-04-28	19.55
2011-04-29	19.22
2011-04-30	18.90
2011-05-01	18.58
2011-05-02	18.28
2011-05-03	17.97
2011-05-04	17.67
2011-05-05	17.38
2011-05-06	17.09
2011-05-07	16.80
2011-05-08	16.52
2011-05-09	16.25
2011-05-10	15.98
2011-05-11	15.71
2011-05-12	15.45
2011-05-13	15.19
2011-05-14	14.94
2011-05-15	14.69
2011-05-16	14.44
2011-05-17	14.20
2011-05-18	13.97
2011-05-19	13.73
2011-05-20	13.50
2011-05-21	13.28
2011-05-22	52.31
2011-05-23	75.42
2011-05-24	14.25
2011-05-25	87.70
2011-05-26	14.96
2011-05-27	43.96
2011-05-28	14.94
2011-05-29	14.69
2011-05-30	14.45
2011-05-31	99.71
2011-06-01	211.01
2011-06-02	18.25
2011-06-03	234.01
2011-06-04	21.13
2011-06-05	20.77
2011-06-06	20.43
2011-06-07	20.09
2011-06-08	19.75
2011-06-09	104.45
2011-06-10	20.47
2011-06-11	20.13
2011-06-12	19.79
2011-06-13	51.74
2011-06-14	19.66
2011-06-15	19.33
2011-06-16	19.01
2011-06-17	18.69
2011-06-18	192.87
2011-06-19	20.89
2011-06-20	20.54
2011-06-21	103.72
2011-06-22	45.29
2011-06-23	21.24
2011-06-24	20.89
2011-06-25	20.54
2011-06-26	20.20
2011-06-27	19.86
2011-06-28	19.53
2011-06-29	19.20
2011-06-30	18.88
2011-07-01	18.57
2011-07-02	18.26
2011-07-03	17.96
2011-07-04	17.66
2011-07-05	17.36
2011-07-06	17.07
2011-07-07	16.79
2011-07-08	16.51
2011-07-09	16.23
2011-07-10	15.96
2011-07-11	15.70
2011-07-12	15.44
2011-07-13	15.18
2011-07-14	14.92
2011-07-15	14.68
2011-07-16	14.43
2011-07-17	14.19
2011-07-18	13.95
2011-07-19	13.72
2011-07-20	13.49
2011-07-21	13.27
2011-07-22	13.05
2011-07-23	12.83
2011-07-24	12.62
2011-07-25	12.41
2011-07-26	12.20
2011-07-27	12.00
2011-07-28	11.80
2011-07-29	11.60
2011-07-30	11.41
2011-07-31	11.22
2011-08-01	11.03
2011-08-02	10.84
2011-08-03	63.35
2011-08-04	61.21
2011-08-05	11.95
2011-08-06	11.75
2011-08-07	11.56
2011-08-08	11.36
2011-08-09	14.39
2011-08-10	35.87
2011-08-11	100.04
2011-08-12	124.85
2011-08-13	144.24
2011-08-14	130.64
2011-08-15	71.65
2011-08-16	64.82
2011-08-17	24.09
2011-08-18	18.36
2011-08-19	18.05
2011-08-20	17.75
2011-08-21	17.45
2011-08-22	17.16
2011-08-23	16.88
2011-08-24	16.60
2011-08-25	16.32
2011-08-26	16.05
2011-08-27	15.78
2011-08-28	15.52
2011-08-29	15.26
2011-08-30	15.00
2011-08-31	14.75
2011-09-01	14.51
2011-09-02	14.27
2011-09-03	14.03
2011-09-04	13.79
2011-09-05	13.56
2011-09-06	13.34
2011-09-07	13.12
2011-09-08	12.90
2011-09-09	12.68
2011-09-10	12.47
2011-09-11	12.26
2011-09-12	12.06
2011-09-13	11.86
2011-09-14	11.66
2011-09-15	11.47
2011-09-16	11.28
2011-09-17	11.09
2011-09-18	10.90
2011-09-19	21.58
2011-09-20	10.72
2011-09-21	10.54
2011-09-22	10.36
2011-09-23	10.19
2011-09-24	10.02
2011-09-25	9.85
2011-09-26	9.69
2011-09-27	9.53
2011-09-28	9.37
2011-09-29	9.21
2011-09-30	9.06
2011-10-01	8.91
2011-10-02	8.76
2011-10-03	8.61
2011-10-04	8.47
2011-10-05	8.33
2011-10-06	8.19
2011-10-07	8.05
2011-10-08	7.92
2011-10-09	7.79
2011-10-10	7.66
2011-10-11	7.53
2011-10-12	7.40
2011-10-13	13.69
2011-10-14	7.26
2011-10-15	193.35
2011-10-16	219.72
2011-10-17	13.24
2011-10-18	13.02
2011-10-19	12.80
2011-10-20	12.59
2011-10-21	180.39
2011-10-22	14.88
2011-10-23	14.63
2011-10-24	14.39
2011-10-25	14.15
2011-10-26	13.91
2011-10-27	13.68
2011-10-28	13.45
2011-10-29	13.23
2011-10-30	13.01
2011-10-31	12.79
2011-11-01	12.58
2011-11-02	12.37
2011-11-03	12.16
2011-11-04	11.96
2011-11-05	11.76
2011-11-06	14.69
2011-11-07	11.42
2011-11-08	11.23
2011-11-09	11.04
2011-11-10	10.86
2011-11-11	10.68
2011-11-12	10.50
2011-11-13	10.33
2011-11-14	10.15
2011-11-15	9.98
2011-11-16	9.82
2011-11-17	330.29
2011-11-18	14.66
2011-11-19	14.42
2011-11-20	14.18
2011-11-21	313.46
2011-11-22	116.11
2011-11-23	19.80
2011-11-24	19.47
2011-11-25	19.15
2011-11-26	18.83
2011-11-27	18.51
2011-11-28	18.21
2011-11-29	17.90
2011-11-30	17.60
2011-12-01	17.31
2011-12-02	17.02
2011-12-03	16.74
2011-12-04	16.46
2011-12-05	16.18
2011-12-06	255.70
2011-12-07	161.44
2011-12-08	335.65
2011-12-09	203.51
2011-12-10	28.61
2011-12-11	108.95
2011-12-12	28.96
2011-12-13	28.48
2011-12-14	28.06
2011-12-15	27.54
2011-12-16	27.08
2011-12-17	140.71
2011-12-18	31.60
2011-12-19	319.61
2011-12-20	162.84
2011-12-21	33.44
2011-12-22	32.89
2011-12-23	32.34
2011-12-24	31.80
2011-12-25	31.27
2011-12-26	30.75
2011-12-27	160.58
2011-12-28	31.83
2011-12-29	40.21
2011-12-30	32.82
2011-12-31	30.44
2012-01-01	29.93
2012-01-02	42.15
2012-01-03	280.67
2012-01-04	149.86
2012-01-05	66.72
2012-01-06	57.89
2012-01-07	97.52
2012-01-08	34.30
2012-01-09	33.73
2012-01-10	33.16
2012-01-11	32.61
2012-01-12	216.54
2012-01-13	36.09
2012-01-14	33.96
2012-01-15	74.23
2012-01-16	217.60
2012-01-17	35.90
2012-01-18	35.30
2012-01-19	34.72
2012-01-20	34.14
2012-01-21	33.57
2012-01-22	33.01
2012-01-23	32.46
2012-01-24	32.63
2012-01-25	31.40
2012-01-26	35.71
2012-01-27	30.44
2012-01-28	29.93
2012-01-29	29.43
2012-01-30	28.94
2012-01-31	28.46
2012-02-01	65.77
2012-02-02	178.64
2012-02-03	30.08
2012-02-04	29.58
2012-02-05	30.03
2012-02-06	91.12
2012-02-07	29.15
2012-02-08	28.67
2012-02-09	28.19
2012-02-10	27.72
2012-02-11	27.26
2012-02-12	26.80
2012-02-13	110.01
2012-02-14	269.22
2012-02-15	394.79
2012-02-16	36.07
2012-02-17	35.47
2012-02-18	34.88
2012-02-19	34.29
2012-02-20	179.66
2012-02-21	39.48
2012-02-22	90.92
2012-02-23	35.30
2012-02-24	344.84
2012-02-25	39.14
2012-02-26	71.84
2012-02-27	148.82
2012-02-28	50.42
2012-02-29	39.04
2012-03-01	38.39
2012-03-02	37.75
2012-03-03	37.12
2012-03-04	36.50
2012-03-05	35.89
2012-03-06	35.29
2012-03-07	39.11
2012-03-08	162.85
2012-03-09	139.43
2012-03-10	36.78
2012-03-11	36.17
2012-03-12	35.56
2012-03-13	34.97
2012-03-14	35.29
2012-03-15	33.83
2012-03-16	33.26
2012-03-17	32.71
2012-03-18	32.16
2012-03-19	35.19
2012-03-20	31.16
2012-03-21	30.64
2012-03-22	30.13
2012-03-23	29.63
2012-03-24	29.13
2012-03-25	32.69
2012-03-26	42.26
2012-03-27	70.39
2012-03-28	28.21
2012-03-29	27.74
2012-03-30	27.28
2012-03-31	50.02
2012-04-01	126.89
2012-04-02	195.05
2012-04-03	266.49
2012-04-04	121.07
2012-04-05	41.84
2012-04-06	33.86
2012-04-07	33.29
2012-04-08	32.74
2012-04-09	32.19
2012-04-10	33.25
2012-04-11	113.94
2012-04-12	654.32
2012-04-13	53.88
2012-04-14	40.98
2012-04-15	111.90
2012-04-16	41.34
2012-04-17	40.11
2012-04-18	240.02
2012-04-19	137.81
2012-04-20	76.06
2012-04-21	42.68
2012-04-22	41.97
2012-04-23	41.27
2012-04-24	40.58
2012-04-25	39.90
2012-04-26	39.24
2012-04-27	38.59
2012-04-28	37.94
2012-04-29	37.31
2012-04-30	36.69
2012-05-01	36.08
2012-05-02	35.48
2012-05-03	34.88
2012-05-04	34.30
2012-05-05	33.73
2012-05-06	33.17
2012-05-07	32.62
2012-05-08	32.07
2012-05-09	31.54
2012-05-10	31.01
2012-05-11	30.50
2012-05-12	59.65
2012-05-13	29.97
2012-05-14	29.47
2012-05-15	28.98
2012-05-16	64.90
2012-05-17	28.60
2012-05-18	129.09
2012-05-19	187.81
2012-05-20	195.22
2012-05-21	37.96
2012-05-22	32.99
2012-05-23	32.44
2012-05-24	31.90
2012-05-25	31.37
2012-05-26	30.84
2012-05-27	30.33
2012-05-28	29.82
2012-05-29	29.33
2012-05-30	28.84
2012-05-31	28.36
2012-06-01	27.88
2012-06-02	27.42
2012-06-03	26.96
2012-06-04	26.51
2012-06-05	32.98
2012-06-06	33.63
2012-06-07	219.34
2012-06-08	164.70
2012-06-09	54.81
2012-06-10	29.78
2012-06-11	31.34
2012-06-12	36.22
2012-06-13	28.47
2012-06-14	28.00
2012-06-15	27.53
2012-06-16	203.08
2012-06-17	30.20
2012-06-18	28.98
2012-06-19	28.49
2012-06-20	28.02
2012-06-21	27.55
2012-06-22	105.03
2012-06-23	51.36
2012-06-24	27.81
2012-06-25	27.35
2012-06-26	26.89
2012-06-27	26.44
2012-06-28	40.88
2012-06-29	45.41
2012-06-30	25.70
2012-07-01	35.27
2012-07-02	25.01
2012-07-03	24.59
2012-07-04	24.18
2012-07-05	23.78
2012-07-06	35.41
2012-07-07	32.73
2012-07-08	22.95
2012-07-09	22.57
2012-07-10	22.19
2012-07-11	21.82
2012-07-12	21.46
2012-07-13	21.10
2012-07-14	275.00
2012-07-15	24.50
2012-07-16	24.10
2012-07-17	23.69
2012-07-18	23.30
2012-07-19	22.91
2012-07-20	22.53
2012-07-21	28.67
2012-07-22	30.46
2012-07-23	21.66
2012-07-24	21.30
2012-07-25	20.95
2012-07-26	20.60
2012-07-27	20.25
2012-07-28	19.92
2012-07-29	19.58
2012-07-30	19.26
2012-07-31	18.94
2012-08-01	18.62
2012-08-02	18.31
2012-08-03	18.01
2012-08-04	17.71
2012-08-05	17.41
2012-08-06	17.12
2012-08-07	16.84
2012-08-08	16.55
2012-08-09	16.28
2012-08-10	16.01
2012-08-11	15.74
2012-08-12	15.48
2012-08-13	15.56
2012-08-14	14.97
2012-08-15	14.72
2012-08-16	14.48
2012-08-17	14.24
2012-08-18	14.00
2012-08-19	13.77
2012-08-20	13.54
2012-08-21	13.31
2012-08-22	13.09
2012-08-23	12.87
2012-08-24	12.66
2012-08-25	12.45
2012-08-26	12.24
2012-08-27	12.03
2012-08-28	11.83
2012-08-29	11.64
2012-08-30	11.44
2012-08-31	11.25
2012-09-01	11.06
2012-09-02	10.88
2012-09-03	10.70
2012-09-04	10.52
2012-09-05	10.34
2012-09-06	10.17
2012-09-07	10.00
2012-09-08	9.84
2012-09-09	9.67
2012-09-10	9.51
2012-09-11	9.35
2012-09-12	9.20
2012-09-13	9.04
2012-09-14	8.89
2012-09-15	8.74
2012-09-16	8.60
2012-09-17	8.46
2012-09-18	8.31
2012-09-19	8.18
2012-09-20	8.04
2012-09-21	7.91
2012-09-22	7.77
2012-09-23	7.64
2012-09-24	7.52
2012-09-25	7.39
2012-09-26	7.27
2012-09-27	7.15
2012-09-28	7.03
2012-09-29	6.91
2012-09-30	106.44
2012-10-01	210.65
2012-10-02	48.46
2012-10-03	13.65
2012-10-04	11.65
2012-10-05	282.77
2012-10-06	311.43
2012-10-07	20.15
2012-10-08	19.81
2012-10-09	19.48
2012-10-10	19.16
2012-10-11	18.84
2012-10-12	267.83
2012-10-13	57.86
2012-10-14	22.44
2012-10-15	22.27
2012-10-16	245.86
2012-10-17	378.04
2012-10-18	55.86
2012-10-19	30.14
2012-10-20	29.63
2012-10-21	29.14
2012-10-22	28.65
2012-10-23	350.44
2012-10-24	228.26
2012-10-25	35.50
2012-10-26	34.91
2012-10-27	34.33
2012-10-28	33.76
2012-10-29	33.20
2012-10-30	32.64
2012-10-31	36.19
2012-11-01	163.36
2012-11-02	33.23
2012-11-03	32.67
2012-11-04	32.13
2012-11-05	31.59
2012-11-06	31.06
2012-11-07	30.55
2012-11-08	30.04
2012-11-09	29.54
2012-11-10	29.05
2012-11-11	28.56
2012-11-12	28.09
2012-11-13	27.62
2012-11-14	27.16
2012-11-15	236.31
2012-11-16	174.04
2012-11-17	94.09
2012-11-18	31.96
2012-11-19	31.42
2012-11-20	30.90
2012-11-21	30.39
2012-11-22	258.36
2012-11-23	33.06
2012-11-24	360.33
2012-11-25	37.49
2012-11-26	36.64
2012-11-27	36.03
2012-11-28	35.43
2012-11-29	46.90
2012-11-30	38.97
2012-12-01	330.72
2012-12-02	339.44
2012-12-03	42.39
2012-12-04	41.68
2012-12-05	40.99
2012-12-06	40.30
2012-12-07	39.63
2012-12-08	38.97
2012-12-09	100.23
2012-12-10	38.68
2012-12-11	195.37
2012-12-12	39.94
2012-12-13	39.27
2012-12-14	38.62
2012-12-15	37.97
2012-12-16	37.34
2012-12-17	36.72
2012-12-18	46.34
2012-12-19	35.67
2012-12-20	35.08
2012-12-21	63.72
2012-12-22	55.87
2012-12-23	34.16
2012-12-24	33.59
2012-12-25	33.03
2012-12-26	110.64
2012-12-27	521.25
2012-12-28	82.50
2012-12-29	40.52
2012-12-30	51.89
2012-12-31	99.80
2013-01-01	39.69
2013-01-02	71.98
2013-01-03	38.91
2013-01-04	38.26
2013-01-05	37.62
2013-01-06	102.55
2013-01-07	82.45
2013-01-08	37.54
2013-01-09	36.91
2013-01-10	36.30
2013-01-11	35.69
2013-01-12	234.64
2013-01-13	37.73
2013-01-14	37.10
2013-01-15	36.48
2013-01-16	35.87
2013-01-17	45.48
2013-01-18	92.89
2013-01-19	35.21
2013-01-20	34.62
2013-01-21	34.04
2013-01-22	33.47
2013-01-23	32.92
2013-01-24	32.37
2013-01-25	52.32
2013-01-26	90.50
2013-01-27	52.00
2013-01-28	54.85
2013-01-29	31.68
2013-01-30	31.15
2013-01-31	30.63
2013-02-01	78.20
2013-02-02	83.14
2013-02-03	284.52
2013-02-04	105.19
2013-02-05	34.89
2013-02-06	34.31
2013-02-07	33.73
2013-02-08	33.17
2013-02-09	32.62
2013-02-10	32.07
2013-02-11	31.54
2013-02-12	31.01
2013-02-13	100.71
2013-02-14	537.75
2013-02-15	89.16
2013-02-16	38.94
2013-02-17	220.33
2013-02-18	40.58
2013-02-19	39.91
2013-02-20	39.24
2013-02-21	38.63
2013-02-22	37.95
2013-02-23	37.31
2013-02-24	36.69
2013-02-25	36.08
2013-02-26	35.48
2013-02-27	41.14
2013-02-28	65.90
2013-03-01	34.34
2013-03-02	166.54
2013-03-03	40.96
2013-03-04	120.38
2013-03-05	35.64
2013-03-06	53.77
2013-03-07	348.31
2013-03-08	188.81
2013-03-09	360.22
2013-03-10	56.53
2013-03-11	44.88
2013-03-12	234.43
2013-03-13	55.28
2013-03-14	45.84
2013-03-15	45.07
2013-03-16	44.32
2013-03-17	94.39
2013-03-18	445.09
2013-03-19	184.58
2013-03-20	78.53
2013-03-21	50.37
2013-03-22	49.53
2013-03-23	149.01
2013-03-24	49.51
2013-03-25	48.69
2013-03-26	47.88
2013-03-27	47.08
2013-03-28	46.29
2013-03-29	45.52
2013-03-30	44.76
2013-03-31	44.02
2013-04-01	43.28
2013-04-02	42.56
2013-04-03	41.85
2013-04-04	41.30
2013-04-05	40.47
2013-04-06	39.80
2013-04-07	39.13
2013-04-08	38.48
2013-04-09	37.84
2013-04-10	37.21
2013-04-11	187.90
2013-04-12	38.42
2013-04-13	37.78
2013-04-14	37.15
2013-04-15	36.53
2013-04-16	35.92
2013-04-17	35.32
2013-04-18	34.73
2013-04-19	34.16
2013-04-20	33.59
2013-04-21	33.03
2013-04-22	34.43
2013-04-23	32.85
2013-04-24	31.45
2013-04-25	39.70
2013-04-26	159.00
2013-04-27	32.11
2013-04-28	31.58
2013-04-29	31.05
2013-04-30	44.60
2013-05-01	30.25
2013-05-02	29.75
2013-05-03	29.25
2013-05-04	28.76
2013-05-05	28.28
2013-05-06	27.81
2013-05-07	27.35
2013-05-08	26.89
2013-05-09	26.44
2013-05-10	26.00
2013-05-11	25.57
2013-05-12	25.14
2013-05-13	156.15
2013-05-14	26.43
2013-05-15	25.99
2013-05-16	25.56
2013-05-17	25.13
2013-05-18	24.71
2013-05-19	126.29
2013-05-20	59.00
2013-05-21	25.65
2013-05-22	97.66
2013-05-23	25.97
2013-05-24	25.54
2013-05-25	25.11
2013-05-26	24.70
2013-05-27	24.28
2013-05-28	23.88
2013-05-29	23.48
2013-05-30	23.09
2013-05-31	22.71
2013-06-01	22.33
2013-06-02	21.96
2013-06-03	247.67
2013-06-04	24.87
2013-06-05	24.46
2013-06-06	24.05
2013-06-07	23.65
2013-06-08	23.26
2013-06-09	22.87
2013-06-10	22.49
2013-06-11	22.11
2013-06-12	21.74
2013-06-13	21.38
2013-06-14	21.03
2013-06-15	20.68
2013-06-16	20.33
2013-06-17	19.99
2013-06-18	19.66
2013-06-19	19.33
2013-06-20	19.01
2013-06-21	18.69
2013-06-22	18.38
2013-06-23	18.07
2013-06-24	17.77
2013-06-25	17.48
2013-06-26	17.19
2013-06-27	16.90
2013-06-28	16.62
2013-06-29	16.34
2013-06-30	16.07
2013-07-01	15.80
2013-07-02	15.54
2013-07-03	15.28
2013-07-04	15.02
2013-07-05	14.77
2013-07-06	14.53
2013-07-07	14.28
2013-07-08	14.05
2013-07-09	13.81
2013-07-10	13.58
2013-07-11	13.36
2013-07-12	13.13
2013-07-13	12.91
2013-07-14	12.70
2013-07-15	12.49
2013-07-16	12.28
2013-07-17	12.07
2013-07-18	11.87
2013-07-19	11.68
2013-07-20	11.48
2013-07-21	11.29
2013-07-22	11.10
2013-07-23	10.92
2013-07-24	10.73
2013-07-25	10.56
2013-07-26	10.38
2013-07-27	10.21
2013-07-28	10.04
2013-07-29	9.87
2013-07-30	9.70
2013-07-31	9.54
2013-08-01	9.38
2013-08-02	9.23
2013-08-03	9.07
2013-08-04	8.92
2013-08-05	8.77
2013-08-06	8.63
2013-08-07	8.48
2013-08-08	8.34
2013-08-09	8.20
2013-08-10	8.07
2013-08-11	7.93
2013-08-12	7.80
2013-08-13	7.67
2013-08-14	7.54
2013-08-15	7.42
2013-08-16	7.29
2013-08-17	7.17
2013-08-18	7.05
2013-08-19	6.93
2013-08-20	6.82
2013-08-21	6.71
2013-08-22	6.59
2013-08-23	6.48
2013-08-24	6.38
2013-08-25	6.27
2013-08-26	6.16
2013-08-27	6.06
2013-08-28	5.96
2013-08-29	5.86
2013-08-30	5.76
2013-08-31	5.67
2013-09-01	5.57
2013-09-02	5.48
2013-09-03	5.39
2013-09-04	5.30
2013-09-05	5.21
2013-09-06	5.12
2013-09-07	5.04
2013-09-08	4.95
2013-09-09	4.87
2013-09-10	4.79
2013-09-11	4.71
2013-09-12	4.63
2013-09-13	4.56
2013-09-14	4.48
2013-09-15	4.40
2013-09-16	4.33
2013-09-17	4.26
2013-09-18	4.19
2013-09-19	4.12
2013-09-20	4.05
2013-09-21	3.98
2013-09-22	3.92
2013-09-23	3.85
2013-09-24	3.79
2013-09-25	3.72
2013-09-26	3.66
2013-09-27	3.60
2013-09-28	3.54
2013-09-29	3.48
2013-09-30	3.42
2013-10-01	3.37
2013-10-02	3.31
2013-10-03	3.25
2013-10-04	3.20
2013-10-05	3.15
2013-10-06	3.09
2013-10-07	3.04
2013-10-08	2.99
2013-10-09	2.94
2013-10-10	2.89
2013-10-11	2.85
2013-10-12	2.80
2013-10-13	2.75
2013-10-14	2.71
2013-10-15	2.66
2013-10-16	2.62
2013-10-17	2.57
2013-10-18	2.53
2013-10-19	2.49
2013-10-20	2.45
2013-10-21	2.41
2013-10-22	2.37
2013-10-23	2.33
2013-10-24	2.29
2013-10-25	2.25
2013-10-26	2.21
2013-10-27	2.17
2013-10-28	2.14
2013-10-29	2.10
2013-10-30	2.07
2013-10-31	2.03
2013-11-01	2.00
2013-11-02	1.97
2013-11-03	1.93
2013-11-04	1.90
2013-11-05	1.87
2013-11-06	1.84
2013-11-07	1.81
2013-11-08	1.78
2013-11-09	1.75
2013-11-10	1.72
2013-11-11	1.69
2013-11-12	1.66
2013-11-13	1.63
2013-11-14	1.61
2013-11-15	1.58
2013-11-16	1.55
2013-11-17	1.53
2013-11-18	1.50
2013-11-19	1.48
2013-11-20	1.45
2013-11-21	1.43
2013-11-22	1.40
2013-11-23	1.38
2013-11-24	1.36
2013-11-25	1.34
2013-11-26	1.31
2013-11-27	1.29
2013-11-28	1.27
2013-11-29	1.25
2013-11-30	1.23
2013-12-01	1.21
2013-12-02	1.19
2013-12-03	1.17
2013-12-04	1.15
2013-12-05	1.13
2013-12-06	1.11
2013-12-07	1.09
2013-12-08	1.07
2013-12-09	1.06
2013-12-10	1.04
2013-12-11	1.02
2013-12-12	1.00
2013-12-13	0.99
2013-12-14	0.97
2013-12-15	0.95
2013-12-16	0.94
2013-12-17	0.92
2013-12-18	0.91
2013-12-19	0.89
2013-12-20	0.88
2013-12-21	0.86
2013-12-22	0.85
2013-12-23	0.83
2013-12-24	0.82
2013-12-25	0.81
2013-12-26	0.79
2013-12-27	0.78
2013-12-28	0.77
2013-12-29	0.75
2013-12-30	0.74
2013-12-31	0.73
2014-01-01	0.72
2014-01-02	0.71
2014-01-03	0.69
2014-01-04	0.68
2014-01-05	0.67
2014-01-06	0.66
2014-01-07	0.65
2014-01-08	0.64
2014-01-09	0.63
2014-01-10	0.62
2014-01-11	0.61
2014-01-12	0.60
2014-01-13	0.59
2014-01-14	0.58
2014-01-15	0.57
2014-01-16	0.56
2014-01-17	0.55
2014-01-18	0.54
2014-01-19	0.53
2014-01-20	0.52
2014-01-21	0.51
2014-01-22	0.50
2014-01-23	0.50
2014-01-24	0.49
2014-01-25	0.48
2014-01-26	0.47
2014-01-27	0.46
2014-01-28	0.46
2014-01-29	26.09
2014-01-30	0.85
2014-01-31	0.84
2014-02-01	0.83
2014-02-02	21.55
2014-02-03	4.36
2014-02-04	2.33
2014-02-05	1.17
2014-02-06	1.15
2014-02-07	1.13
2014-02-08	1.11
2014-02-09	1.09
2014-02-10	1.07
2014-02-11	1.05
2014-02-12	26.51
2014-02-13	288.76
2014-02-14	6.04
2014-02-15	5.94
2014-02-16	5.84
2014-02-17	5.74
2014-02-18	7.11
2014-02-19	5.57
2014-02-20	5.48
2014-02-21	37.25
2014-02-22	5.81
2014-02-23	5.72
2014-02-24	5.62
2014-02-25	111.88
2014-02-26	251.31
2014-02-27	21.27
2014-02-28	10.95
2014-03-01	10.77
2014-03-02	10.59
2014-03-03	12.43
2014-03-04	15.91
2014-03-05	10.19
2014-03-06	10.02
2014-03-07	9.85
2014-03-08	9.69
2014-03-09	9.53
2014-03-10	9.37
2014-03-11	9.21
2014-03-12	9.06
2014-03-13	9.42
2014-03-14	8.77
2014-03-15	14.20
2014-03-16	8.57
2014-03-17	8.43
2014-03-18	73.47
2014-03-19	22.63
2014-03-20	9.26
2014-03-21	9.11
2014-03-22	9.91
2014-03-23	8.82
2014-03-24	8.67
2014-03-25	8.53
2014-03-26	8.39
2014-03-27	15.14
2014-03-28	105.47
2014-03-29	69.04
2014-03-30	20.71
2014-03-31	10.44
2014-04-01	10.27
2014-04-02	10.09
2014-04-03	9.93
2014-04-04	9.76
2014-04-05	9.60
2014-04-06	9.44
2014-04-07	9.28
2014-04-08	9.13
2014-04-09	8.97
2014-04-10	119.75
2014-04-11	12.66
2014-04-12	14.55
2014-04-13	127.02
2014-04-14	11.93
2014-04-15	11.74
2014-04-16	152.18
2014-04-17	13.61
2014-04-18	13.39
2014-04-19	13.16
2014-04-20	12.95
2014-04-21	12.73
2014-04-22	14.07
2014-04-23	14.56
2014-04-24	12.16
2014-04-25	37.04
2014-04-26	12.17
2014-04-27	11.96
2014-04-28	11.76
2014-04-29	11.57
2014-04-30	11.38
2014-05-01	11.19
2014-05-02	11.00
2014-05-03	10.82
2014-05-04	10.64
2014-05-05	22.63
2014-05-06	10.48
2014-05-07	41.34
2014-05-08	10.63
2014-05-09	12.08
2014-05-10	11.50
2014-05-11	23.33
2014-05-12	56.24
2014-05-13	105.79
2014-05-14	187.70
2014-05-15	14.75
2014-05-16	14.51
2014-05-17	14.26
2014-05-18	14.03
2014-05-19	13.79
2014-05-20	13.56
2014-05-21	13.34
2014-05-22	15.31
2014-05-23	320.58
2014-05-24	17.75
2014-05-25	17.38
2014-05-26	17.09
2014-05-27	16.81
2014-05-28	16.53
2014-05-29	17.27
2014-05-30	33.82
2014-05-31	39.68
2014-06-01	106.15
2014-06-02	17.31
2014-06-03	17.03
2014-06-04	16.74
2014-06-05	149.04
2014-06-06	123.04
2014-06-07	180.04
2014-06-08	176.61
2014-06-09	245.31
2014-06-10	27.65
2014-06-11	26.81
2014-06-12	26.36
2014-06-13	25.92
2014-06-14	25.49
2014-06-15	25.07
2014-06-16	24.65
2014-06-17	24.24
2014-06-18	42.37
2014-06-19	23.73
2014-06-20	23.34
2014-06-21	22.95
2014-06-22	31.40
2014-06-23	30.65
2014-06-24	22.10
2014-06-25	21.73
2014-06-26	21.36
2014-06-27	21.01
2014-06-28	20.66
2014-06-29	20.31
2014-06-30	19.98
2014-07-01	19.64
2014-07-02	19.32
2014-07-03	18.99
2014-07-04	18.68
2014-07-05	18.37
2014-07-06	18.06
2014-07-07	17.76
2014-07-08	17.46
2014-07-09	17.17
2014-07-10	16.89
2014-07-11	16.60
2014-07-12	16.33
2014-07-13	16.06
2014-07-14	15.79
2014-07-15	15.52
2014-07-16	15.27
2014-07-17	15.01
2014-07-18	14.76
2014-07-19	14.52
2014-07-20	14.27
2014-07-21	14.04
2014-07-22	13.80
2014-07-23	13.57
2014-07-24	13.35
2014-07-25	13.12
2014-07-26	12.90
2014-07-27	12.69
2014-07-28	12.48
2014-07-29	12.27
2014-07-30	12.06
2014-07-31	11.86
2014-08-01	11.67
2014-08-02	11.47
2014-08-03	11.28
2014-08-04	11.09
2014-08-05	10.91
2014-08-06	10.73
2014-08-07	10.55
2014-08-08	10.37
2014-08-09	10.20
2014-08-10	10.03
2014-08-11	9.86
2014-08-12	9.70
2014-08-13	9.54
2014-08-14	9.38
2014-08-15	9.22
2014-08-16	9.07
2014-08-17	8.92
2014-08-18	8.77
2014-08-19	8.62
2014-08-20	8.48
2014-08-21	8.34
2014-08-22	8.20
2014-08-23	8.06
2014-08-24	7.93
2014-08-25	7.79
2014-08-26	7.66
2014-08-27	7.54
2014-08-28	7.41
2014-08-29	7.29
2014-08-30	7.17
2014-08-31	7.05
2014-09-01	6.93
2014-09-02	6.81
2014-09-03	6.70
2014-09-04	6.59
2014-09-05	6.48
2014-09-06	6.37
2014-09-07	6.26
2014-09-08	6.16
2014-09-09	6.06
2014-09-10	5.96
2014-09-11	5.86
2014-09-12	5.76
2014-09-13	5.66
2014-09-14	5.57
2014-09-15	5.48
2014-09-16	5.38
2014-09-17	5.29
2014-09-18	5.21
2014-09-19	5.12
2014-09-20	5.03
2014-09-21	4.95
2014-09-22	4.87
2014-09-23	4.79
2014-09-24	4.71
2014-09-25	4.63
2014-09-26	4.55
2014-09-27	4.48
2014-09-28	4.40
2014-09-29	4.33
2014-09-30	4.26
2014-10-01	4.18
2014-10-02	4.12
2014-10-03	4.05
2014-10-04	3.98
2014-10-05	3.91
2014-10-06	3.85
2014-10-07	3.78
2014-10-08	3.72
2014-10-09	3.66
2014-10-10	3.60
2014-10-11	3.54
2014-10-12	3.48
2014-10-13	3.42
2014-10-14	3.36
2014-10-15	3.31
2014-10-16	3.25
2014-10-17	3.20
2014-10-18	3.14
2014-10-19	3.09
2014-10-20	3.04
2014-10-21	2.99
2014-10-22	2.94
2014-10-23	2.89
2014-10-24	2.84
2014-10-25	2.80
2014-10-26	2.75
2014-10-27	2.70
2014-10-28	2.66
2014-10-29	2.61
2014-10-30	2.57
2014-10-31	2.53
2014-11-01	2.49
2014-11-02	2.44
2014-11-03	2.40
2014-11-04	2.36
2014-11-05	2.32
2014-11-06	2.29
2014-11-07	2.25
2014-11-08	2.21
2014-11-09	2.17
2014-11-10	2.14
2014-11-11	2.10
2014-11-12	2.07
2014-11-13	2.03
2014-11-14	2.00
2014-11-15	1.96
2014-11-16	1.93
2014-11-17	1.90
2014-11-18	1.87
2014-11-19	1.84
2014-11-20	1.81
2014-11-21	1.78
2014-11-22	1.75
2014-11-23	1.72
2014-11-24	1.69
2014-11-25	1.66
2014-11-26	1.63
2014-11-27	1.61
2014-11-28	1.58
2014-11-29	1.55
2014-11-30	1.53
2014-12-01	1.50
2014-12-02	1.48
2014-12-03	1.45
2014-12-04	1.43
2014-12-05	1.40
2014-12-06	1.38
2014-12-07	1.36
2014-12-08	1.33
2014-12-09	1.31
2014-12-10	1.29
2014-12-11	1.27
2014-12-12	1.25
2014-12-13	1.23
2014-12-14	1.21
2014-12-15	1.19
2014-12-16	1.17
2014-12-17	1.15
2014-12-18	1.13
2014-12-19	1.11
2014-12-20	1.09
2014-12-21	1.07
2014-12-22	1.05
2014-12-23	1.04
2014-12-24	1.02
2014-12-25	1.00
2014-12-26	0.99
2014-12-27	0.97
2014-12-28	0.95
2014-12-29	0.94
2014-12-30	0.92
2014-12-31	0.91
2015-01-01	0.89
2015-01-02	0.88
2015-01-03	0.86
2015-01-04	0.85
2015-01-05	0.83
2015-01-06	0.82
2015-01-07	0.81
2015-01-08	0.79
2015-01-09	0.84
2015-01-10	4.02
2015-01-11	0.81
2015-01-12	1.29
2015-01-13	0.79
2015-01-14	23.69
2015-01-15	1.13
2015-01-16	1.11
2015-01-17	13.55
2015-01-18	1.28
2015-01-19	1.26
2015-01-20	1.23
2015-01-21	6.07
2015-01-22	1.27
2015-01-23	1.25
2015-01-24	1.90
2015-01-25	1.22
2015-01-26	1.20
2015-01-27	1.18
2015-01-28	1.16
2015-01-29	1.14
2015-01-30	1.12
2015-01-31	1.10
2015-02-01	1.08
2015-02-02	1.07
2015-02-03	1.05
2015-02-04	1.03
2015-02-05	13.50
2015-02-06	1.20
2015-02-07	1.18
2015-02-08	1.16
2015-02-09	1.14
2015-02-10	1.12
2015-02-11	1.10
2015-02-12	1.08
2015-02-13	1.07
2015-02-14	12.11
2015-02-15	31.29
2015-02-16	23.35
2015-02-17	12.46
2015-02-18	356.49
2015-02-19	18.88
2015-02-20	9.11
2015-02-21	124.28
2015-02-22	16.05
2015-02-23	9.44
2015-02-24	25.42
2015-02-25	502.17
2015-02-26	235.79
2015-02-27	57.01
2015-02-28	20.96
2015-03-01	20.33
2015-03-02	19.99
2015-03-03	19.99
2015-03-04	19.33
2015-03-05	23.54
2015-03-06	18.77
2015-03-07	18.45
2015-03-08	18.15
2015-03-09	17.84
2015-03-10	17.55
2015-03-11	17.25
2015-03-12	16.97
2015-03-13	16.68
2015-03-14	16.40
2015-03-15	78.62
2015-03-16	34.40
2015-03-17	22.31
2015-03-18	16.68
2015-03-19	16.40
2015-03-20	32.93
2015-03-21	158.69
2015-03-22	292.37
2015-03-23	152.00
2015-03-24	24.00
2015-03-25	326.84
2015-03-26	38.72
2015-03-27	42.13
2015-03-28	53.22
2015-03-29	27.52
2015-03-30	36.25
2015-03-31	309.00
2015-04-01	64.02
2015-04-02	171.05
2015-04-03	46.08
2015-04-04	32.30
2015-04-05	31.76
2015-04-06	31.23
2015-04-07	30.71
2015-04-08	30.20
2015-04-09	29.69
2015-04-10	29.20
2015-04-11	28.71
2015-04-12	28.23
2015-04-13	27.76
2015-04-14	27.30
2015-04-15	49.65
2015-04-16	26.77
2015-04-17	26.32
2015-04-18	25.88
2015-04-19	32.12
2015-04-20	97.94
2015-04-21	47.65
2015-04-22	25.81
2015-04-23	25.38
2015-04-24	24.95
2015-04-25	24.54
2015-04-26	24.13
2015-04-27	23.73
2015-04-28	23.33
2015-04-29	22.94
2015-04-30	22.56
2015-05-01	22.18
2015-05-02	21.81
2015-05-03	21.45
2015-05-04	21.09
2015-05-05	20.74
2015-05-06	20.40
2015-05-07	20.06
2015-05-08	19.72
2015-05-09	19.39
2015-05-10	19.07
2015-05-11	18.75
2015-05-12	18.44
2015-05-13	18.13
2015-05-14	17.83
2015-05-15	17.53
2015-05-16	146.87
2015-05-17	328.15
2015-05-18	438.22
2015-05-19	202.04
2015-05-20	65.59
2015-05-21	39.16
2015-05-22	90.97
2015-05-23	32.26
2015-05-24	31.73
2015-05-25	31.20
2015-05-26	32.98
2015-05-27	81.32
2015-05-28	30.52
2015-05-29	30.02
2015-05-30	29.51
2015-05-31	29.02
2015-06-01	28.54
2015-06-02	28.06
2015-06-03	27.60
2015-06-04	27.14
2015-06-05	26.68
2015-06-06	26.24
2015-06-07	25.80
2015-06-08	25.37
2015-06-09	24.95
2015-06-10	24.53
2015-06-11	24.12
2015-06-12	23.72
2015-06-13	23.33
2015-06-14	22.94
2015-06-15	22.56
2015-06-16	22.18
2015-06-17	21.81
2015-06-18	21.45
2015-06-19	21.09
2015-06-20	20.74
2015-06-21	20.39
2015-06-22	20.05
2015-06-23	19.72
2015-06-24	19.39
2015-06-25	19.07
2015-06-26	18.75
2015-06-27	18.44
2015-06-28	18.13
2015-06-29	17.83
2015-06-30	17.53
2015-07-01	17.24
2015-07-02	16.95
2015-07-03	16.67
2015-07-04	16.39
2015-07-05	16.12
2015-07-06	15.85
2015-07-07	15.58
2015-07-08	15.32
2015-07-09	35.52
2015-07-10	15.15
2015-07-11	14.89
2015-07-12	14.65
2015-07-13	14.40
2015-07-14	14.16
2015-07-15	13.93
2015-07-16	13.69
2015-07-17	13.74
2015-07-18	69.60
2015-07-19	52.08
2015-07-20	14.32
2015-07-21	14.08
2015-07-22	120.48
2015-07-23	674.73
2015-07-24	30.96
2015-07-25	180.77
2015-07-26	54.24
2015-07-27	27.42
2015-07-28	26.96
2015-07-29	26.51
2015-07-30	26.07
2015-07-31	25.64
2015-08-01	25.21
2015-08-02	215.54
2015-08-03	27.45
2015-08-04	26.99
2015-08-05	30.67
2015-08-06	31.79
2015-08-07	219.62
2015-08-08	47.06
2015-08-09	29.33
2015-08-10	27.88
2015-08-11	34.21
2015-08-12	29.73
2015-08-13	76.58
2015-08-14	59.53
2015-08-15	27.10
2015-08-16	26.64
2015-08-17	26.20
2015-08-18	25.76
2015-08-19	25.33
2015-08-20	24.91
2015-08-21	24.50
2015-08-22	24.09
2015-08-23	23.69
2015-08-24	23.29
2015-08-25	22.90
2015-08-26	22.52
2015-08-27	22.15
2015-08-28	21.78
2015-08-29	21.42
2015-08-30	21.06
2015-08-31	20.71
2015-09-01	20.36
2015-09-02	20.02
2015-09-03	19.69
2015-09-04	19.36
2015-09-05	40.98
2015-09-06	49.74
2015-09-07	44.84
2015-09-08	103.73
2015-09-09	180.00
2015-09-10	122.57
2015-09-11	23.85
2015-09-12	23.45
2015-09-13	23.06
2015-09-14	22.68
2015-09-15	22.30
2015-09-16	21.93
2015-09-17	21.56
2015-09-18	21.20
2015-09-19	20.85
2015-09-20	20.50
2015-09-21	20.16
2015-09-22	19.82
2015-09-23	19.49
2015-09-24	19.17
2015-09-25	18.85
2015-09-26	18.53
2015-09-27	18.23
2015-09-28	17.92
2015-09-29	17.62
2015-09-30	17.33
2015-10-01	17.04
2015-10-02	16.76
2015-10-03	16.48
2015-10-04	16.20
2015-10-05	15.93
2015-10-06	15.67
2015-10-07	15.41
2015-10-08	15.15
2015-10-09	14.90
2015-10-10	14.65
2015-10-11	14.40
2015-10-12	14.16
2015-10-13	13.93
2015-10-14	13.70
2015-10-15	13.47
2015-10-16	13.24
2015-10-17	13.02
2015-10-18	12.81
2015-10-19	12.59
2015-10-20	12.38
2015-10-21	12.18
2015-10-22	11.97
2015-10-23	11.77
2015-10-24	32.85
2015-10-25	73.02
2015-10-26	12.52
2015-10-27	12.31
2015-10-28	12.11
2015-10-29	11.90
2015-10-30	11.71
2015-10-31	11.51
2015-11-01	11.32
2015-11-02	11.13
2015-11-03	10.94
2015-11-04	10.76
2015-11-05	10.58
2015-11-06	10.41
2015-11-07	10.23
2015-11-08	10.06
2015-11-09	9.89
2015-11-10	9.73
2015-11-11	9.57
2015-11-12	9.41
2015-11-13	9.25
2015-11-14	9.10
2015-11-15	8.95
2015-11-16	8.80
2015-11-17	8.65
2015-11-18	8.51
2015-11-19	8.36
2015-11-20	8.22
2015-11-21	8.09
2015-11-22	7.95
2015-11-23	7.82
2015-11-24	7.69
2015-11-25	7.56
2015-11-26	7.44
2015-11-27	7.31
2015-11-28	7.19
2015-11-29	7.07
2015-11-30	6.95
2015-12-01	6.84
2015-12-02	6.72
2015-12-03	6.61
2015-12-04	6.50
2015-12-05	43.27
2015-12-06	21.15
2015-12-07	7.63
2015-12-08	6.89
2015-12-09	6.77
2015-12-10	6.66
2015-12-11	54.42
2015-12-12	7.21
2015-12-13	32.33
2015-12-14	7.38
2015-12-15	10.74
2015-12-16	81.16
2015-12-17	36.25
2015-12-18	8.58
2015-12-19	61.46
2015-12-20	9.15
2015-12-21	478.46
2015-12-22	16.52
2015-12-23	427.47
2015-12-24	175.33
2015-12-25	24.59
2015-12-26	24.18
2015-12-27	23.78
2015-12-28	23.38
2015-12-29	27.83
2015-12-30	26.52
2015-12-31	22.37
