2000-01-01	14.15
2000-01-02	13.91
2000-01-03	13.68
2000-01-04	13.45
2000-01-05	13.23
2000-01-06	13.01
2000-01-07	12.79
2000-01-08	12.58
2000-01-09	12.37
2000-01-10	12.16
2000-01-11	11.96
2000-01-12	11.76
2000-01-13	11.56
2000-01-14	11.37
2000-01-15	11.18
2000-01-16	10.99
2000-01-17	10.81
2000-01-18	10.63
2000-01-19	10.45
2000-01-20	10.28
2000-01-21	10.11
2000-01-22	9.94
2000-01-23	9.77
2000-01-24	9.61
2000-01-25	9.45
2000-01-26	9.29
2000-01-27	9.14
2000-01-28	8.99
2000-01-29	8.84
2000-01-30	8.69
2000-01-31	8.54
2000-02-01	8.40
2000-02-02	8.26
2000-02-03	8.12
2000-02-04	7.99
2000-02-05	7.86
2000-02-06	7.72
2000-02-07	7.60
2000-02-08	7.47
2000-02-09	68.17
2000-02-10	68.17
2000-02-11	68.17
2000-02-12	46.26
2000-02-13	45.49
2000-02-14	44.73
2000-02-15	68.17
2000-02-16	68.17
2000-02-17	68.17
2000-02-18	68.17
2000-02-19	68.17
2000-02-20	68.17
2000-02-21	68.17
2000-02-22	68.17
2000-02-23	68.17
2000-02-24	68.17
2000-02-25	68.17
2000-02-26	68.17
2000-02-27	68.17
2000-02-28	68.17
2000-02-29	68.17
2000-03-01	68.17
2000-03-02	68.17
2000-03-03	68.17
2000-03-04	68.17
2000-03-05	68.17
2000-03-06	68.17
2000-03-07	68.17
2000-03-08	68.17
2000-03-09	68.17
2000-03-10	68.17
2000-03-11	68.17
2000-03-12	68.17
2000-03-13	68.17
2000-03-14	68.17
2000-03-15	68.17
2000-03-16	68.17
2000-03-17	68.17
2000-03-18	68.17
2000-03-19	68.17
2000-03-20	68.17
2000-03-21	68.17
2000-03-22	68.17
2000-03-23	68.17
2000-03-24	68.17
2000-03-25	68.17
2000-03-26	68.17
2000-03-27	68.17
2000-03-28	68.17
2000-03-29	68.17
2000-03-30	68.17
2000-03-31	68.17
2000-04-01	68.17
2000-04-02	68.17
2000-04-03	68.17
2000-04-04	68.17
2000-04-05	68.17
2000-04-06	68.17
2000-04-07	68.17
2000-04-08	68.17
2000-04-09	68.17
2000-04-10	68.17
2000-04-11	68.17
2000-04-12	68.17
2000-04-13	68.17
2000-04-14	68.17
2000-04-15	68.17
2000-04-16	68.17
2000-04-17	68.17
2000-04-18	68.17
2000-04-19	68.17
2000-04-20	68.17
2000-04-21	68.17
2000-04-22	68.17
2000-04-23	68.17
2000-04-24	68.17
2000-04-25	68.17
2000-04-26	68.17
2000-04-27	68.17
2000-04-28	68.17
2000-04-29	68.17
2000-04-30	68.17
2000-05-01	68.17
2000-05-02	68.17
2000-05-03	68.17
2000-05-04	68.17
2000-05-05	68.17
2000-05-06	68.17
2000-05-07	68.17
2000-05-08	68.17
2000-05-09	68.17
2000-05-10	68.17
2000-05-11	68.17
2000-05-12	68.17
2000-05-13	68.17
2000-05-14	68.17
2000-05-15	68.17
2000-05-16	68.17
2000-05-17	68.17
2000-05-18	68.17
2000-05-19	68.17
2000-05-20	68.17
2000-05-21	68.17
2000-05-22	68.17
2000-05-23	68.17
2000-05-24	68.17
2000-05-25	68.17
2000-05-26	68.17
2000-05-27	65.82
2000-05-28	65.55
2000-05-29	65.57
2000-05-30	65.71
2000-05-31	65.86
2000-06-01	68.17
2000-06-02	68.17
2000-06-03	68.17
2000-06-04	68.17
2000-06-05	68.17
2000-06-06	68.17
2000-06-07	68.17
2000-06-08	68.17
2000-06-09	68.17
2000-06-10	68.17
2000-06-11	68.17
2000-06-12	68.17
2000-06-13	68.17
2000-06-14	68.17
2000-06-15	65.83
2000-06-16	68.17
2000-06-17	68.17
2000-06-18	68.17
2000-06-19	68.17
2000-06-20	68.17
2000-06-21	68.17
2000-06-22	68.17
2000-06-23	68.17
2000-06-24	68.17
2000-06-25	68.17
2000-06-26	68.17
2000-06-27	68.17
2000-06-28	68.17
2000-06-29	68.17
2000-06-30	68.17
2000-07-01	68.17
2000-07-02	68.17
2000-07-03	68.17
2000-07-04	68.17
2000-07-05	68.17
2000-07-06	68.17
2000-07-07	68.17
2000-07-08	68.17
2000-07-09	68.17
2000-07-10	68.17
2000-07-11	68.17
2000-07-12	68.17
2000-07-13	68.17
2000-07-14	68.17
2000-07-15	68.17
2000-07-16	68.17
2000-07-17	68.17
2000-07-18	68.17
2000-07-19	68.17
2000-07-20	68.17
2000-07-21	68.17
2000-07-22	68.17
2000-07-23	65.69
2000-07-24	65.37
2000-07-25	65.81
2000-07-26	65.86
2000-07-27	68.17
2000-07-28	68.17
2000-07-29	68.17
2000-07-30	68.17
2000-07-31	68.17
2000-08-01	68.17
2000-08-02	68.17
2000-08-03	65.59
2000-08-04	64.92
2000-08-05	65.58
2000-08-06	65.65
2000-08-07	68.17
2000-08-08	68.17
2000-08-09	68.17
2000-08-10	68.17
2000-08-11	68.17
2000-08-12	68.17
2000-08-13	68.17
2000-08-14	68.17
2000-08-15	65.95
2000-08-16	65.89
2000-08-17	65.68
2000-08-18	65.92
2000-08-19	68.17
2000-08-20	68.17
2000-08-21	68.17
2000-08-22	68.17
2000-08-23	68.17
2000-08-24	68.17
2000-08-25	68.17
2000-08-26	68.17
2000-08-27	65.74
2000-08-28	65.59
2000-08-29	68.17
2000-08-30	68.17
2000-08-31	68.17
2000-09-01	68.17
2000-09-02	68.17
2000-09-03	68.17
2000-09-04	68.17
2000-09-05	68.17
2000-09-06	68.17
2000-09-07	68.17
2000-09-08	68.17
2000-09-09	68.17
2000-09-10	68.17
2000-09-11	68.17
2000-09-12	68.17
2000-09-13	68.17
2000-09-14	68.17
2000-09-15	68.17
2000-09-16	68.17
2000-09-17	68.17
2000-09-18	68.17
2000-09-19	68.17
2000-09-20	68.17
2000-09-21	68.17
2000-09-22	68.17
2000-09-23	68.17
2000-09-24	68.17
2000-09-25	68.17
2000-09-26	68.17
2000-09-27	68.17
2000-09-28	68.17
2000-09-29	67.96
2000-09-30	66.82
2000-10-01	65.71
2000-10-02	64.62
2000-10-03	63.54
2000-10-04	62.48
2000-10-05	61.44
2000-10-06	60.41
2000-10-07	59.41
2000-10-08	58.42
2000-10-09	57.44
2000-10-10	56.49
2000-10-11	55.55
2000-10-12	54.62
2000-10-13	53.71
2000-10-14	52.81
2000-10-15	51.93
2000-10-16	51.07
2000-10-17	50.22
2000-10-18	49.38
2000-10-19	48.56
2000-10-20	47.75
2000-10-21	46.95
2000-10-22	46.17
2000-10-23	45.40
2000-10-24	44.64
2000-10-25	43.90
2000-10-26	43.17
2000-10-27	42.45
2000-10-28	41.74
2000-10-29	41.04
2000-10-30	40.36
2000-10-31	39.69
2000-11-01	39.03
2000-11-02	38.38
2000-11-03	37.74
2000-11-04	37.11
2000-11-05	36.49
2000-11-06	35.88
2000-11-07	35.28
2000-11-08	34.69
2000-11-09	34.12
2000-11-10	33.55
2000-11-11	32.99
2000-11-12	32.44
2000-11-13	31.90
2000-11-14	31.37
2000-11-15	30.84
2000-11-16	30.33
2000-11-17	29.82
2000-11-18	29.33
2000-11-19	28.84
2000-11-20	28.36
2000-11-21	27.89
2000-11-22	27.42
2000-11-23	26.96
2000-11-24	26.51
2000-11-25	26.07
2000-11-26	25.64
2000-11-27	25.21
2000-11-28	24.79
2000-11-29	24.38
2000-11-30	23.97
2000-12-01	23.57
2000-12-02	23.18
2000-12-03	22.79
2000-12-04	22.41
2000-12-05	22.04
2000-12-06	21.67
2000-12-07	21.31
2000-12-08	20.96
2000-12-09	20.61
2000-12-10	20.26
2000-12-11	19.92
2000-12-12	19.59
2000-12-13	19.27
2000-12-14	18.94
2000-12-15	18.63
2000-12-16	18.32
2000-12-17	18.01
2000-12-18	17.71
2000-12-19	17.42
2000-12-20	17.13
2000-12-21	16.84
2000-12-22	16.56
2000-12-23	68.17
2000-12-24	17.99
2000-12-25	17.69
2000-12-26	17.39
2000-12-27	17.10
2000-12-28	16.82
2000-12-29	16.54
2000-12-30	16.26
2000-12-31	15.99
2001-01-01	15.72
2001-01-02	15.46
2001-01-03	15.20
2001-01-04	14.95
2001-01-05	14.70
2001-01-06	14.46
2001-01-07	14.22
2001-01-08	13.98
2001-01-09	68.17
2001-01-10	19.40
2001-01-11	19.08
2001-01-12	18.76
2001-01-13	18.45
2001-01-14	18.14
2001-01-15	17.84
2001-01-16	17.54
2001-01-17	17.25
2001-01-18	16.96
2001-01-19	16.68
2001-01-20	16.40
2001-01-21	16.13
2001-01-22	68.17
2001-01-23	33.71
2001-01-24	68.17
2001-01-25	68.17
2001-01-26	30.07
2001-01-27	29.56
2001-01-28	29.07
2001-01-29	28.59
2001-01-30	28.11
2001-01-31	27.64
2001-02-01	27.18
2001-02-02	26.73
2001-02-03	26.28
2001-02-04	25.84
2001-02-05	25.41
2001-02-06	24.99
2001-02-07	24.57
2001-02-08	24.16
2001-02-09	23.76
2001-02-10	23.37
2001-02-11	22.98
2001-02-12	22.59
2001-02-13	22.22
2001-02-14	21.85
2001-02-15	21.48
2001-02-16	21.12
2001-02-17	20.77
2001-02-18	20.43
2001-02-19	20.09
2001-02-20	19.75
2001-02-21	19.42
2001-02-22	19.10
2001-02-23	18.78
2001-02-24	18.47
2001-02-25	18.16
2001-02-26	17.86
2001-02-27	17.56
2001-02-28	17.27
2001-03-01	16.98
2001-03-02	16.70
2001-03-03	16.42
2001-03-04	16.14
2001-03-05	15.87
2001-03-06	15.61
2001-03-07	15.35
2001-03-08	68.17
2001-03-09	68.17
2001-03-10	68.17
2001-03-11	68.17
2001-03-12	68.17
2001-03-13	68.17
2001-03-14	68.17
2001-03-15	68.17
2001-03-16	68.17
2001-03-17	68.17
2001-03-18	68.17
2001-03-19	68.17
2001-03-20	68.17
2001-03-21	68.17
2001-03-22	68.17
2001-03-23	68.17
2001-03-24	68.17
2001-03-25	68.17
2001-03-26	68.17
2001-03-27	68.17
2001-03-28	68.17
2001-03-29	68.17
2001-03-30	68.17
2001-03-31	68.17
2001-04-01	68.17
2001-04-02	68.17
2001-04-03	68.17
2001-04-04	68.17
2001-04-05	68.17
2001-04-06	68.17
2001-04-07	68.17
2001-04-08	68.17
2001-04-09	68.17
2001-04-10	68.17
2001-04-11	68.17
2001-04-12	68.17
2001-04-13	68.17
2001-04-14	68.17
2001-04-15	68.17
2001-04-16	68.17
2001-04-17	68.17
2001-04-18	68.17
2001-04-19	68.17
2001-04-20	68.17
2001-04-21	68.17
2001-04-22	68.17
2001-04-23	68.17
2001-04-24	68.17
2001-04-25	68.17
2001-04-26	68.17
2001-04-27	68.17
2001-04-28	68.17
2001-04-29	68.17
2001-04-30	68.17
2001-05-01	68.17
2001-05-02	68.17
2001-05-03	68.17
2001-05-04	68.17
2001-05-05	68.17
2001-05-06	68.17
2001-05-07	68.17
2001-05-08	68.17
2001-05-09	68.17
2001-05-10	68.17
2001-05-11	68.17
2001-05-12	68.17
2001-05-13	68.17
2001-05-14	68.17
2001-05-15	68.17
2001-05-16	68.17
2001-05-17	68.17
2001-05-18	68.17
2001-05-19	68.17
2001-05-20	68.17
2001-05-21	68.17
2001-05-22	68.17
2001-05-23	68.17
2001-05-24	68.17
2001-05-25	68.17
2001-05-26	68.17
2001-05-27	68.17
2001-05-28	68.17
2001-05-29	68.17
2001-05-30	68.17
2001-05-31	68.17
2001-06-01	68.17
2001-06-02	68.17
2001-06-03	68.17
2001-06-04	68.17
2001-06-05	68.17
2001-06-06	68.17
2001-06-07	68.17
2001-06-08	68.17
2001-06-09	68.17
2001-06-10	68.17
2001-06-11	68.17
2001-06-12	68.17
2001-06-13	68.17
2001-06-14	68.17
2001-06-15	65.87
2001-06-16	65.80
2001-06-17	68.17
2001-06-18	68.17
2001-06-19	68.17
2001-06-20	68.17
2001-06-21	68.17
2001-06-22	68.17
2001-06-23	68.17
2001-06-24	68.17
2001-06-25	68.17
2001-06-26	68.17
2001-06-27	68.17
2001-06-28	68.17
2001-06-29	68.17
2001-06-30	68.17
2001-07-01	68.17
2001-07-02	68.17
2001-07-03	68.17
2001-07-04	68.17
2001-07-05	68.17
2001-07-06	68.17
2001-07-07	68.17
2001-07-08	68.17
2001-07-09	68.17
2001-07-10	68.17
2001-07-11	68.17
2001-07-12	68.17
2001-07-13	68.17
2001-07-14	68.17
2001-07-15	68.17
2001-07-16	68.17
2001-07-17	68.17
2001-07-18	68.17
2001-07-19	68.17
2001-07-20	68.17
2001-07-21	68.17
2001-07-22	68.17
2001-07-23	68.17
2001-07-24	68.17
2001-07-25	68.17
2001-07-26	68.17
2001-07-27	68.17
2001-07-28	68.17
2001-07-29	68.17
2001-07-30	68.17
2001-07-31	68.17
2001-08-01	68.17
2001-08-02	68.17
2001-08-03	68.17
2001-08-04	68.17
2001-08-05	68.17
2001-08-06	68.17
2001-08-07	65.89
2001-08-08	65.46
2001-08-09	65.75
2001-08-10	64.48
2001-08-11	64.93
2001-08-12	65.48
2001-08-13	65.81
2001-08-14	65.58
2001-08-15	65.35
2001-08-16	65.68
2001-08-17	65.75
2001-08-18	65.85
2001-08-19	65.69
2001-08-20	64.80
2001-08-21	65.33
2001-08-22	64.59
2001-08-23	65.51
2001-08-24	65.94
2001-08-25	68.17
2001-08-26	68.17
2001-08-27	68.17
2001-08-28	68.17
2001-08-29	65.80
2001-08-30	68.17
2001-08-31	68.17
2001-09-01	68.17
2001-09-02	68.17
2001-09-03	68.17
2001-09-04	68.17
2001-09-05	68.17
2001-09-06	68.17
2001-09-07	68.17
2001-09-08	68.17
2001-09-09	68.17
2001-09-10	68.17
2001-09-11	68.17
2001-09-12	68.17
2001-09-13	68.17
2001-09-14	68.17
2001-09-15	68.17
2001-09-16	68.17
2001-09-17	68.17
2001-09-18	68.17
2001-09-19	68.17
2001-09-20	68.17
2001-09-21	68.17
2001-09-22	68.17
2001-09-23	68.17
2001-09-24	68.17
2001-09-25	68.17
2001-09-26	68.17
2001-09-27	68.17
2001-09-28	68.17
2001-09-29	68.17
2001-09-30	68.17
2001-10-01	68.17
2001-10-02	68.17
2001-10-03	68.17
2001-10-04	68.17
2001-10-05	68.17
2001-10-06	68.17
2001-10-07	68.17
2001-10-08	68.17
2001-10-09	68.17
2001-10-10	68.17
2001-10-11	68.17
2001-10-12	68.17
2001-10-13	68.17
2001-10-14	68.17
2001-10-15	68.17
2001-10-16	68.17
2001-10-17	68.17
2001-10-18	68.17
2001-10-19	68.17
2001-10-20	68.17
2001-10-21	68.17
2001-10-22	68.17
2001-10-23	68.17
2001-10-24	68.17
2001-10-25	68.17
2001-10-26	68.17
2001-10-27	68.17
2001-10-28	68.17
2001-10-29	68.17
2001-10-30	68.17
2001-10-31	68.17
2001-11-01	68.17
2001-11-02	68.17
2001-11-03	68.17
2001-11-04	68.17
2001-11-05	68.17
2001-11-06	68.17
2001-11-07	68.17
2001-11-08	68.17
2001-11-09	68.17
2001-11-10	68.17
2001-11-11	68.17
2001-11-12	68.17
2001-11-13	68.17
2001-11-14	68.17
2001-11-15	68.17
2001-11-16	68.17
2001-11-17	68.17
2001-11-18	68.17
2001-11-19	68.17
2001-11-20	68.17
2001-11-21	68.17
2001-11-22	68.17
2001-11-23	68.17
2001-11-24	68.17
2001-11-25	68.17
2001-11-26	68.17
2001-11-27	68.17
2001-11-28	68.17
2001-11-29	68.17
2001-11-30	68.17
2001-12-01	68.17
2001-12-02	68.17
2001-12-03	68.17
2001-12-04	68.17
2001-12-05	68.17
2001-12-06	68.17
2001-12-07	68.17
2001-12-08	68.17
2001-12-09	68.17
2001-12-10	68.17
2001-12-11	68.17
2001-12-12	68.17
2001-12-13	68.17
2001-12-14	68.17
2001-12-15	68.17
2001-12-16	68.17
2001-12-17	68.17
2001-12-18	68.17
2001-12-19	68.17
2001-12-20	68.17
2001-12-21	68.17
2001-12-22	68.17
2001-12-23	68.17
2001-12-24	68.17
2001-12-25	68.17
2001-12-26	68.17
2001-12-27	68.17
2001-12-28	68.17
2001-12-29	68.17
2001-12-30	68.17
2001-12-31	68.17
2002-01-01	68.17
2002-01-02	68.17
2002-01-03	68.17
2002-01-04	68.17
2002-01-05	68.17
2002-01-06	68.17
2002-01-07	68.17
2002-01-08	68.17
2002-01-09	68.17
2002-01-10	68.17
2002-01-11	68.17
2002-01-12	68.17
2002-01-13	68.17
2002-01-14	68.17
2002-01-15	67.70
2002-01-16	66.57
2002-01-17	65.46
2002-01-18	64.37
2002-01-19	63.29
2002-01-20	62.24
2002-01-21	61.20
2002-01-22	60.18
2002-01-23	59.18
2002-01-24	58.19
2002-01-25	57.22
2002-01-26	56.27
2002-01-27	55.33
2002-01-28	54.41
2002-01-29	53.50
2002-01-30	68.17
2002-01-31	52.93
2002-02-01	52.05
2002-02-02	68.17
2002-02-03	50.67
2002-02-04	49.82
2002-02-05	68.17
2002-02-06	52.71
2002-02-07	51.83
2002-02-08	50.97
2002-02-09	50.12
2002-02-10	49.28
2002-02-11	48.46
2002-02-12	47.65
2002-02-13	46.86
2002-02-14	46.08
2002-02-15	45.31
2002-02-16	44.55
2002-02-17	43.81
2002-02-18	43.08
2002-02-19	42.36
2002-02-20	41.66
2002-02-21	40.96
2002-02-22	40.28
2002-02-23	39.61
2002-02-24	38.95
2002-02-25	38.30
2002-02-26	37.66
2002-02-27	37.03
2002-02-28	36.42
2002-03-01	35.81
2002-03-02	35.21
2002-03-03	34.63
2002-03-04	68.17
2002-03-05	68.17
2002-03-06	39.88
2002-03-07	39.21
2002-03-08	38.56
2002-03-09	37.92
2002-03-10	37.28
2002-03-11	36.66
2002-03-12	36.05
2002-03-13	35.45
2002-03-14	34.86
2002-03-15	34.28
2002-03-16	33.71
2002-03-17	33.15
2002-03-18	32.59
2002-03-19	32.05
2002-03-20	31.52
2002-03-21	30.99
2002-03-22	30.47
2002-03-23	29.97
2002-03-24	29.47
2002-03-25	28.98
2002-03-26	28.49
2002-03-27	42.51
2002-03-28	27.78
2002-03-29	27.32
2002-03-30	26.87
2002-03-31	26.42
2002-04-01	68.17
2002-04-02	27.75
2002-04-03	27.28
2002-04-04	26.83
2002-04-05	68.17
2002-04-06	68.17
2002-04-07	35.03
2002-04-08	34.45
2002-04-09	33.87
2002-04-10	33.31
2002-04-11	32.75
2002-04-12	32.21
2002-04-13	31.67
2002-04-14	31.14
2002-04-15	68.17
2002-04-16	31.40
2002-04-17	68.17
2002-04-18	33.48
2002-04-19	68.17
2002-04-20	32.95
2002-04-21	32.41
2002-04-22	31.87
2002-04-23	31.33
2002-04-24	30.81
2002-04-25	30.30
2002-04-26	29.79
2002-04-27	29.30
2002-04-28	28.81
2002-04-29	28.33
2002-04-30	27.86
2002-05-01	27.39
2002-05-02	26.94
2002-05-03	26.49
2002-05-04	26.05
2002-05-05	25.61
2002-05-06	68.17
2002-05-07	42.93
2002-05-08	42.22
2002-05-09	41.52
2002-05-10	68.17
2002-05-11	68.17
2002-05-12	68.17
2002-05-13	68.17
2002-05-14	68.17
2002-05-15	68.17
2002-05-16	68.17
2002-05-17	68.17
2002-05-18	68.17
2002-05-19	68.17
2002-05-20	68.17
2002-05-21	68.17
2002-05-22	68.17
2002-05-23	68.17
2002-05-24	68.17
2002-05-25	68.17
2002-05-26	68.17
2002-05-27	68.17
2002-05-28	68.17
2002-05-29	68.17
2002-05-30	68.17
2002-05-31	68.17
2002-06-01	68.17
2002-06-02	68.17
2002-06-03	68.17
2002-06-04	68.17
2002-06-05	68.17
2002-06-06	68.17
2002-06-07	68.17
2002-06-08	68.17
2002-06-09	68.17
2002-06-10	68.17
2002-06-11	68.17
2002-06-12	68.17
2002-06-13	68.17
2002-06-14	68.17
2002-06-15	68.17
2002-06-16	68.17
2002-06-17	68.17
2002-06-18	68.17
2002-06-19	68.17
2002-06-20	68.17
2002-06-21	68.17
2002-06-22	68.17
2002-06-23	68.17
2002-06-24	68.17
2002-06-25	68.17
2002-06-26	68.17
2002-06-27	65.58
2002-06-28	65.83
2002-06-29	65.80
2002-06-30	68.17
2002-07-01	68.17
2002-07-02	68.17
2002-07-03	68.17
2002-07-04	68.17
2002-07-05	68.17
2002-07-06	68.17
2002-07-07	68.17
2002-07-08	68.17
2002-07-09	68.17
2002-07-10	68.17
2002-07-11	68.17
2002-07-12	68.17
2002-07-13	68.17
2002-07-14	68.17
2002-07-15	68.17
2002-07-16	68.17
2002-07-17	68.17
2002-07-18	68.17
2002-07-19	68.17
2002-07-20	68.17
2002-07-21	68.17
2002-07-22	68.17
2002-07-23	68.17
2002-07-24	68.17
2002-07-25	65.89
2002-07-26	68.17
2002-07-27	68.17
2002-07-28	68.17
2002-07-29	68.17
2002-07-30	68.17
2002-07-31	68.17
2002-08-01	68.17
2002-08-02	68.17
2002-08-03	68.17
2002-08-04	68.17
2002-08-05	68.17
2002-08-06	68.17
2002-08-07	68.17
2002-08-08	68.17
2002-08-09	68.17
2002-08-10	68.17
2002-08-11	68.17
2002-08-12	68.17
2002-08-13	68.17
2002-08-14	68.17
2002-08-15	68.17
2002-08-16	68.17
2002-08-17	68.17
2002-08-18	68.17
2002-08-19	68.17
2002-08-20	68.17
2002-08-21	68.17
2002-08-22	68.17
2002-08-23	68.17
2002-08-24	68.17
2002-08-25	68.17
2002-08-26	68.17
2002-08-27	68.17
2002-08-28	68.17
2002-08-29	68.17
2002-08-30	68.17
2002-08-31	68.17
2002-09-01	68.17
2002-09-02	68.17
2002-09-03	68.17
2002-09-04	68.17
2002-09-05	68.17
2002-09-06	65.77
2002-09-07	65.88
2002-09-08	68.17
2002-09-09	68.17
2002-09-10	68.17
2002-09-11	68.17
2002-09-12	68.17
2002-09-13	68.17
2002-09-14	68.17
2002-09-15	68.17
2002-09-16	68.17
2002-09-17	68.17
2002-09-18	68.17
2002-09-19	68.17
2002-09-20	68.17
2002-09-21	68.17
2002-09-22	68.17
2002-09-23	68.17
2002-09-24	68.17
2002-09-25	68.17
2002-09-26	68.17
2002-09-27	68.17
2002-09-28	68.17
2002-09-29	68.17
2002-09-30	68.17
2002-10-01	68.17
2002-10-02	68.17
2002-10-03	68.17
2002-10-04	68.17
2002-10-05	68.17
2002-10-06	68.17
2002-10-07	68.17
2002-10-08	68.17
2002-10-09	68.17
2002-10-10	68.17
2002-10-11	68.17
2002-10-12	68.17
2002-10-13	68.17
2002-10-14	68.17
2002-10-15	68.17
2002-10-16	68.17
2002-10-17	68.17
2002-10-18	68.17
2002-10-19	68.17
2002-10-20	68.17
2002-10-21	68.17
2002-10-22	68.17
2002-10-23	68.17
2002-10-24	68.17
2002-10-25	68.17
2002-10-26	68.17
2002-10-27	68.17
2002-10-28	68.17
2002-10-29	68.17
2002-10-30	68.17
2002-10-31	68.17
2002-11-01	68.17
2002-11-02	68.17
2002-11-03	68.17
2002-11-04	68.17
2002-11-05	68.17
2002-11-06	68.17
2002-11-07	68.17
2002-11-08	68.17
2002-11-09	68.17
2002-11-10	68.17
2002-11-11	68.17
2002-11-12	68.17
2002-11-13	68.17
2002-11-14	68.17
2002-11-15	67.75
2002-11-16	66.62
2002-11-17	65.51
2002-11-18	64.42
2002-11-19	63.34
2002-11-20	62.29
2002-11-21	61.25
2002-11-22	60.23
2002-11-23	59.23
2002-11-24	58.24
2002-11-25	57.27
2002-11-26	56.31
2002-11-27	55.38
2002-11-28	54.45
2002-11-29	53.54
2002-11-30	52.65
2002-12-01	51.77
2002-12-02	50.91
2002-12-03	50.06
2002-12-04	49.23
2002-12-05	48.41
2002-12-06	47.60
2002-12-07	46.81
2002-12-08	46.03
2002-12-09	45.26
2002-12-10	44.51
2002-12-11	43.76
2002-12-12	43.04
2002-12-13	42.32
2002-12-14	41.61
2002-12-15	40.92
2002-12-16	40.24
2002-12-17	39.57
2002-12-18	38.91
2002-12-19	38.26
2002-12-20	37.62
2002-12-21	36.99
2002-12-22	36.38
2002-12-23	35.77
2002-12-24	35.18
2002-12-25	34.59
2002-12-26	34.01
2002-12-27	33.45
2002-12-28	32.89
2002-12-29	32.34
2002-12-30	31.80
2002-12-31	31.27
2003-01-01	30.75
2003-01-02	30.24
2003-01-03	29.73
2003-01-04	29.24
2003-01-05	28.75
2003-01-06	28.27
2003-01-07	27.80
2003-01-08	27.34
2003-01-09	26.88
2003-01-10	26.43
2003-01-11	25.99
2003-01-12	25.56
2003-01-13	25.13
2003-01-14	24.71
2003-01-15	68.17
2003-01-16	26.46
2003-01-17	26.02
2003-01-18	25.59
2003-01-19	25.16
2003-01-20	24.74
2003-01-21	24.33
2003-01-22	23.92
2003-01-23	23.52
2003-01-24	23.13
2003-01-25	22.75
2003-01-26	22.37
2003-01-27	21.99
2003-01-28	21.63
2003-01-29	21.27
2003-01-30	20.91
2003-01-31	20.56
2003-02-01	20.22
2003-02-02	68.17
2003-02-03	68.17
2003-02-04	68.17
2003-02-05	66.34
2003-02-06	65.23
2003-02-07	64.14
2003-02-08	63.08
2003-02-09	62.02
2003-02-10	60.99
2003-02-11	59.97
2003-02-12	58.97
2003-02-13	57.99
2003-02-14	57.03
2003-02-15	56.07
2003-02-16	55.14
2003-02-17	68.17
2003-02-18	56.00
2003-02-19	55.06
2003-02-20	54.15
2003-02-21	68.17
2003-02-22	68.17
2003-02-23	68.17
2003-02-24	68.17
2003-02-25	68.17
2003-02-26	68.17
2003-02-27	68.17
2003-02-28	68.17
2003-03-01	68.17
2003-03-02	68.17
2003-03-03	68.17
2003-03-04	68.17
2003-03-05	68.17
2003-03-06	68.17
2003-03-07	68.17
2003-03-08	68.17
2003-03-09	68.17
2003-03-10	68.17
2003-03-11	68.17
2003-03-12	68.17
2003-03-13	68.17
2003-03-14	68.17
2003-03-15	68.17
2003-03-16	68.17
2003-03-17	68.17
2003-03-18	68.17
2003-03-19	68.17
2003-03-20	68.17
2003-03-21	68.17
2003-03-22	68.17
2003-03-23	68.17
2003-03-24	68.17
2003-03-25	68.17
2003-03-26	68.17
2003-03-27	68.17
2003-03-28	68.17
2003-03-29	68.17
2003-03-30	68.17
2003-03-31	68.17
2003-04-01	68.17
2003-04-02	68.05
2003-04-03	68.17
2003-04-04	68.17
2003-04-05	68.17
2003-04-06	68.17
2003-04-07	68.17
2003-04-08	68.17
2003-04-09	68.17
2003-04-10	68.17
2003-04-11	68.17
2003-04-12	68.17
2003-04-13	68.17
2003-04-14	68.17
2003-04-15	68.17
2003-04-16	68.17
2003-04-17	68.17
2003-04-18	68.17
2003-04-19	68.17
2003-04-20	68.17
2003-04-21	68.17
2003-04-22	68.17
2003-04-23	68.17
2003-04-24	68.17
2003-04-25	68.17
2003-04-26	68.17
2003-04-27	68.17
2003-04-28	68.17
2003-04-29	68.17
2003-04-30	68.17
2003-05-01	68.17
2003-05-02	68.17
2003-05-03	68.17
2003-05-04	68.17
2003-05-05	68.17
2003-05-06	68.17
2003-05-07	68.17
2003-05-08	68.17
2003-05-09	68.17
2003-05-10	68.17
2003-05-11	68.17
2003-05-12	68.17
2003-05-13	68.17
2003-05-14	68.17
2003-05-15	68.17
2003-05-16	68.17
2003-05-17	68.17
2003-05-18	68.17
2003-05-19	68.17
2003-05-20	68.17
2003-05-21	68.17
2003-05-22	68.17
2003-05-23	68.17
2003-05-24	68.17
2003-05-25	68.17
2003-05-26	68.17
2003-05-27	68.17
2003-05-28	68.17
2003-05-29	68.17
2003-05-30	68.17
2003-05-31	68.17
2003-06-01	68.17
2003-06-02	68.17
2003-06-03	68.17
2003-06-04	68.17
2003-06-05	68.17
2003-06-06	68.17
2003-06-07	68.17
2003-06-08	68.17
2003-06-09	68.17
2003-06-10	68.17
2003-06-11	68.17
2003-06-12	68.17
2003-06-13	68.17
2003-06-14	68.17
2003-06-15	68.17
2003-06-16	68.17
2003-06-17	68.17
2003-06-18	68.17
2003-06-19	68.17
2003-06-20	68.17
2003-06-21	68.17
2003-06-22	68.17
2003-06-23	68.17
2003-06-24	68.17
2003-06-25	68.17
2003-06-26	68.17
2003-06-27	68.17
2003-06-28	68.17
2003-06-29	68.17
2003-06-30	68.17
2003-07-01	68.17
2003-07-02	68.17
2003-07-03	68.17
2003-07-04	68.17
2003-07-05	68.17
2003-07-06	68.17
2003-07-07	68.17
2003-07-08	68.17
2003-07-09	68.17
2003-07-10	68.17
2003-07-11	68.17
2003-07-12	68.17
2003-07-13	68.17
2003-07-14	68.17
2003-07-15	68.17
2003-07-16	68.17
2003-07-17	68.17
2003-07-18	68.17
2003-07-19	68.17
2003-07-20	68.17
2003-07-21	68.17
2003-07-22	68.17
2003-07-23	68.17
2003-07-24	68.17
2003-07-25	68.17
2003-07-26	68.17
2003-07-27	68.17
2003-07-28	68.17
2003-07-29	68.17
2003-07-30	68.17
2003-07-31	68.17
2003-08-01	68.17
2003-08-02	68.17
2003-08-03	68.17
2003-08-04	68.17
2003-08-05	68.17
2003-08-06	68.17
2003-08-07	68.17
2003-08-08	68.17
2003-08-09	68.17
2003-08-10	68.17
2003-08-11	68.17
2003-08-12	68.17
2003-08-13	68.17
2003-08-14	68.17
2003-08-15	68.17
2003-08-16	68.17
2003-08-17	68.17
2003-08-18	68.17
2003-08-19	68.17
2003-08-20	68.17
2003-08-21	68.17
2003-08-22	68.17
2003-08-23	68.17
2003-08-24	68.17
2003-08-25	68.17
2003-08-26	68.17
2003-08-27	65.93
2003-08-28	65.52
2003-08-29	65.85
2003-08-30	68.17
2003-08-31	68.17
2003-09-01	64.10
2003-09-02	66.95
2003-09-03	65.83
2003-09-04	64.74
2003-09-05	63.66
2003-09-06	62.60
2003-09-07	61.55
2003-09-08	60.53
2003-09-09	59.52
2003-09-10	58.53
2003-09-11	57.55
2003-09-12	56.59
2003-09-13	55.65
2003-09-14	54.72
2003-09-15	53.81
2003-09-16	52.91
2003-09-17	52.03
2003-09-18	51.16
2003-09-19	50.31
2003-09-20	49.47
2003-09-21	48.65
2003-09-22	47.84
2003-09-23	47.04
2003-09-24	46.25
2003-09-25	45.48
2003-09-26	44.73
2003-09-27	43.98
2003-09-28	43.25
2003-09-29	42.53
2003-09-30	41.82
2003-10-01	41.12
2003-10-02	40.44
2003-10-03	39.76
2003-10-04	39.10
2003-10-05	38.45
2003-10-06	37.81
2003-10-07	37.18
2003-10-08	36.56
2003-10-09	35.95
2003-10-10	35.35
2003-10-11	34.76
2003-10-12	34.18
2003-10-13	33.61
2003-10-14	33.05
2003-10-15	32.50
2003-10-16	31.96
2003-10-17	31.42
2003-10-18	30.90
2003-10-19	30.39
2003-10-20	29.88
2003-10-21	29.38
2003-10-22	28.89
2003-10-23	28.41
2003-10-24	27.94
2003-10-25	27.47
2003-10-26	27.01
2003-10-27	26.56
2003-10-28	26.12
2003-10-29	25.69
2003-10-30	25.26
2003-10-31	24.84
2003-11-01	24.42
2003-11-02	24.02
2003-11-03	23.61
2003-11-04	23.22
2003-11-05	22.83
2003-11-06	22.45
2003-11-07	22.08
2003-11-08	21.71
2003-11-09	21.35
2003-11-10	20.99
2003-11-11	20.64
2003-11-12	20.30
2003-11-13	19.96
2003-11-14	19.63
2003-11-15	19.30
2003-11-16	18.98
2003-11-17	18.66
2003-11-18	18.35
2003-11-19	18.05
2003-11-20	17.75
2003-11-21	17.45
2003-11-22	17.16
2003-11-23	16.87
2003-11-24	16.59
2003-11-25	16.32
2003-11-26	16.04
2003-11-27	15.78
2003-11-28	15.51
2003-11-29	15.25
2003-11-30	15.00
2003-12-01	14.75
2003-12-02	14.50
2003-12-03	14.26
2003-12-04	14.03
2003-12-05	13.79
2003-12-06	13.56
2003-12-07	13.34
2003-12-08	13.11
2003-12-09	12.89
2003-12-10	12.68
2003-12-11	12.47
2003-12-12	12.26
2003-12-13	12.06
2003-12-14	11.86
2003-12-15	11.66
2003-12-16	11.46
2003-12-17	11.27
2003-12-18	11.08
2003-12-19	10.90
2003-12-20	10.72
2003-12-21	10.54
2003-12-22	10.36
2003-12-23	10.19
2003-12-24	10.02
2003-12-25	9.85
2003-12-26	9.69
2003-12-27	9.53
2003-12-28	9.37
2003-12-29	9.21
2003-12-30	9.06
2003-12-31	8.91
2004-01-01	8.76
2004-01-02	8.61
2004-01-03	8.47
2004-01-04	8.33
2004-01-05	8.19
2004-01-06	8.05
2004-01-07	7.92
2004-01-08	7.79
2004-01-09	7.66
2004-01-10	7.53
2004-01-11	7.41
2004-01-12	7.28
2004-01-13	7.16
2004-01-14	7.04
2004-01-15	6.92
2004-01-16	6.81
2004-01-17	6.69
2004-01-18	6.58
2004-01-19	6.47
2004-01-20	6.37
2004-01-21	6.26
2004-01-22	6.16
2004-01-23	6.05
2004-01-24	5.95
2004-01-25	5.85
2004-01-26	5.76
2004-01-27	5.66
2004-01-28	5.56
2004-01-29	5.47
2004-01-30	5.38
2004-01-31	5.29
2004-02-01	5.20
2004-02-02	5.12
2004-02-03	5.03
2004-02-04	4.95
2004-02-05	4.86
2004-02-06	4.78
2004-02-07	4.70
2004-02-08	4.63
2004-02-09	4.55
2004-02-10	68.17
2004-02-11	9.26
2004-02-12	9.11
2004-02-13	8.96
2004-02-14	8.81
2004-02-15	8.66
2004-02-16	68.17
2004-02-17	13.13
2004-02-18	12.91
2004-02-19	68.17
2004-02-20	68.17
2004-02-21	58.81
2004-02-22	17.96
2004-02-23	68.17
2004-02-24	40.62
2004-02-25	39.94
2004-02-26	39.28
2004-02-27	38.62
2004-02-28	68.17
2004-02-29	48.76
2004-03-01	68.17
2004-03-02	56.33
2004-03-03	55.39
2004-03-04	54.46
2004-03-05	68.17
2004-03-06	68.17
2004-03-07	68.17
2004-03-08	68.17
2004-03-09	68.17
2004-03-10	68.17
2004-03-11	67.72
2004-03-12	66.60
2004-03-13	65.49
2004-03-14	64.39
2004-03-15	63.32
2004-03-16	62.27
2004-03-17	61.23
2004-03-18	60.21
2004-03-19	59.20
2004-03-20	58.22
2004-03-21	57.25
2004-03-22	56.29
2004-03-23	55.35
2004-03-24	54.43
2004-03-25	53.52
2004-03-26	52.63
2004-03-27	51.76
2004-03-28	60.56
2004-03-29	68.17
2004-03-30	68.17
2004-03-31	68.17
2004-04-01	68.17
2004-04-02	61.59
2004-04-03	60.56
2004-04-04	59.55
2004-04-05	58.56
2004-04-06	68.17
2004-04-07	57.80
2004-04-08	56.83
2004-04-09	55.89
2004-04-10	54.95
2004-04-11	54.04
2004-04-12	53.14
2004-04-13	52.25
2004-04-14	51.38
2004-04-15	50.53
2004-04-16	49.68
2004-04-17	68.17
2004-04-18	68.17
2004-04-19	68.17
2004-04-20	68.17
2004-04-21	68.17
2004-04-22	68.12
2004-04-23	66.99
2004-04-24	65.87
2004-04-25	64.77
2004-04-26	68.17
2004-04-27	68.17
2004-04-28	68.17
2004-04-29	68.17
2004-04-30	68.17
2004-05-01	68.17
2004-05-02	68.17
2004-05-03	68.17
2004-05-04	68.17
2004-05-05	68.17
2004-05-06	68.17
2004-05-07	68.17
2004-05-08	68.17
2004-05-09	68.17
2004-05-10	68.17
2004-05-11	68.17
2004-05-12	68.17
2004-05-13	68.17
2004-05-14	68.17
2004-05-15	68.17
2004-05-16	68.17
2004-05-17	68.17
2004-05-18	68.17
2004-05-19	68.17
2004-05-20	68.17
2004-05-21	68.17
2004-05-22	65.78
2004-05-23	65.70
2004-05-24	65.95
2004-05-25	68.17
2004-05-26	68.17
2004-05-27	68.17
2004-05-28	68.17
2004-05-29	68.17
2004-05-30	68.17
2004-05-31	68.17
2004-06-01	68.17
2004-06-02	68.17
2004-06-03	68.17
2004-06-04	68.17
2004-06-05	68.17
2004-06-06	68.17
2004-06-07	68.17
2004-06-08	68.17
2004-06-09	68.17
2004-06-10	68.17
2004-06-11	68.17
2004-06-12	68.17
2004-06-13	68.17
2004-06-14	68.17
2004-06-15	68.17
2004-06-16	68.17
2004-06-17	68.17
2004-06-18	68.17
2004-06-19	68.17
2004-06-20	68.17
2004-06-21	68.17
2004-06-22	68.17
2004-06-23	68.17
2004-06-24	68.17
2004-06-25	68.17
2004-06-26	68.17
2004-06-27	65.83
2004-06-28	65.78
2004-06-29	65.37
2004-06-30	65.66
2004-07-01	68.17
2004-07-02	68.17
2004-07-03	68.17
2004-07-04	68.17
2004-07-05	68.17
2004-07-06	68.17
2004-07-07	68.17
2004-07-08	68.17
2004-07-09	68.17
2004-07-10	68.17
2004-07-11	68.17
2004-07-12	65.92
2004-07-13	65.50
2004-07-14	68.17
2004-07-15	68.17
2004-07-16	68.17
2004-07-17	68.17
2004-07-18	68.17
2004-07-19	68.17
2004-07-20	68.17
2004-07-21	68.17
2004-07-22	68.17
2004-07-23	68.17
2004-07-24	68.17
2004-07-25	68.17
2004-07-26	68.17
2004-07-27	68.17
2004-07-28	68.17
2004-07-29	68.17
2004-07-30	68.17
2004-07-31	68.17
2004-08-01	68.17
2004-08-02	68.17
2004-08-03	68.17
2004-08-04	68.17
2004-08-05	68.17
2004-08-06	68.17
2004-08-07	65.71
2004-08-08	65.86
2004-08-09	65.78
2004-08-10	68.17
2004-08-11	68.17
2004-08-12	68.17
2004-08-13	68.17
2004-08-14	68.17
2004-08-15	68.17
2004-08-16	68.17
2004-08-17	68.17
2004-08-18	68.17
2004-08-19	68.17
2004-08-20	68.17
2004-08-21	65.78
2004-08-22	68.17
2004-08-23	68.17
2004-08-24	68.17
2004-08-25	68.17
2004-08-26	68.17
2004-08-27	68.17
2004-08-28	68.17
2004-08-29	68.17
2004-08-30	68.17
2004-08-31	68.17
2004-09-01	68.17
2004-09-02	68.17
2004-09-03	68.17
2004-09-04	68.17
2004-09-05	68.17
2004-09-06	68.17
2004-09-07	68.17
2004-09-08	68.17
2004-09-09	68.17
2004-09-10	68.17
2004-09-11	68.17
2004-09-12	68.17
2004-09-13	68.17
2004-09-14	68.17
2004-09-15	68.17
2004-09-16	68.17
2004-09-17	68.17
2004-09-18	68.17
2004-09-19	68.17
2004-09-20	68.17
2004-09-21	68.17
2004-09-22	68.17
2004-09-23	68.17
2004-09-24	68.17
2004-09-25	68.17
2004-09-26	68.17
2004-09-27	68.17
2004-09-28	68.17
2004-09-29	68.17
2004-09-30	68.17
2004-10-01	68.17
2004-10-02	68.17
2004-10-03	68.17
2004-10-04	68.17
2004-10-05	68.17
2004-10-06	68.17
2004-10-07	68.17
2004-10-08	68.17
2004-10-09	68.17
2004-10-10	68.17
2004-10-11	67.61
2004-10-12	66.49
2004-10-13	65.38
2004-10-14	64.29
2004-10-15	63.22
2004-10-16	62.16
2004-10-17	61.13
2004-10-18	60.11
2004-10-19	59.11
2004-10-20	58.12
2004-10-21	57.15
2004-10-22	56.20
2004-10-23	55.26
2004-10-24	54.34
2004-10-25	53.44
2004-10-26	52.55
2004-10-27	51.67
2004-10-28	50.81
2004-10-29	49.96
2004-10-30	49.13
2004-10-31	48.31
2004-11-01	47.51
2004-11-02	46.71
2004-11-03	45.94
2004-11-04	45.17
2004-11-05	44.42
2004-11-06	43.68
2004-11-07	42.95
2004-11-08	42.23
2004-11-09	41.53
2004-11-10	40.84
2004-11-11	40.16
2004-11-12	39.49
2004-11-13	38.83
2004-11-14	38.18
2004-11-15	37.55
2004-11-16	36.92
2004-11-17	36.30
2004-11-18	35.70
2004-11-19	35.10
2004-11-20	34.52
2004-11-21	33.94
2004-11-22	33.38
2004-11-23	32.82
2004-11-24	32.27
2004-11-25	31.74
2004-11-26	31.21
2004-11-27	30.69
2004-11-28	30.18
2004-11-29	29.67
2004-11-30	29.18
2004-12-01	28.69
2004-12-02	28.21
2004-12-03	27.74
2004-12-04	27.28
2004-12-05	26.83
2004-12-06	26.38
2004-12-07	25.94
2004-12-08	25.51
2004-12-09	25.08
2004-12-10	24.66
2004-12-11	24.25
2004-12-12	23.85
2004-12-13	23.45
2004-12-14	23.06
2004-12-15	22.68
2004-12-16	22.30
2004-12-17	21.93
2004-12-18	21.56
2004-12-19	21.20
2004-12-20	20.85
2004-12-21	20.50
2004-12-22	20.16
2004-12-23	19.82
2004-12-24	19.49
2004-12-25	19.17
2004-12-26	18.85
2004-12-27	18.53
2004-12-28	18.23
2004-12-29	17.92
2004-12-30	17.62
2004-12-31	17.33
2005-01-01	17.04
2005-01-02	16.76
2005-01-03	16.48
2005-01-04	16.20
2005-01-05	15.93
2005-01-06	15.67
2005-01-07	15.41
2005-01-08	15.15
2005-01-09	14.90
2005-01-10	14.65
2005-01-11	14.40
2005-01-12	14.16
2005-01-13	13.93
2005-01-14	13.70
2005-01-15	13.47
2005-01-16	13.24
2005-01-17	13.02
2005-01-18	12.81
2005-01-19	12.59
2005-01-20	12.38
2005-01-21	12.18
2005-01-22	11.97
2005-01-23	11.77
2005-01-24	11.58
2005-01-25	11.38
2005-01-26	11.19
2005-01-27	11.01
2005-01-28	10.82
2005-01-29	10.64
2005-01-30	10.47
2005-01-31	10.29
2005-02-01	10.12
2005-02-02	9.95
2005-02-03	9.79
2005-02-04	9.62
2005-02-05	9.46
2005-02-06	9.31
2005-02-07	9.15
2005-02-08	9.00
2005-02-09	8.85
2005-02-10	8.70
2005-02-11	8.56
2005-02-12	68.17
2005-02-13	68.17
2005-02-14	13.50
2005-02-15	13.28
2005-02-16	13.06
2005-02-17	12.84
2005-02-18	12.62
2005-02-19	12.41
2005-02-20	12.21
2005-02-21	68.17
2005-02-22	13.43
2005-02-23	13.20
2005-02-24	12.98
2005-02-25	12.77
2005-02-26	12.56
2005-02-27	12.35
2005-02-28	12.14
2005-03-01	11.94
2005-03-02	11.74
2005-03-03	11.54
2005-03-04	11.35
2005-03-05	11.16
2005-03-06	10.98
2005-03-07	63.47
2005-03-08	11.46
2005-03-09	37.54
2005-03-10	11.51
2005-03-11	11.32
2005-03-12	11.13
2005-03-13	68.17
2005-03-14	68.17
2005-03-15	68.17
2005-03-16	22.74
2005-03-17	22.36
2005-03-18	68.17
2005-03-19	68.17
2005-03-20	68.17
2005-03-21	31.40
2005-03-22	30.87
2005-03-23	30.36
2005-03-24	29.85
2005-03-25	29.35
2005-03-26	28.87
2005-03-27	28.38
2005-03-28	27.91
2005-03-29	27.45
2005-03-30	26.99
2005-03-31	26.54
2005-04-01	26.10
2005-04-02	25.66
2005-04-03	25.23
2005-04-04	24.81
2005-04-05	24.40
2005-04-06	68.17
2005-04-07	68.17
2005-04-08	25.82
2005-04-09	25.39
2005-04-10	24.96
2005-04-11	24.55
2005-04-12	24.14
2005-04-13	23.74
2005-04-14	23.34
2005-04-15	22.95
2005-04-16	22.57
2005-04-17	22.19
2005-04-18	21.82
2005-04-19	21.46
2005-04-20	21.10
2005-04-21	20.75
2005-04-22	20.40
2005-04-23	68.17
2005-04-24	68.17
2005-04-25	26.37
2005-04-26	25.93
2005-04-27	68.17
2005-04-28	68.17
2005-04-29	65.50
2005-04-30	32.44
2005-05-01	31.90
2005-05-02	68.17
2005-05-03	68.17
2005-05-04	44.90
2005-05-05	44.15
2005-05-06	43.42
2005-05-07	42.69
2005-05-08	41.98
2005-05-09	41.28
2005-05-10	40.59
2005-05-11	39.92
2005-05-12	39.25
2005-05-13	38.60
2005-05-14	37.95
2005-05-15	37.32
2005-05-16	36.70
2005-05-17	36.09
2005-05-18	35.49
2005-05-19	34.89
2005-05-20	34.31
2005-05-21	33.74
2005-05-22	33.18
2005-05-23	32.63
2005-05-24	32.08
2005-05-25	31.55
2005-05-26	31.02
2005-05-27	65.94
2005-05-28	31.44
2005-05-29	30.92
2005-05-30	30.40
2005-05-31	29.89
2005-06-01	29.40
2005-06-02	28.91
2005-06-03	28.42
2005-06-04	27.95
2005-06-05	27.48
2005-06-06	27.03
2005-06-07	26.58
2005-06-08	26.13
2005-06-09	25.70
2005-06-10	25.27
2005-06-11	24.85
2005-06-12	24.43
2005-06-13	24.03
2005-06-14	23.63
2005-06-15	23.23
2005-06-16	22.84
2005-06-17	22.46
2005-06-18	22.09
2005-06-19	21.72
2005-06-20	21.36
2005-06-21	21.00
2005-06-22	20.65
2005-06-23	20.31
2005-06-24	19.97
2005-06-25	19.64
2005-06-26	19.31
2005-06-27	17.97
2005-06-28	17.60
2005-06-29	17.31
2005-06-30	18.06
2005-07-01	17.75
2005-07-02	17.46
2005-07-03	17.17
2005-07-04	16.88
2005-07-05	16.60
2005-07-06	16.32
2005-07-07	16.05
2005-07-08	15.78
2005-07-09	15.52
2005-07-10	15.26
2005-07-11	15.01
2005-07-12	14.76
2005-07-13	14.51
2005-07-14	14.27
2005-07-15	13.30
2005-07-16	13.05
2005-07-17	13.57
2005-07-18	13.34
2005-07-19	13.12
2005-07-20	12.17
2005-07-21	12.69
2005-07-22	12.47
2005-07-23	12.27
2005-07-24	12.06
2005-07-25	10.99
2005-07-26	11.01
2005-07-27	10.64
2005-07-28	10.55
2005-07-29	11.09
2005-07-30	10.90
2005-07-31	10.12
2005-08-01	9.91
2005-08-02	10.37
2005-08-03	10.20
2005-08-04	10.03
2005-08-05	9.86
2005-08-06	9.11
2005-08-07	8.91
2005-08-08	8.66
2005-08-09	8.49
2005-08-10	8.55
2005-08-11	8.38
2005-08-12	8.76
2005-08-13	8.62
2005-08-14	8.47
2005-08-15	8.33
2005-08-16	8.19
2005-08-17	8.06
2005-08-18	7.92
2005-08-19	7.79
2005-08-20	7.66
2005-08-21	7.53
2005-08-22	7.41
2005-08-23	7.29
2005-08-24	7.16
2005-08-25	7.04
2005-08-26	6.93
2005-08-27	6.81
2005-08-28	6.70
2005-08-29	6.59
2005-08-30	6.48
2005-08-31	6.37
2005-09-01	6.26
2005-09-02	6.16
2005-09-03	6.06
2005-09-04	5.95
2005-09-05	5.86
2005-09-06	5.76
2005-09-07	5.66
2005-09-08	5.57
2005-09-09	5.47
2005-09-10	5.38
2005-09-11	5.29
2005-09-12	5.21
2005-09-13	5.12
2005-09-14	5.03
2005-09-15	4.95
2005-09-16	4.87
2005-09-17	4.79
2005-09-18	4.71
2005-09-19	4.63
2005-09-20	4.55
2005-09-21	4.47
2005-09-22	4.40
2005-09-23	4.33
2005-09-24	4.25
2005-09-25	4.18
2005-09-26	4.11
2005-09-27	4.05
2005-09-28	3.98
2005-09-29	3.91
2005-09-30	3.85
2005-10-01	3.78
2005-10-02	3.72
2005-10-03	3.66
2005-10-04	3.60
2005-10-05	3.54
2005-10-06	3.48
2005-10-07	3.42
2005-10-08	3.36
2005-10-09	3.31
2005-10-10	3.25
2005-10-11	3.20
2005-10-12	3.14
2005-10-13	3.09
2005-10-14	3.04
2005-10-15	2.99
2005-10-16	2.94
2005-10-17	2.89
2005-10-18	2.84
2005-10-19	2.80
2005-10-20	2.75
2005-10-21	2.70
2005-10-22	2.66
2005-10-23	2.61
2005-10-24	2.57
2005-10-25	2.53
2005-10-26	2.48
2005-10-27	2.44
2005-10-28	2.40
2005-10-29	2.36
2005-10-30	2.32
2005-10-31	2.28
2005-11-01	2.25
2005-11-02	2.21
2005-11-03	2.17
2005-11-04	2.14
2005-11-05	2.10
2005-11-06	2.07
2005-11-07	2.03
2005-11-08	2.00
2005-11-09	1.96
2005-11-10	1.93
2005-11-11	1.90
2005-11-12	1.87
2005-11-13	1.84
2005-11-14	1.81
2005-11-15	1.78
2005-11-16	1.75
2005-11-17	1.72
2005-11-18	1.69
2005-11-19	1.66
2005-11-20	1.63
2005-11-21	1.61
2005-11-22	1.58
2005-11-23	1.55
2005-11-24	1.53
2005-11-25	1.50
2005-11-26	1.48
2005-11-27	1.45
2005-11-28	1.43
2005-11-29	1.40
2005-11-30	1.38
2005-12-01	1.36
2005-12-02	1.33
2005-12-03	1.31
2005-12-04	1.29
2005-12-05	1.27
2005-12-06	1.25
2005-12-07	1.23
2005-12-08	1.21
2005-12-09	1.19
2005-12-10	1.17
2005-12-11	1.15
2005-12-12	1.13
2005-12-13	1.11
2005-12-14	1.09
2005-12-15	1.07
2005-12-16	1.05
2005-12-17	1.04
2005-12-18	1.02
2005-12-19	1.00
2005-12-20	0.99
2005-12-21	0.97
2005-12-22	0.95
2005-12-23	0.94
2005-12-24	0.92
2005-12-25	0.91
2005-12-26	0.89
2005-12-27	0.88
2005-12-28	0.86
2005-12-29	0.85
2005-12-30	0.83
2005-12-31	0.82
2006-01-01	0.81
2006-01-02	0.79
2006-01-03	0.78
2006-01-04	0.77
2006-01-05	0.75
2006-01-06	0.74
2006-01-07	0.73
2006-01-08	0.72
2006-01-09	0.70
2006-01-10	0.69
2006-01-11	0.68
2006-01-12	0.67
2006-01-13	0.66
2006-01-14	0.65
2006-01-15	0.64
2006-01-16	0.63
2006-01-17	0.62
2006-01-18	0.61
2006-01-19	0.60
2006-01-20	0.59
2006-01-21	0.58
2006-01-22	0.57
2006-01-23	0.56
2006-01-24	0.55
2006-01-25	0.54
2006-01-26	0.53
2006-01-27	0.52
2006-01-28	0.51
2006-01-29	0.50
2006-01-30	0.49
2006-01-31	0.49
2006-02-01	0.48
2006-02-02	0.47
2006-02-03	0.46
2006-02-04	0.46
2006-02-05	0.45
2006-02-06	0.44
2006-02-07	0.43
2006-02-08	0.43
2006-02-09	0.42
2006-02-10	0.41
2006-02-11	0.40
2006-02-12	0.40
2006-02-13	0.39
2006-02-14	0.38
2006-02-15	0.38
2006-02-16	0.37
2006-02-17	0.37
2006-02-18	0.36
2006-02-19	0.35
2006-02-20	0.35
2006-02-21	0.34
2006-02-22	0.34
2006-02-23	0.33
2006-02-24	0.33
2006-02-25	0.32
2006-02-26	0.31
2006-02-27	0.31
2006-02-28	0.30
2006-03-01	0.30
2006-03-02	0.29
2006-03-03	0.29
2006-03-04	0.28
2006-03-05	0.28
2006-03-06	0.27
2006-03-07	0.27
2006-03-08	0.27
2006-03-09	0.26
2006-03-10	0.26
2006-03-11	0.25
2006-03-12	0.25
2006-03-13	6.92
2006-03-14	26.28
2006-03-15	0.76
2006-03-16	0.75
2006-03-17	5.62
2006-03-18	0.80
2006-03-19	0.79
2006-03-20	0.77
2006-03-21	0.76
2006-03-22	68.17
2006-03-23	68.17
2006-03-24	4.48
2006-03-25	6.67
2006-03-26	4.37
2006-03-27	4.29
2006-03-28	4.22
2006-03-29	4.15
2006-03-30	4.08
2006-03-31	4.01
2006-04-01	3.95
2006-04-02	3.88
2006-04-03	3.82
2006-04-04	3.75
2006-04-05	3.69
2006-04-06	3.63
2006-04-07	3.57
2006-04-08	3.51
2006-04-09	3.45
2006-04-10	3.39
2006-04-11	3.34
2006-04-12	68.17
2006-04-13	5.59
2006-04-14	5.49
2006-04-15	5.40
2006-04-16	5.31
2006-04-17	5.22
2006-04-18	5.14
2006-04-19	5.05
2006-04-20	4.97
2006-04-21	4.88
2006-04-22	4.80
2006-04-23	4.72
2006-04-24	4.64
2006-04-25	4.57
2006-04-26	4.49
2006-04-27	4.42
2006-04-28	4.34
2006-04-29	4.27
2006-04-30	4.20
2006-05-01	4.13
2006-05-02	4.06
2006-05-03	3.99
2006-05-04	3.93
2006-05-05	3.86
2006-05-06	3.80
2006-05-07	3.73
2006-05-08	3.67
2006-05-09	3.61
2006-05-10	3.55
2006-05-11	3.49
2006-05-12	3.43
2006-05-13	3.37
2006-05-14	3.32
2006-05-15	3.26
2006-05-16	3.21
2006-05-17	3.16
2006-05-18	3.10
2006-05-19	3.05
2006-05-20	3.00
2006-05-21	2.95
2006-05-22	2.90
2006-05-23	2.85
2006-05-24	2.81
2006-05-25	2.76
2006-05-26	2.71
2006-05-27	2.67
2006-05-28	2.62
2006-05-29	2.58
2006-05-30	8.71
2006-05-31	2.59
2006-06-01	2.55
2006-06-02	2.51
2006-06-03	2.47
2006-06-04	2.42
2006-06-05	2.38
2006-06-06	2.34
2006-06-07	2.31
2006-06-08	2.27
2006-06-09	2.23
2006-06-10	68.17
2006-06-11	7.07
2006-06-12	6.95
2006-06-13	6.84
2006-06-14	6.72
2006-06-15	6.61
2006-06-16	6.50
2006-06-17	6.39
2006-06-18	6.28
2006-06-19	6.18
2006-06-20	6.08
2006-06-21	5.98
2006-06-22	5.88
2006-06-23	5.78
2006-06-24	5.68
2006-06-25	5.59
2006-06-26	5.49
2006-06-27	5.40
2006-06-28	5.31
2006-06-29	5.22
2006-06-30	5.14
2006-07-01	5.05
2006-07-02	4.97
2006-07-03	4.88
2006-07-04	4.80
2006-07-05	4.72
2006-07-06	4.64
2006-07-07	4.57
2006-07-08	4.49
2006-07-09	4.42
2006-07-10	4.34
2006-07-11	4.27
2006-07-12	4.20
2006-07-13	4.13
2006-07-14	4.06
2006-07-15	3.99
2006-07-16	3.93
2006-07-17	3.86
2006-07-18	3.80
2006-07-19	3.51
2006-07-20	3.47
2006-07-21	3.61
2006-07-22	3.55
2006-07-23	3.49
2006-07-24	3.43
2006-07-25	3.37
2006-07-26	3.32
2006-07-27	3.26
2006-07-28	3.21
2006-07-29	3.15
2006-07-30	3.10
2006-07-31	3.05
2006-08-01	3.00
2006-08-02	2.95
2006-08-03	2.90
2006-08-04	2.85
2006-08-05	2.80
2006-08-06	2.76
2006-08-07	2.56
2006-08-08	2.53
2006-08-09	2.47
2006-08-10	2.58
2006-08-11	2.54
2006-08-12	2.49
2006-08-13	2.45
2006-08-14	2.41
2006-08-15	2.37
2006-08-16	2.33
2006-08-17	2.29
2006-08-18	2.14
2006-08-19	2.09
2006-08-20	2.02
2006-08-21	2.02
2006-08-22	1.99
2006-08-23	1.96
2006-08-24	1.91
2006-08-25	2.00
2006-08-26	1.97
2006-08-27	1.94
2006-08-28	1.91
2006-08-29	1.87
2006-08-30	1.84
2006-08-31	1.81
2006-09-01	1.78
2006-09-02	1.66
2006-09-03	1.72
2006-09-04	1.69
2006-09-05	1.67
2006-09-06	1.64
2006-09-07	1.61
2006-09-08	1.58
2006-09-09	1.56
2006-09-10	1.53
2006-09-11	1.51
2006-09-12	1.48
2006-09-13	1.46
2006-09-14	1.43
2006-09-15	1.41
2006-09-16	1.38
2006-09-17	1.36
2006-09-18	1.34
2006-09-19	1.32
2006-09-20	1.29
2006-09-21	1.27
2006-09-22	1.25
2006-09-23	1.23
2006-09-24	1.21
2006-09-25	1.19
2006-09-26	1.17
2006-09-27	1.15
2006-09-28	1.13
2006-09-29	1.11
2006-09-30	1.09
2006-10-01	1.08
2006-10-02	1.06
2006-10-03	1.04
2006-10-04	1.02
2006-10-05	1.01
2006-10-06	0.99
2006-10-07	0.97
2006-10-08	0.96
2006-10-09	0.94
2006-10-10	0.93
2006-10-11	0.91
2006-10-12	0.89
2006-10-13	0.88
2006-10-14	0.86
2006-10-15	0.85
2006-10-16	0.84
2006-10-17	0.82
2006-10-18	0.81
2006-10-19	0.80
2006-10-20	0.78
2006-10-21	0.77
2006-10-22	0.76
2006-10-23	0.74
2006-10-24	0.73
2006-10-25	0.72
2006-10-26	0.71
2006-10-27	0.70
2006-10-28	0.68
2006-10-29	0.67
2006-10-30	0.66
2006-10-31	0.65
2006-11-01	0.64
2006-11-02	0.63
2006-11-03	0.62
2006-11-04	0.61
2006-11-05	0.60
2006-11-06	0.59
2006-11-07	0.58
2006-11-08	0.57
2006-11-09	0.56
2006-11-10	0.55
2006-11-11	0.54
2006-11-12	0.53
2006-11-13	0.52
2006-11-14	0.51
2006-11-15	0.51
2006-11-16	0.50
2006-11-17	0.49
2006-11-18	0.48
2006-11-19	0.47
2006-11-20	0.46
2006-11-21	0.46
2006-11-22	0.45
2006-11-23	0.44
2006-11-24	0.43
2006-11-25	0.43
2006-11-26	0.42
2006-11-27	0.41
2006-11-28	0.41
2006-11-29	0.40
2006-11-30	0.39
2006-12-01	0.39
2006-12-02	0.38
2006-12-03	0.37
2006-12-04	0.37
2006-12-05	0.36
2006-12-06	0.35
2006-12-07	0.35
2006-12-08	0.34
2006-12-09	0.34
2006-12-10	0.33
2006-12-11	0.33
2006-12-12	0.32
2006-12-13	0.32
2006-12-14	0.31
2006-12-15	0.31
2006-12-16	0.30
2006-12-17	0.29
2006-12-18	0.29
2006-12-19	0.29
2006-12-20	0.28
2006-12-21	0.28
2006-12-22	0.27
2006-12-23	0.27
2006-12-24	0.26
2006-12-25	0.26
2006-12-26	0.25
2006-12-27	0.25
2006-12-28	0.25
2006-12-29	0.24
2006-12-30	0.24
2006-12-31	0.23
2007-01-01	0.23
2007-01-02	0.23
2007-01-03	0.22
2007-01-04	0.22
2007-01-05	0.21
2007-01-06	0.21
2007-01-07	0.21
2007-01-08	0.20
2007-01-09	0.20
2007-01-10	0.20
2007-01-11	0.19
2007-01-12	0.19
2007-01-13	0.19
2007-01-14	0.18
2007-01-15	0.18
2007-01-16	0.18
2007-01-17	0.18
2007-01-18	0.17
2007-01-19	0.17
2007-01-20	0.17
2007-01-21	0.16
2007-01-22	0.16
2007-01-23	0.16
2007-01-24	0.16
2007-01-25	0.15
2007-01-26	0.15
2007-01-27	0.15
2007-01-28	0.15
2007-01-29	0.14
2007-01-30	0.14
2007-01-31	0.14
2007-02-01	0.14
2007-02-02	0.13
2007-02-03	0.13
2007-02-04	0.13
2007-02-05	0.13
2007-02-06	0.13
2007-02-07	0.12
2007-02-08	0.12
2007-02-09	0.12
2007-02-10	0.12
2007-02-11	0.12
2007-02-12	0.11
2007-02-13	0.11
2007-02-14	0.11
2007-02-15	0.11
2007-02-16	0.11
2007-02-17	0.10
2007-02-18	0.10
2007-02-19	0.10
2007-02-20	0.10
2007-02-21	0.10
2007-02-22	0.10
2007-02-23	0.09
2007-02-24	0.09
2007-02-25	0.09
2007-02-26	0.09
2007-02-27	0.09
2007-02-28	0.09
2007-03-01	0.09
2007-03-02	0.08
2007-03-03	0.08
2007-03-04	0.08
2007-03-05	0.08
2007-03-06	0.08
2007-03-07	0.08
2007-03-08	0.08
2007-03-09	0.07
2007-03-10	0.07
2007-03-11	0.07
2007-03-12	0.07
2007-03-13	0.07
2007-03-14	0.07
2007-03-15	0.07
2007-03-16	0.07
2007-03-17	0.06
2007-03-18	0.06
2007-03-19	0.06
2007-03-20	0.06
2007-03-21	0.06
2007-03-22	0.06
2007-03-23	0.06
2007-03-24	0.06
2007-03-25	0.06
2007-03-26	0.06
2007-03-27	0.05
2007-03-28	0.05
2007-03-29	0.05
2007-03-30	0.05
2007-03-31	0.05
2007-04-01	0.05
2007-04-02	0.05
2007-04-03	68.17
2007-04-04	68.17
2007-04-05	7.47
2007-04-06	7.35
2007-04-07	7.23
2007-04-08	7.11
2007-04-09	6.99
2007-04-10	6.87
2007-04-11	6.76
2007-04-12	6.64
2007-04-13	6.53
2007-04-14	6.42
2007-04-15	6.32
2007-04-16	6.21
2007-04-17	6.11
2007-04-18	6.01
2007-04-19	5.91
2007-04-20	5.81
2007-04-21	5.71
2007-04-22	5.62
2007-04-23	5.52
2007-04-24	5.43
2007-04-25	5.34
2007-04-26	5.25
2007-04-27	5.16
2007-04-28	5.08
2007-04-29	4.99
2007-04-30	68.17
2007-05-01	7.43
2007-05-02	7.30
2007-05-03	7.18
2007-05-04	7.06
2007-05-05	6.58
2007-05-06	6.41
2007-05-07	6.21
2007-05-08	6.26
2007-05-09	6.49
2007-05-10	6.38
2007-05-11	6.28
2007-05-12	6.17
2007-05-13	6.07
2007-05-14	5.97
2007-05-15	5.87
2007-05-16	5.77
2007-05-17	68.17
2007-05-18	7.57
2007-05-19	7.45
2007-05-20	7.32
2007-05-21	7.20
2007-05-22	7.08
2007-05-23	6.96
2007-05-24	6.85
2007-05-25	6.73
2007-05-26	6.62
2007-05-27	6.51
2007-05-28	6.40
2007-05-29	6.29
2007-05-30	6.19
2007-05-31	6.09
2007-06-01	5.98
2007-06-02	5.88
2007-06-03	5.79
2007-06-04	5.69
2007-06-05	5.60
2007-06-06	5.50
2007-06-07	5.41
2007-06-08	5.32
2007-06-09	5.23
2007-06-10	5.14
2007-06-11	5.06
2007-06-12	4.97
2007-06-13	4.89
2007-06-14	4.81
2007-06-15	4.73
2007-06-16	4.65
2007-06-17	4.57
2007-06-18	4.50
2007-06-19	4.42
2007-06-20	4.35
2007-06-21	4.28
2007-06-22	4.20
2007-06-23	4.13
2007-06-24	4.07
2007-06-25	4.00
2007-06-26	3.93
2007-06-27	3.87
2007-06-28	3.80
2007-06-29	3.74
2007-06-30	3.68
2007-07-01	3.61
2007-07-02	3.55
2007-07-03	3.50
2007-07-04	3.44
2007-07-05	3.38
2007-07-06	3.32
2007-07-07	3.27
2007-07-08	3.21
2007-07-09	3.16
2007-07-10	3.11
2007-07-11	3.06
2007-07-12	3.00
2007-07-13	2.95
2007-07-14	2.91
2007-07-15	2.86
2007-07-16	2.81
2007-07-17	2.76
2007-07-18	2.72
2007-07-19	2.67
2007-07-20	2.63
2007-07-21	2.58
2007-07-22	2.41
2007-07-23	2.34
2007-07-24	2.32
2007-07-25	2.41
2007-07-26	2.37
2007-07-27	2.34
2007-07-28	2.30
2007-07-29	2.26
2007-07-30	2.22
2007-07-31	2.18
2007-08-01	2.15
2007-08-02	2.11
2007-08-03	2.08
2007-08-04	2.04
2007-08-05	2.01
2007-08-06	1.97
2007-08-07	1.94
2007-08-08	1.91
2007-08-09	1.88
2007-08-10	1.85
2007-08-11	1.81
2007-08-12	1.78
2007-08-13	1.75
2007-08-14	1.73
2007-08-15	1.70
2007-08-16	1.67
2007-08-17	1.64
2007-08-18	1.61
2007-08-19	1.59
2007-08-20	1.56
2007-08-21	1.53
2007-08-22	1.51
2007-08-23	1.48
2007-08-24	1.46
2007-08-25	1.43
2007-08-26	1.41
2007-08-27	1.39
2007-08-28	1.36
2007-08-29	1.34
2007-08-30	1.32
2007-08-31	1.30
2007-09-01	1.28
2007-09-02	1.25
2007-09-03	1.23
2007-09-04	1.21
2007-09-05	1.19
2007-09-06	1.17
2007-09-07	1.15
2007-09-08	1.13
2007-09-09	1.11
2007-09-10	1.10
2007-09-11	1.08
2007-09-12	1.06
2007-09-13	1.04
2007-09-14	1.02
2007-09-15	1.01
2007-09-16	0.99
2007-09-17	0.97
2007-09-18	0.96
2007-09-19	0.94
2007-09-20	0.93
2007-09-21	0.91
2007-09-22	0.90
2007-09-23	0.88
2007-09-24	0.87
2007-09-25	0.85
2007-09-26	0.84
2007-09-27	0.82
2007-09-28	0.81
2007-09-29	0.80
2007-09-30	0.78
2007-10-01	0.77
2007-10-02	0.76
2007-10-03	0.74
2007-10-04	0.73
2007-10-05	0.72
2007-10-06	0.71
2007-10-07	0.70
2007-10-08	0.68
2007-10-09	0.67
2007-10-10	0.66
2007-10-11	0.65
2007-10-12	0.64
2007-10-13	0.63
2007-10-14	0.62
2007-10-15	0.61
2007-10-16	0.60
2007-10-17	0.59
2007-10-18	0.58
2007-10-19	0.57
2007-10-20	0.56
2007-10-21	0.55
2007-10-22	0.54
2007-10-23	0.53
2007-10-24	0.52
2007-10-25	0.51
2007-10-26	0.51
2007-10-27	0.50
2007-10-28	0.49
2007-10-29	0.48
2007-10-30	0.47
2007-10-31	0.47
2007-11-01	0.46
2007-11-02	0.45
2007-11-03	0.44
2007-11-04	0.43
2007-11-05	0.43
2007-11-06	0.42
2007-11-07	0.41
2007-11-08	0.41
2007-11-09	0.40
2007-11-10	0.39
2007-11-11	0.39
2007-11-12	0.38
2007-11-13	0.37
2007-11-14	0.37
2007-11-15	0.36
2007-11-16	0.36
2007-11-17	0.35
2007-11-18	0.34
2007-11-19	0.34
2007-11-20	0.33
2007-11-21	0.33
2007-11-22	0.32
2007-11-23	0.32
2007-11-24	0.31
2007-11-25	0.31
2007-11-26	0.30
2007-11-27	0.30
2007-11-28	0.29
2007-11-29	0.29
2007-11-30	0.28
2007-12-01	0.28
2007-12-02	0.27
2007-12-03	0.27
2007-12-04	0.26
2007-12-05	0.26
2007-12-06	0.25
2007-12-07	0.25
2007-12-08	0.25
2007-12-09	0.24
2007-12-10	0.24
2007-12-11	0.23
2007-12-12	0.23
2007-12-13	0.23
2007-12-14	0.22
2007-12-15	0.22
2007-12-16	0.21
2007-12-17	0.21
2007-12-18	0.21
2007-12-19	0.20
2007-12-20	0.20
2007-12-21	0.20
2007-12-22	0.19
2007-12-23	0.19
2007-12-24	0.19
2007-12-25	0.18
2007-12-26	0.18
2007-12-27	0.18
2007-12-28	0.18
2007-12-29	0.17
2007-12-30	0.17
2007-12-31	0.17
2008-01-01	0.16
2008-01-02	0.16
2008-01-03	0.16
2008-01-04	0.16
2008-01-05	0.15
2008-01-06	0.15
2008-01-07	0.15
2008-01-08	0.15
2008-01-09	0.14
2008-01-10	0.14
2008-01-11	0.14
2008-01-12	0.14
2008-01-13	0.13
2008-01-14	0.13
2008-01-15	0.13
2008-01-16	0.13
2008-01-17	0.13
2008-01-18	0.12
2008-01-19	0.12
2008-01-20	0.12
2008-01-21	0.12
2008-01-22	0.12
2008-01-23	0.11
2008-01-24	0.11
2008-01-25	0.11
2008-01-26	0.11
2008-01-27	0.11
2008-01-28	0.10
2008-01-29	0.10
2008-01-30	0.10
2008-01-31	0.10
2008-02-01	0.10
2008-02-02	0.10
2008-02-03	0.09
2008-02-04	0.09
2008-02-05	0.09
2008-02-06	0.09
2008-02-07	0.09
2008-02-08	0.09
2008-02-09	0.09
2008-02-10	0.08
2008-02-11	0.08
2008-02-12	0.08
2008-02-13	0.08
2008-02-14	0.08
2008-02-15	0.08
2008-02-16	0.08
2008-02-17	0.07
2008-02-18	0.07
2008-02-19	0.07
2008-02-20	0.07
2008-02-21	0.07
2008-02-22	0.07
2008-02-23	0.07
2008-02-24	0.07
2008-02-25	0.07
2008-02-26	0.06
2008-02-27	0.06
2008-02-28	0.06
2008-02-29	0.06
2008-03-01	0.06
2008-03-02	0.06
2008-03-03	0.06
2008-03-04	0.06
2008-03-05	0.06
2008-03-06	0.06
2008-03-07	0.05
2008-03-08	0.05
2008-03-09	0.05
2008-03-10	68.17
2008-03-11	1.75
2008-03-12	1.73
2008-03-13	1.70
2008-03-14	1.67
2008-03-15	68.17
2008-03-16	4.86
2008-03-17	4.78
2008-03-18	4.70
2008-03-19	4.62
2008-03-20	65.17
2008-03-21	30.45
2008-03-22	5.76
2008-03-23	5.66
2008-03-24	5.57
2008-03-25	5.48
2008-03-26	5.38
2008-03-27	5.29
2008-03-28	5.21
2008-03-29	5.12
2008-03-30	5.03
2008-03-31	4.95
2008-04-01	4.87
2008-04-02	66.69
2008-04-03	68.17
2008-04-04	68.17
2008-04-05	10.01
2008-04-06	9.84
2008-04-07	9.68
2008-04-08	9.52
2008-04-09	9.36
2008-04-10	9.20
2008-04-11	9.05
2008-04-12	8.90
2008-04-13	8.75
2008-04-14	8.61
2008-04-15	8.46
2008-04-16	8.32
2008-04-17	8.18
2008-04-18	8.05
2008-04-19	7.91
2008-04-20	7.78
2008-04-21	7.65
2008-04-22	7.52
2008-04-23	7.40
2008-04-24	7.27
2008-04-25	7.15
2008-04-26	7.03
2008-04-27	6.92
2008-04-28	6.80
2008-04-29	6.69
2008-04-30	6.58
2008-05-01	6.47
2008-05-02	6.36
2008-05-03	6.25
2008-05-04	6.15
2008-05-05	6.05
2008-05-06	5.95
2008-05-07	5.85
2008-05-08	5.75
2008-05-09	5.65
2008-05-10	5.56
2008-05-11	5.47
2008-05-12	5.38
2008-05-13	5.29
2008-05-14	5.20
2008-05-15	5.11
2008-05-16	5.03
2008-05-17	4.94
2008-05-18	4.86
2008-05-19	4.78
2008-05-20	4.70
2008-05-21	4.62
2008-05-22	4.54
2008-05-23	4.47
2008-05-24	4.39
2008-05-25	4.32
2008-05-26	4.25
2008-05-27	4.18
2008-05-28	4.11
2008-05-29	4.04
2008-05-30	3.97
2008-05-31	3.91
2008-06-01	3.84
2008-06-02	3.78
2008-06-03	3.71
2008-06-04	3.65
2008-06-05	3.59
2008-06-06	3.53
2008-06-07	3.47
2008-06-08	3.41
2008-06-09	3.36
2008-06-10	3.30
2008-06-11	3.25
2008-06-12	3.19
2008-06-13	3.14
2008-06-14	3.09
2008-06-15	3.04
2008-06-16	2.98
2008-06-17	2.94
2008-06-18	2.89
2008-06-19	2.84
2008-06-20	2.79
2008-06-21	2.74
2008-06-22	2.70
2008-06-23	2.65
2008-06-24	2.61
2008-06-25	2.57
2008-06-26	2.52
2008-06-27	2.48
2008-06-28	2.44
2008-06-29	2.40
2008-06-30	2.36
2008-07-01	2.32
2008-07-02	2.28
2008-07-03	2.24
2008-07-04	2.21
2008-07-05	2.17
2008-07-06	2.13
2008-07-07	2.10
2008-07-08	2.06
2008-07-09	2.03
2008-07-10	1.99
2008-07-11	1.96
2008-07-12	1.93
2008-07-13	1.90
2008-07-14	1.86
2008-07-15	1.83
2008-07-16	1.80
2008-07-17	1.77
2008-07-18	1.74
2008-07-19	1.71
2008-07-20	1.69
2008-07-21	1.66
2008-07-22	1.63
2008-07-23	1.60
2008-07-24	1.58
2008-07-25	1.55
2008-07-26	1.52
2008-07-27	1.50
2008-07-28	1.47
2008-07-29	1.45
2008-07-30	1.42
2008-07-31	1.40
2008-08-01	1.38
2008-08-02	1.35
2008-08-03	1.33
2008-08-04	1.31
2008-08-05	1.29
2008-08-06	1.27
2008-08-07	1.25
2008-08-08	1.22
2008-08-09	1.20
2008-08-10	1.18
2008-08-11	1.16
2008-08-12	1.15
2008-08-13	1.13
2008-08-14	1.11
2008-08-15	1.09
2008-08-16	1.07
2008-08-17	1.05
2008-08-18	1.04
2008-08-19	1.02
2008-08-20	1.00
2008-08-21	0.98
2008-08-22	0.97
2008-08-23	0.95
2008-08-24	0.94
2008-08-25	0.92
2008-08-26	0.91
2008-08-27	0.89
2008-08-28	0.88
2008-08-29	0.86
2008-08-30	0.85
2008-08-31	0.83
2008-09-01	0.82
2008-09-02	0.80
2008-09-03	0.79
2008-09-04	0.78
2008-09-05	0.77
2008-09-06	0.75
2008-09-07	0.74
2008-09-08	0.73
2008-09-09	0.72
2008-09-10	0.70
2008-09-11	0.69
2008-09-12	0.68
2008-09-13	0.67
2008-09-14	0.66
2008-09-15	0.65
2008-09-16	0.64
2008-09-17	0.63
2008-09-18	0.61
2008-09-19	0.60
2008-09-20	0.59
2008-09-21	0.58
2008-09-22	0.57
2008-09-23	0.57
2008-09-24	0.56
2008-09-25	0.55
2008-09-26	0.54
2008-09-27	0.53
2008-09-28	0.52
2008-09-29	0.51
2008-09-30	0.50
2008-10-01	0.49
2008-10-02	0.49
2008-10-03	0.48
2008-10-04	0.47
2008-10-05	0.46
2008-10-06	0.45
2008-10-07	0.45
2008-10-08	0.44
2008-10-09	0.43
2008-10-10	0.42
2008-10-11	0.42
2008-10-12	0.41
2008-10-13	0.40
2008-10-14	0.40
2008-10-15	0.39
2008-10-16	0.38
2008-10-17	0.38
2008-10-18	0.37
2008-10-19	0.37
2008-10-20	0.36
2008-10-21	0.35
2008-10-22	0.35
2008-10-23	0.34
2008-10-24	0.34
2008-10-25	0.33
2008-10-26	0.32
2008-10-27	0.32
2008-10-28	0.31
2008-10-29	0.31
2008-10-30	0.30
2008-10-31	0.30
2008-11-01	0.29
2008-11-02	0.29
2008-11-03	0.28
2008-11-04	0.28
2008-11-05	0.27
2008-11-06	0.27
2008-11-07	0.27
2008-11-08	0.26
2008-11-09	0.26
2008-11-10	0.25
2008-11-11	0.25
2008-11-12	0.24
2008-11-13	0.24
2008-11-14	0.24
2008-11-15	0.23
2008-11-16	0.23
2008-11-17	0.22
2008-11-18	0.22
2008-11-19	0.22
2008-11-20	0.21
2008-11-21	0.21
2008-11-22	0.21
2008-11-23	0.20
2008-11-24	0.20
2008-11-25	0.20
2008-11-26	0.19
2008-11-27	0.19
2008-11-28	0.19
2008-11-29	0.18
2008-11-30	0.18
2008-12-01	0.18
2008-12-02	0.17
2008-12-03	0.17
2008-12-04	0.17
2008-12-05	0.17
2008-12-06	0.16
2008-12-07	0.16
2008-12-08	0.16
2008-12-09	0.15
2008-12-10	0.15
2008-12-11	0.15
2008-12-12	0.15
2008-12-13	0.14
2008-12-14	0.14
2008-12-15	0.14
2008-12-16	0.14
2008-12-17	0.14
2008-12-18	0.13
2008-12-19	0.13
2008-12-20	0.13
2008-12-21	0.13
2008-12-22	0.12
2008-12-23	0.12
2008-12-24	0.12
2008-12-25	0.12
2008-12-26	0.12
2008-12-27	0.11
2008-12-28	0.11
2008-12-29	0.11
2008-12-30	0.11
2008-12-31	0.11
2009-01-01	0.11
2009-01-02	0.10
2009-01-03	0.10
2009-01-04	0.10
2009-01-05	0.10
2009-01-06	0.10
2009-01-07	0.10
2009-01-08	0.09
2009-01-09	0.09
2009-01-10	0.09
2009-01-11	0.09
2009-01-12	0.09
2009-01-13	0.09
2009-01-14	0.08
2009-01-15	0.08
2009-01-16	0.08
2009-01-17	0.08
2009-01-18	0.08
2009-01-19	0.08
2009-01-20	0.08
2009-01-21	0.08
2009-01-22	0.07
2009-01-23	0.07
2009-01-24	0.07
2009-01-25	0.07
2009-01-26	0.07
2009-01-27	0.07
2009-01-28	0.07
2009-01-29	0.07
2009-01-30	0.06
2009-01-31	0.06
2009-02-01	0.06
2009-02-02	0.06
2009-02-03	0.06
2009-02-04	0.06
2009-02-05	0.06
2009-02-06	0.06
2009-02-07	0.06
2009-02-08	0.06
2009-02-09	0.05
2009-02-10	0.05
2009-02-11	0.05
2009-02-12	0.05
2009-02-13	0.05
2009-02-14	0.05
2009-02-15	0.05
2009-02-16	0.05
2009-02-17	0.05
2009-02-18	0.05
2009-02-19	0.05
2009-02-20	0.05
2009-02-21	0.04
2009-02-22	0.04
2009-02-23	0.04
2009-02-24	0.04
2009-02-25	0.04
2009-02-26	68.17
2009-02-27	68.17
2009-02-28	68.17
2009-03-01	68.17
2009-03-02	68.17
2009-03-03	20.98
2009-03-04	20.63
2009-03-05	68.17
2009-03-06	68.17
2009-03-07	68.17
2009-03-08	68.17
2009-03-09	32.43
2009-03-10	31.89
2009-03-11	68.17
2009-03-12	35.81
2009-03-13	35.21
2009-03-14	34.63
2009-03-15	34.05
2009-03-16	33.48
2009-03-17	32.92
2009-03-18	32.38
2009-03-19	31.84
2009-03-20	31.31
2009-03-21	30.78
2009-03-22	30.27
2009-03-23	29.77
2009-03-24	29.27
2009-03-25	28.78
2009-03-26	28.30
2009-03-27	27.83
2009-03-28	27.37
2009-03-29	26.91
2009-03-30	26.46
2009-03-31	26.02
2009-04-01	25.59
2009-04-02	25.16
2009-04-03	24.74
2009-04-04	24.33
2009-04-05	23.92
2009-04-06	23.53
2009-04-07	23.13
2009-04-08	22.75
2009-04-09	22.37
2009-04-10	22.00
2009-04-11	21.63
2009-04-12	21.27
2009-04-13	20.91
2009-04-14	20.57
2009-04-15	20.22
2009-04-16	19.89
2009-04-17	19.55
2009-04-18	19.23
2009-04-19	18.91
2009-04-20	18.59
2009-04-21	18.28
2009-04-22	17.98
2009-04-23	17.68
2009-04-24	17.38
2009-04-25	17.09
2009-04-26	16.81
2009-04-27	68.17
2009-04-28	68.17
2009-04-29	68.17
2009-04-30	68.17
2009-05-01	68.17
2009-05-02	68.17
2009-05-03	49.41
2009-05-04	48.58
2009-05-05	47.77
2009-05-06	46.98
2009-05-07	68.17
2009-05-08	68.17
2009-05-09	68.17
2009-05-10	68.17
2009-05-11	68.17
2009-05-12	68.17
2009-05-13	68.17
2009-05-14	68.17
2009-05-15	68.17
2009-05-16	68.17
2009-05-17	68.17
2009-05-18	68.17
2009-05-19	68.17
2009-05-20	68.17
2009-05-21	68.17
2009-05-22	68.17
2009-05-23	68.17
2009-05-24	68.17
2009-05-25	68.17
2009-05-26	68.17
2009-05-27	68.17
2009-05-28	68.17
2009-05-29	68.17
2009-05-30	68.17
2009-05-31	68.17
2009-06-01	68.17
2009-06-02	68.17
2009-06-03	68.17
2009-06-04	68.17
2009-06-05	68.17
2009-06-06	68.17
2009-06-07	68.17
2009-06-08	68.17
2009-06-09	68.17
2009-06-10	68.17
2009-06-11	68.17
2009-06-12	68.17
2009-06-13	68.17
2009-06-14	68.17
2009-06-15	68.17
2009-06-16	68.17
2009-06-17	68.17
2009-06-18	65.93
2009-06-19	65.69
2009-06-20	68.17
2009-06-21	68.17
2009-06-22	68.17
2009-06-23	68.17
2009-06-24	68.17
2009-06-25	68.17
2009-06-26	68.17
2009-06-27	68.17
2009-06-28	68.17
2009-06-29	68.17
2009-06-30	68.17
2009-07-01	68.17
2009-07-02	68.17
2009-07-03	68.17
2009-07-04	68.17
2009-07-05	68.17
2009-07-06	68.17
2009-07-07	68.17
2009-07-08	68.17
2009-07-09	68.17
2009-07-10	68.17
2009-07-11	68.17
2009-07-12	68.17
2009-07-13	68.17
2009-07-14	68.17
2009-07-15	68.17
2009-07-16	67.73
2009-07-17	66.60
2009-07-18	65.49
2009-07-19	64.40
2009-07-20	63.32
2009-07-21	62.27
2009-07-22	61.23
2009-07-23	60.21
2009-07-24	59.21
2009-07-25	58.22
2009-07-26	57.25
2009-07-27	56.29
2009-07-28	55.36
2009-07-29	54.43
2009-07-30	53.53
2009-07-31	52.63
2009-08-01	51.76
2009-08-02	50.89
2009-08-03	50.05
2009-08-04	49.21
2009-08-05	48.39
2009-08-06	47.59
2009-08-07	46.79
2009-08-08	46.01
2009-08-09	45.25
2009-08-10	44.49
2009-08-11	41.47
2009-08-12	43.02
2009-08-13	40.01
2009-08-14	39.28
2009-08-15	38.49
2009-08-16	37.78
2009-08-17	37.37
2009-08-18	38.89
2009-08-19	38.25
2009-08-20	37.61
2009-08-21	36.98
2009-08-22	36.37
2009-08-23	35.76
2009-08-24	35.16
2009-08-25	34.58
2009-08-26	34.00
2009-08-27	33.43
2009-08-28	32.88
2009-08-29	32.33
2009-08-30	31.79
2009-08-31	31.26
2009-09-01	30.74
2009-09-02	30.23
2009-09-03	29.72
2009-09-04	29.23
2009-09-05	28.74
2009-09-06	28.26
2009-09-07	27.79
2009-09-08	27.33
2009-09-09	26.87
2009-09-10	26.42
2009-09-11	25.98
2009-09-12	25.55
2009-09-13	25.12
2009-09-14	24.71
2009-09-15	24.29
2009-09-16	23.89
2009-09-17	23.49
2009-09-18	23.10
2009-09-19	22.71
2009-09-20	22.34
2009-09-21	21.96
2009-09-22	21.60
2009-09-23	21.24
2009-09-24	20.88
2009-09-25	20.54
2009-09-26	20.19
2009-09-27	19.86
2009-09-28	19.53
2009-09-29	19.20
2009-09-30	18.88
2009-10-01	18.57
2009-10-02	18.26
2009-10-03	17.95
2009-10-04	17.65
2009-10-05	17.36
2009-10-06	17.07
2009-10-07	16.78
2009-10-08	16.51
2009-10-09	16.23
2009-10-10	15.96
2009-10-11	15.69
2009-10-12	15.43
2009-10-13	15.17
2009-10-14	14.92
2009-10-15	14.67
2009-10-16	14.43
2009-10-17	14.19
2009-10-18	13.95
2009-10-19	13.72
2009-10-20	13.49
2009-10-21	13.27
2009-10-22	13.04
2009-10-23	12.83
2009-10-24	12.61
2009-10-25	12.40
2009-10-26	12.20
2009-10-27	11.99
2009-10-28	11.79
2009-10-29	11.60
2009-10-30	11.40
2009-10-31	11.21
2009-11-01	11.03
2009-11-02	10.84
2009-11-03	10.66
2009-11-04	10.48
2009-11-05	10.31
2009-11-06	10.14
2009-11-07	9.97
2009-11-08	9.80
2009-11-09	9.64
2009-11-10	9.48
2009-11-11	9.32
2009-11-12	9.17
2009-11-13	9.01
2009-11-14	8.86
2009-11-15	8.71
2009-11-16	8.57
2009-11-17	8.43
2009-11-18	8.29
2009-11-19	8.15
2009-11-20	8.01
2009-11-21	7.88
2009-11-22	7.75
2009-11-23	7.62
2009-11-24	7.49
2009-11-25	7.37
2009-11-26	7.24
2009-11-27	7.12
2009-11-28	7.00
2009-11-29	6.89
2009-11-30	6.77
2009-12-01	6.66
2009-12-02	6.55
2009-12-03	6.44
2009-12-04	6.33
2009-12-05	6.23
2009-12-06	6.12
2009-12-07	6.02
2009-12-08	5.92
2009-12-09	5.82
2009-12-10	5.72
2009-12-11	5.63
2009-12-12	5.54
2009-12-13	5.44
2009-12-14	5.35
2009-12-15	5.26
2009-12-16	5.18
2009-12-17	5.09
2009-12-18	5.00
2009-12-19	4.92
2009-12-20	4.84
2009-12-21	4.76
2009-12-22	4.68
2009-12-23	4.60
2009-12-24	4.52
2009-12-25	4.45
2009-12-26	4.38
2009-12-27	4.30
2009-12-28	4.23
2009-12-29	4.16
2009-12-30	4.09
2009-12-31	4.02
2010-01-01	68.17
2010-01-02	7.02
2010-01-03	6.90
2010-01-04	6.79
2010-01-05	6.67
2010-01-06	6.56
2010-01-07	6.45
2010-01-08	6.35
2010-01-09	6.24
2010-01-10	6.14
2010-01-11	6.03
2010-01-12	5.93
2010-01-13	5.83
2010-01-14	5.74
2010-01-15	5.64
2010-01-16	5.55
2010-01-17	5.45
2010-01-18	5.36
2010-01-19	5.27
2010-01-20	5.19
2010-01-21	5.10
2010-01-22	5.01
2010-01-23	4.93
2010-01-24	4.85
2010-01-25	4.77
2010-01-26	4.69
2010-01-27	4.61
2010-01-28	4.53
2010-01-29	4.46
2010-01-30	4.38
2010-01-31	64.25
2010-02-01	68.17
2010-02-02	7.39
2010-02-03	7.27
2010-02-04	7.15
2010-02-05	65.20
2010-02-06	68.17
2010-02-07	68.17
2010-02-08	18.13
2010-02-09	68.17
2010-02-10	68.17
2010-02-11	53.70
2010-02-12	52.81
2010-02-13	51.93
2010-02-14	51.06
2010-02-15	50.21
2010-02-16	49.38
2010-02-17	48.55
2010-02-18	47.74
2010-02-19	68.17
2010-02-20	68.17
2010-02-21	68.17
2010-02-22	68.17
2010-02-23	68.17
2010-02-24	68.17
2010-02-25	68.17
2010-02-26	68.17
2010-02-27	68.17
2010-02-28	68.17
2010-03-01	68.17
2010-03-02	68.17
2010-03-03	68.17
2010-03-04	68.17
2010-03-05	68.17
2010-03-06	68.17
2010-03-07	68.17
2010-03-08	68.17
2010-03-09	68.17
2010-03-10	68.17
2010-03-11	68.17
2010-03-12	68.17
2010-03-13	68.17
2010-03-14	68.17
2010-03-15	68.17
2010-03-16	68.17
2010-03-17	68.17
2010-03-18	68.17
2010-03-19	68.17
2010-03-20	68.17
2010-03-21	68.17
2010-03-22	68.17
2010-03-23	68.17
2010-03-24	68.17
2010-03-25	68.17
2010-03-26	68.17
2010-03-27	68.17
2010-03-28	68.17
2010-03-29	68.17
2010-03-30	68.17
2010-03-31	68.17
2010-04-01	68.17
2010-04-02	68.17
2010-04-03	68.17
2010-04-04	68.17
2010-04-05	68.17
2010-04-06	68.17
2010-04-07	68.17
2010-04-08	68.17
2010-04-09	68.17
2010-04-10	68.17
2010-04-11	68.17
2010-04-12	68.17
2010-04-13	68.17
2010-04-14	68.17
2010-04-15	68.17
2010-04-16	68.17
2010-04-17	68.17
2010-04-18	68.17
2010-04-19	68.17
2010-04-20	68.17
2010-04-21	68.17
2010-04-22	68.17
2010-04-23	68.17
2010-04-24	68.17
2010-04-25	68.17
2010-04-26	68.17
2010-04-27	68.17
2010-04-28	68.17
2010-04-29	68.17
2010-04-30	68.17
2010-05-01	68.17
2010-05-02	68.17
2010-05-03	68.17
2010-05-04	68.17
2010-05-05	68.17
2010-05-06	68.17
2010-05-07	68.17
2010-05-08	68.17
2010-05-09	68.17
2010-05-10	68.17
2010-05-11	68.17
2010-05-12	68.17
2010-05-13	68.17
2010-05-14	68.17
2010-05-15	68.17
2010-05-16	68.17
2010-05-17	68.17
2010-05-18	68.17
2010-05-19	68.17
2010-05-20	68.17
2010-05-21	68.17
2010-05-22	68.17
2010-05-23	68.17
2010-05-24	68.17
2010-05-25	68.17
2010-05-26	68.17
2010-05-27	68.17
2010-05-28	68.17
2010-05-29	68.17
2010-05-30	68.17
2010-05-31	68.17
2010-06-01	68.17
2010-06-02	68.17
2010-06-03	68.17
2010-06-04	68.17
2010-06-05	68.17
2010-06-06	68.17
2010-06-07	68.17
2010-06-08	68.17
2010-06-09	68.17
2010-06-10	68.17
2010-06-11	68.17
2010-06-12	68.17
2010-06-13	68.17
2010-06-14	68.17
2010-06-15	68.17
2010-06-16	68.17
2010-06-17	68.17
2010-06-18	68.17
2010-06-19	68.17
2010-06-20	68.17
2010-06-21	68.17
2010-06-22	68.17
2010-06-23	68.17
2010-06-24	68.17
2010-06-25	68.17
2010-06-26	68.17
2010-06-27	68.17
2010-06-28	65.42
2010-06-29	65.43
2010-06-30	64.83
2010-07-01	65.04
2010-07-02	65.74
2010-07-03	68.17
2010-07-04	68.17
2010-07-05	65.65
2010-07-06	65.82
2010-07-07	65.67
2010-07-08	65.51
2010-07-09	68.17
2010-07-10	68.17
2010-07-11	68.17
2010-07-12	68.17
2010-07-13	68.17
2010-07-14	68.17
2010-07-15	68.17
2010-07-16	68.17
2010-07-17	68.17
2010-07-18	68.17
2010-07-19	68.17
2010-07-20	68.17
2010-07-21	68.17
2010-07-22	68.17
2010-07-23	68.17
2010-07-24	68.17
2010-07-25	68.17
2010-07-26	68.17
2010-07-27	68.17
2010-07-28	68.17
2010-07-29	68.17
2010-07-30	68.17
2010-07-31	68.17
2010-08-01	65.65
2010-08-02	65.83
2010-08-03	68.17
2010-08-04	68.17
2010-08-05	68.17
2010-08-06	68.17
2010-08-07	68.17
2010-08-08	68.17
2010-08-09	68.17
2010-08-10	68.17
2010-08-11	68.17
2010-08-12	68.17
2010-08-13	68.17
2010-08-14	68.17
2010-08-15	68.17
2010-08-16	68.17
2010-08-17	68.17
2010-08-18	68.17
2010-08-19	65.51
2010-08-20	65.51
2010-08-21	65.61
2010-08-22	65.84
2010-08-23	68.17
2010-08-24	68.17
2010-08-25	65.84
2010-08-26	68.17
2010-08-27	68.17
2010-08-28	68.17
2010-08-29	68.17
2010-08-30	68.17
2010-08-31	68.17
2010-09-01	68.17
2010-09-02	68.17
2010-09-03	68.17
2010-09-04	68.17
2010-09-05	68.17
2010-09-06	68.17
2010-09-07	68.17
2010-09-08	68.17
2010-09-09	68.17
2010-09-10	68.17
2010-09-11	68.17
2010-09-12	68.17
2010-09-13	68.17
2010-09-14	68.17
2010-09-15	68.17
2010-09-16	68.17
2010-09-17	68.17
2010-09-18	68.17
2010-09-19	68.17
2010-09-20	68.17
2010-09-21	68.17
2010-09-22	68.17
2010-09-23	68.17
2010-09-24	68.17
2010-09-25	68.17
2010-09-26	68.17
2010-09-27	68.17
2010-09-28	68.17
2010-09-29	68.17
2010-09-30	68.17
2010-10-01	68.17
2010-10-02	68.17
2010-10-03	68.17
2010-10-04	68.17
2010-10-05	68.17
2010-10-06	68.17
2010-10-07	68.17
2010-10-08	68.17
2010-10-09	68.17
2010-10-10	68.17
2010-10-11	68.17
2010-10-12	68.17
2010-10-13	68.17
2010-10-14	68.17
2010-10-15	68.17
2010-10-16	68.17
2010-10-17	68.17
2010-10-18	68.17
2010-10-19	68.17
2010-10-20	68.17
2010-10-21	68.17
2010-10-22	68.17
2010-10-23	68.17
2010-10-24	68.17
2010-10-25	68.17
2010-10-26	68.17
2010-10-27	68.17
2010-10-28	68.17
2010-10-29	68.17
2010-10-30	68.17
2010-10-31	68.17
2010-11-01	68.17
2010-11-02	68.17
2010-11-03	68.17
2010-11-04	68.17
2010-11-05	68.17
2010-11-06	68.17
2010-11-07	68.17
2010-11-08	68.17
2010-11-09	68.17
2010-11-10	68.17
2010-11-11	68.17
2010-11-12	68.17
2010-11-13	68.17
2010-11-14	68.17
2010-11-15	68.17
2010-11-16	68.17
2010-11-17	68.17
2010-11-18	68.17
2010-11-19	68.17
2010-11-20	68.17
2010-11-21	68.17
2010-11-22	68.17
2010-11-23	68.17
2010-11-24	68.17
2010-11-25	68.17
2010-11-26	68.17
2010-11-27	68.17
2010-11-28	68.17
2010-11-29	68.17
2010-11-30	68.17
2010-12-01	68.17
2010-12-02	68.17
2010-12-03	68.17
2010-12-04	68.17
2010-12-05	68.17
2010-12-06	68.17
2010-12-07	68.17
2010-12-08	68.17
2010-12-09	68.17
2010-12-10	68.17
2010-12-11	68.17
2010-12-12	68.17
2010-12-13	68.17
2010-12-14	68.17
2010-12-15	68.17
2010-12-16	68.17
2010-12-17	68.17
2010-12-18	68.17
2010-12-19	68.17
2010-12-20	68.17
2010-12-21	68.17
2010-12-22	68.17
2010-12-23	68.17
2010-12-24	68.17
2010-12-25	68.17
2010-12-26	68.17
2010-12-27	68.17
2010-12-28	68.17
2010-12-29	68.17
2010-12-30	68.17
2010-12-31	68.17
2011-01-01	68.17
2011-01-02	68.17
2011-01-03	68.17
2011-01-04	68.17
2011-01-05	68.17
2011-01-06	68.17
2011-01-07	68.17
2011-01-08	68.17
2011-01-09	68.17
2011-01-10	68.17
2011-01-11	68.17
2011-01-12	68.17
2011-01-13	68.17
2011-01-14	68.17
2011-01-15	68.17
2011-01-16	68.17
2011-01-17	68.17
2011-01-18	68.17
2011-01-19	68.17
2011-01-20	68.17
2011-01-21	68.17
2011-01-22	68.17
2011-01-23	68.17
2011-01-24	68.17
2011-01-25	68.17
2011-01-26	68.17
2011-01-27	68.17
2011-01-28	68.17
2011-01-29	68.17
2011-01-30	68.17
2011-01-31	68.17
2011-02-01	68.17
2011-02-02	68.17
2011-02-03	68.17
2011-02-04	68.17
2011-02-05	68.17
2011-02-06	68.17
2011-02-07	68.17
2011-02-08	68.17
2011-02-09	68.17
2011-02-10	68.17
2011-02-11	68.17
2011-02-12	68.17
2011-02-13	68.17
2011-02-14	68.17
2011-02-15	68.17
2011-02-16	68.17
2011-02-17	68.17
2011-02-18	68.17
2011-02-19	68.17
2011-02-20	68.17
2011-02-21	68.17
2011-02-22	68.17
2011-02-23	68.17
2011-02-24	68.17
2011-02-25	68.17
2011-02-26	68.17
2011-02-27	68.17
2011-02-28	68.17
2011-03-01	68.17
2011-03-02	68.17
2011-03-03	68.17
2011-03-04	68.17
2011-03-05	68.17
2011-03-06	68.17
2011-03-07	68.17
2011-03-08	68.17
2011-03-09	68.17
2011-03-10	68.17
2011-03-11	68.17
2011-03-12	68.17
2011-03-13	68.17
2011-03-14	68.17
2011-03-15	68.17
2011-03-16	68.17
2011-03-17	68.17
2011-03-18	68.17
2011-03-19	68.17
2011-03-20	68.17
2011-03-21	68.17
2011-03-22	68.17
2011-03-23	68.17
2011-03-24	68.17
2011-03-25	68.17
2011-03-26	68.17
2011-03-27	68.17
2011-03-28	68.17
2011-03-29	68.17
2011-03-30	68.17
2011-03-31	68.17
2011-04-01	68.17
2011-04-02	68.17
2011-04-03	68.17
2011-04-04	68.17
2011-04-05	68.17
2011-04-06	68.17
2011-04-07	68.17
2011-04-08	68.17
2011-04-09	68.17
2011-04-10	68.17
2011-04-11	68.17
2011-04-12	68.17
2011-04-13	68.17
2011-04-14	68.17
2011-04-15	68.17
2011-04-16	68.17
2011-04-17	68.17
2011-04-18	68.17
2011-04-19	68.17
2011-04-20	68.17
2011-04-21	68.17
2011-04-22	68.17
2011-04-23	68.17
2011-04-24	68.17
2011-04-25	68.17
2011-04-26	68.17
2011-04-27	68.17
2011-04-28	68.17
2011-04-29	68.17
2011-04-30	68.17
2011-05-01	68.17
2011-05-02	68.17
2011-05-03	68.17
2011-05-04	68.17
2011-05-05	68.17
2011-05-06	68.17
2011-05-07	68.17
2011-05-08	68.17
2011-05-09	68.17
2011-05-10	68.17
2011-05-11	68.17
2011-05-12	68.17
2011-05-13	68.17
2011-05-14	68.17
2011-05-15	68.17
2011-05-16	68.17
2011-05-17	68.17
2011-05-18	68.17
2011-05-19	68.17
2011-05-20	68.17
2011-05-21	68.17
2011-05-22	68.17
2011-05-23	68.17
2011-05-24	68.17
2011-05-25	68.17
2011-05-26	68.17
2011-05-27	68.17
2011-05-28	68.17
2011-05-29	68.17
2011-05-30	68.17
2011-05-31	68.17
2011-06-01	65.88
2011-06-02	65.65
2011-06-03	65.50
2011-06-04	65.46
2011-06-05	68.17
2011-06-06	68.17
2011-06-07	68.17
2011-06-08	68.17
2011-06-09	68.17
2011-06-10	68.17
2011-06-11	68.17
2011-06-12	68.17
2011-06-13	68.17
2011-06-14	68.17
2011-06-15	68.17
2011-06-16	68.17
2011-06-17	68.17
2011-06-18	68.17
2011-06-19	68.17
2011-06-20	68.17
2011-06-21	68.17
2011-06-22	68.17
2011-06-23	68.17
2011-06-24	68.17
2011-06-25	68.17
2011-06-26	68.17
2011-06-27	68.17
2011-06-28	68.17
2011-06-29	68.17
2011-06-30	68.17
2011-07-01	68.17
2011-07-02	68.17
2011-07-03	68.17
2011-07-04	68.17
2011-07-05	68.17
2011-07-06	68.17
2011-07-07	68.17
2011-07-08	68.17
2011-07-09	68.17
2011-07-10	68.17
2011-07-11	68.17
2011-07-12	68.17
2011-07-13	68.17
2011-07-14	68.17
2011-07-15	68.17
2011-07-16	68.17
2011-07-17	68.17
2011-07-18	68.17
2011-07-19	68.17
2011-07-20	68.17
2011-07-21	68.17
2011-07-22	68.17
2011-07-23	68.17
2011-07-24	68.17
2011-07-25	68.17
2011-07-26	68.17
2011-07-27	68.17
2011-07-28	65.88
2011-07-29	68.17
2011-07-30	68.17
2011-07-31	68.17
2011-08-01	68.17
2011-08-02	68.17
2011-08-03	68.17
2011-08-04	68.17
2011-08-05	65.93
2011-08-06	65.92
2011-08-07	65.72
2011-08-08	65.79
2011-08-09	65.54
2011-08-10	65.75
2011-08-11	65.66
2011-08-12	64.94
2011-08-13	64.82
2011-08-14	65.74
2011-08-15	68.17
2011-08-16	68.17
2011-08-17	68.17
2011-08-18	68.17
2011-08-19	68.17
2011-08-20	68.17
2011-08-21	68.17
2011-08-22	68.17
2011-08-23	68.17
2011-08-24	68.17
2011-08-25	68.17
2011-08-26	68.17
2011-08-27	68.17
2011-08-28	68.17
2011-08-29	68.17
2011-08-30	68.17
2011-08-31	68.17
2011-09-01	68.17
2011-09-02	68.17
2011-09-03	68.17
2011-09-04	68.17
2011-09-05	68.17
2011-09-06	68.17
2011-09-07	68.17
2011-09-08	68.17
2011-09-09	68.17
2011-09-10	68.17
2011-09-11	68.17
2011-09-12	68.17
2011-09-13	68.17
2011-09-14	68.17
2011-09-15	68.17
2011-09-16	68.17
2011-09-17	68.17
2011-09-18	68.17
2011-09-19	68.17
2011-09-20	68.17
2011-09-21	68.17
2011-09-22	68.17
2011-09-23	68.17
2011-09-24	68.17
2011-09-25	68.17
2011-09-26	68.17
2011-09-27	68.17
2011-09-28	68.17
2011-09-29	68.17
2011-09-30	68.17
2011-10-01	67.96
2011-10-02	66.83
2011-10-03	65.71
2011-10-04	64.62
2011-10-05	63.54
2011-10-06	62.48
2011-10-07	61.44
2011-10-08	60.42
2011-10-09	59.41
2011-10-10	58.42
2011-10-11	57.45
2011-10-12	56.49
2011-10-13	55.55
2011-10-14	54.62
2011-10-15	53.71
2011-10-16	52.82
2011-10-17	51.94
2011-10-18	51.07
2011-10-19	50.22
2011-10-20	49.38
2011-10-21	48.56
2011-10-22	47.75
2011-10-23	46.95
2011-10-24	46.17
2011-10-25	45.40
2011-10-26	44.65
2011-10-27	43.90
2011-10-28	43.17
2011-10-29	42.45
2011-10-30	41.74
2011-10-31	41.05
2011-11-01	40.36
2011-11-02	39.69
2011-11-03	39.03
2011-11-04	38.38
2011-11-05	37.74
2011-11-06	37.11
2011-11-07	36.49
2011-11-08	35.88
2011-11-09	35.28
2011-11-10	34.70
2011-11-11	34.12
2011-11-12	33.55
2011-11-13	32.99
2011-11-14	32.44
2011-11-15	31.90
2011-11-16	31.37
2011-11-17	30.85
2011-11-18	30.33
2011-11-19	29.83
2011-11-20	29.33
2011-11-21	28.84
2011-11-22	28.36
2011-11-23	27.89
2011-11-24	27.42
2011-11-25	26.96
2011-11-26	26.52
2011-11-27	26.07
2011-11-28	25.64
2011-11-29	25.21
2011-11-30	24.79
2011-12-01	24.38
2011-12-02	23.97
2011-12-03	23.57
2011-12-04	23.18
2011-12-05	22.79
2011-12-06	22.41
2011-12-07	22.04
2011-12-08	21.67
2011-12-09	21.31
2011-12-10	20.96
2011-12-11	20.61
2011-12-12	20.26
2011-12-13	19.93
2011-12-14	19.59
2011-12-15	19.27
2011-12-16	18.95
2011-12-17	18.63
2011-12-18	18.32
2011-12-19	18.01
2011-12-20	17.71
2011-12-21	17.42
2011-12-22	17.13
2011-12-23	16.84
2011-12-24	16.56
2011-12-25	68.17
2011-12-26	17.53
2011-12-27	17.24
2011-12-28	16.95
2011-12-29	16.67
2011-12-30	16.39
2011-12-31	16.12
2012-01-01	15.85
2012-01-02	15.59
2012-01-03	15.33
2012-01-04	15.07
2012-01-05	14.82
2012-01-06	14.57
2012-01-07	14.33
2012-01-08	14.09
2012-01-09	13.86
2012-01-10	13.62
2012-01-11	13.40
2012-01-12	13.17
2012-01-13	12.95
2012-01-14	12.74
2012-01-15	12.53
2012-01-16	12.32
2012-01-17	12.11
2012-01-18	68.17
2012-01-19	16.86
2012-01-20	16.58
2012-01-21	16.31
2012-01-22	68.17
2012-01-23	68.17
2012-01-24	68.17
2012-01-25	68.17
2012-01-26	30.71
2012-01-27	30.19
2012-01-28	29.69
2012-01-29	68.17
2012-01-30	68.17
2012-01-31	33.46
2012-02-01	32.90
2012-02-02	32.36
2012-02-03	31.82
2012-02-04	31.29
2012-02-05	30.76
2012-02-06	30.25
2012-02-07	29.75
2012-02-08	29.25
2012-02-09	28.76
2012-02-10	28.28
2012-02-11	68.17
2012-02-12	68.17
2012-02-13	68.17
2012-02-14	47.65
2012-02-15	68.17
2012-02-16	68.17
2012-02-17	68.17
2012-02-18	68.17
2012-02-19	65.86
2012-02-20	64.77
2012-02-21	63.69
2012-02-22	62.63
2012-02-23	61.58
2012-02-24	60.56
2012-02-25	59.55
2012-02-26	58.55
2012-02-27	57.58
2012-02-28	56.62
2012-02-29	68.17
2012-03-01	68.17
2012-03-02	59.52
2012-03-03	58.53
2012-03-04	57.55
2012-03-05	56.59
2012-03-06	55.65
2012-03-07	54.72
2012-03-08	53.81
2012-03-09	52.91
2012-03-10	52.03
2012-03-11	68.17
2012-03-12	58.24
2012-03-13	57.27
2012-03-14	68.17
2012-03-15	68.17
2012-03-16	62.71
2012-03-17	68.17
2012-03-18	68.17
2012-03-19	68.17
2012-03-20	68.17
2012-03-21	68.17
2012-03-22	68.17
2012-03-23	68.17
2012-03-24	68.17
2012-03-25	68.17
2012-03-26	68.17
2012-03-27	68.17
2012-03-28	68.17
2012-03-29	68.17
2012-03-30	68.17
2012-03-31	68.17
2012-04-01	68.17
2012-04-02	68.17
2012-04-03	68.17
2012-04-04	68.17
2012-04-05	68.17
2012-04-06	68.17
2012-04-07	68.17
2012-04-08	68.17
2012-04-09	68.17
2012-04-10	68.17
2012-04-11	68.17
2012-04-12	68.17
2012-04-13	68.17
2012-04-14	68.17
2012-04-15	68.17
2012-04-16	68.17
2012-04-17	68.17
2012-04-18	68.17
2012-04-19	68.17
2012-04-20	68.17
2012-04-21	68.17
2012-04-22	68.17
2012-04-23	68.17
2012-04-24	68.17
2012-04-25	68.17
2012-04-26	68.17
2012-04-27	68.17
2012-04-28	68.17
2012-04-29	68.17
2012-04-30	68.17
2012-05-01	68.17
2012-05-02	68.17
2012-05-03	68.17
2012-05-04	68.17
2012-05-05	68.17
2012-05-06	68.17
2012-05-07	68.17
2012-05-08	68.17
2012-05-09	68.17
2012-05-10	68.17
2012-05-11	68.17
2012-05-12	68.17
2012-05-13	68.17
2012-05-14	68.17
2012-05-15	68.17
2012-05-16	68.17
2012-05-17	68.17
2012-05-18	68.17
2012-05-19	68.17
2012-05-20	68.17
2012-05-21	68.17
2012-05-22	68.17
2012-05-23	68.17
2012-05-24	68.17
2012-05-25	68.17
2012-05-26	68.17
2012-05-27	68.17
2012-05-28	68.17
2012-05-29	68.17
2012-05-30	68.17
2012-05-31	68.17
2012-06-01	68.17
2012-06-02	68.17
2012-06-03	68.17
2012-06-04	68.17
2012-06-05	68.17
2012-06-06	68.17
2012-06-07	68.17
2012-06-08	68.17
2012-06-09	68.17
2012-06-10	68.17
2012-06-11	68.17
2012-06-12	68.17
2012-06-13	68.17
2012-06-14	68.17
2012-06-15	68.17
2012-06-16	68.17
2012-06-17	65.77
2012-06-18	68.17
2012-06-19	68.17
2012-06-20	68.17
2012-06-21	68.17
2012-06-22	68.17
2012-06-23	68.17
2012-06-24	68.17
2012-06-25	68.17
2012-06-26	68.17
2012-06-27	68.17
2012-06-28	68.17
2012-06-29	68.17
2012-06-30	68.17
2012-07-01	68.17
2012-07-02	68.17
2012-07-03	68.17
2012-07-04	68.17
2012-07-05	68.17
2012-07-06	68.17
2012-07-07	68.17
2012-07-08	68.17
2012-07-09	68.17
2012-07-10	68.17
2012-07-11	68.17
2012-07-12	68.17
2012-07-13	68.17
2012-07-14	68.17
2012-07-15	68.17
2012-07-16	68.17
2012-07-17	68.17
2012-07-18	68.17
2012-07-19	68.17
2012-07-20	68.17
2012-07-21	68.17
2012-07-22	68.17
2012-07-23	68.17
2012-07-24	68.17
2012-07-25	68.17
2012-07-26	68.17
2012-07-27	68.17
2012-07-28	67.47
2012-07-29	66.35
2012-07-30	65.24
2012-07-31	64.15
2012-08-01	63.08
2012-08-02	62.03
2012-08-03	61.00
2012-08-04	59.98
2012-08-05	58.98
2012-08-06	58.00
2012-08-07	57.03
2012-08-08	56.08
2012-08-09	52.26
2012-08-10	50.98
2012-08-11	50.43
2012-08-12	49.16
2012-08-13	48.37
2012-08-14	47.97
2012-08-15	49.86
2012-08-16	49.03
2012-08-17	48.21
2012-08-18	47.41
2012-08-19	46.62
2012-08-20	45.84
2012-08-21	45.08
2012-08-22	44.32
2012-08-23	43.59
2012-08-24	42.86
2012-08-25	42.14
2012-08-26	41.44
2012-08-27	40.75
2012-08-28	40.07
2012-08-29	39.40
2012-08-30	38.75
2012-08-31	38.10
2012-09-01	37.47
2012-09-02	36.84
2012-09-03	36.23
2012-09-04	35.62
2012-09-05	35.03
2012-09-06	34.45
2012-09-07	33.87
2012-09-08	33.31
2012-09-09	32.75
2012-09-10	32.21
2012-09-11	31.67
2012-09-12	31.14
2012-09-13	30.62
2012-09-14	30.11
2012-09-15	27.90
2012-09-16	29.12
2012-09-17	28.63
2012-09-18	28.16
2012-09-19	27.69
2012-09-20	27.22
2012-09-21	26.77
2012-09-22	26.32
2012-09-23	25.89
2012-09-24	25.45
2012-09-25	25.03
2012-09-26	24.61
2012-09-27	24.20
2012-09-28	23.80
2012-09-29	23.40
2012-09-30	23.01
2012-10-01	22.63
2012-10-02	22.25
2012-10-03	21.88
2012-10-04	21.52
2012-10-05	21.16
2012-10-06	20.81
2012-10-07	20.46
2012-10-08	20.12
2012-10-09	19.78
2012-10-10	19.45
2012-10-11	19.13
2012-10-12	18.81
2012-10-13	18.50
2012-10-14	18.19
2012-10-15	17.88
2012-10-16	17.59
2012-10-17	17.29
2012-10-18	17.01
2012-10-19	16.72
2012-10-20	16.44
2012-10-21	16.17
2012-10-22	15.90
2012-10-23	15.63
2012-10-24	15.37
2012-10-25	15.12
2012-10-26	14.87
2012-10-27	14.62
2012-10-28	14.37
2012-10-29	14.13
2012-10-30	13.90
2012-10-31	13.67
2012-11-01	13.44
2012-11-02	13.22
2012-11-03	13.00
2012-11-04	12.78
2012-11-05	12.57
2012-11-06	12.36
2012-11-07	12.15
2012-11-08	11.95
2012-11-09	11.75
2012-11-10	11.55
2012-11-11	11.36
2012-11-12	11.17
2012-11-13	10.98
2012-11-14	10.80
2012-11-15	10.62
2012-11-16	10.44
2012-11-17	10.27
2012-11-18	10.10
2012-11-19	9.93
2012-11-20	9.77
2012-11-21	9.60
2012-11-22	9.44
2012-11-23	9.29
2012-11-24	9.13
2012-11-25	8.98
2012-11-26	8.83
2012-11-27	8.68
2012-11-28	8.54
2012-11-29	8.39
2012-11-30	8.25
2012-12-01	8.12
2012-12-02	7.98
2012-12-03	7.85
2012-12-04	7.72
2012-12-05	7.59
2012-12-06	7.46
2012-12-07	7.34
2012-12-08	7.22
2012-12-09	7.10
2012-12-10	6.98
2012-12-11	6.86
2012-12-12	6.75
2012-12-13	6.63
2012-12-14	6.52
2012-12-15	6.42
2012-12-16	6.31
2012-12-17	6.20
2012-12-18	6.10
2012-12-19	68.17
2012-12-20	68.17
2012-12-21	30.04
2012-12-22	29.54
2012-12-23	29.05
2012-12-24	28.56
2012-12-25	28.09
2012-12-26	27.62
2012-12-27	27.16
2012-12-28	26.71
2012-12-29	26.26
2012-12-30	25.82
2012-12-31	25.39
2013-01-01	24.97
2013-01-02	24.55
2013-01-03	24.15
2013-01-04	23.74
2013-01-05	23.35
2013-01-06	22.96
2013-01-07	22.58
2013-01-08	22.20
2013-01-09	21.83
2013-01-10	21.47
2013-01-11	21.11
2013-01-12	20.76
2013-01-13	20.41
2013-01-14	20.07
2013-01-15	19.74
2013-01-16	19.41
2013-01-17	19.08
2013-01-18	18.76
2013-01-19	18.45
2013-01-20	18.14
2013-01-21	17.84
2013-01-22	17.54
2013-01-23	17.25
2013-01-24	16.96
2013-01-25	16.68
2013-01-26	68.17
2013-01-27	21.57
2013-01-28	21.21
2013-01-29	68.17
2013-01-30	68.17
2013-01-31	23.97
2013-02-01	23.57
2013-02-02	23.18
2013-02-03	22.79
2013-02-04	22.41
2013-02-05	22.04
2013-02-06	21.67
2013-02-07	21.31
2013-02-08	20.96
2013-02-09	20.61
2013-02-10	20.26
2013-02-11	19.93
2013-02-12	19.59
2013-02-13	19.27
2013-02-14	18.95
2013-02-15	18.63
2013-02-16	18.32
2013-02-17	18.02
2013-02-18	68.17
2013-02-19	18.74
2013-02-20	18.43
2013-02-21	18.12
2013-02-22	17.82
2013-02-23	68.17
2013-02-24	19.39
2013-02-25	68.17
2013-02-26	68.17
2013-02-27	22.95
2013-02-28	22.57
2013-03-01	22.19
2013-03-02	68.17
2013-03-03	68.17
2013-03-04	41.82
2013-03-05	59.20
2013-03-06	68.17
2013-03-07	41.59
2013-03-08	40.90
2013-03-09	40.22
2013-03-10	39.55
2013-03-11	38.89
2013-03-12	38.24
2013-03-13	37.60
2013-03-14	36.98
2013-03-15	36.36
2013-03-16	35.75
2013-03-17	35.16
2013-03-18	34.57
2013-03-19	34.00
2013-03-20	33.43
2013-03-21	32.87
2013-03-22	32.32
2013-03-23	31.78
2013-03-24	31.26
2013-03-25	30.73
2013-03-26	30.22
2013-03-27	29.72
2013-03-28	29.22
2013-03-29	28.74
2013-03-30	68.17
2013-03-31	68.17
2013-04-01	58.78
2013-04-02	57.80
2013-04-03	56.84
2013-04-04	55.89
2013-04-05	68.17
2013-04-06	55.16
2013-04-07	53.55
2013-04-08	52.66
2013-04-09	51.78
2013-04-10	50.91
2013-04-11	50.07
2013-04-12	49.23
2013-04-13	48.41
2013-04-14	68.17
2013-04-15	57.15
2013-04-16	68.17
2013-04-17	68.17
2013-04-18	68.17
2013-04-19	68.17
2013-04-20	68.17
2013-04-21	68.17
2013-04-22	68.17
2013-04-23	68.17
2013-04-24	68.17
2013-04-25	68.17
2013-04-26	68.17
2013-04-27	68.17
2013-04-28	67.44
2013-04-29	66.32
2013-04-30	68.17
2013-05-01	68.17
2013-05-02	68.17
2013-05-03	68.17
2013-05-04	68.17
2013-05-05	68.17
2013-05-06	68.17
2013-05-07	68.17
2013-05-08	68.17
2013-05-09	68.17
2013-05-10	68.17
2013-05-11	68.17
2013-05-12	68.17
2013-05-13	68.17
2013-05-14	68.17
2013-05-15	68.17
2013-05-16	68.17
2013-05-17	68.17
2013-05-18	68.17
2013-05-19	68.17
2013-05-20	68.17
2013-05-21	68.17
2013-05-22	68.17
2013-05-23	68.17
2013-05-24	68.17
2013-05-25	68.17
2013-05-26	68.17
2013-05-27	68.17
2013-05-28	68.17
2013-05-29	68.17
2013-05-30	68.17
2013-05-31	68.17
2013-06-01	68.17
2013-06-02	68.17
2013-06-03	68.17
2013-06-04	68.17
2013-06-05	68.17
2013-06-06	68.17
2013-06-07	68.17
2013-06-08	68.17
2013-06-09	68.17
2013-06-10	68.17
2013-06-11	68.17
2013-06-12	68.17
2013-06-13	68.17
2013-06-14	68.17
2013-06-15	68.17
2013-06-16	68.17
2013-06-17	68.17
2013-06-18	68.17
2013-06-19	68.17
2013-06-20	68.17
2013-06-21	68.17
2013-06-22	68.17
2013-06-23	68.17
2013-06-24	68.17
2013-06-25	68.17
2013-06-26	68.17
2013-06-27	68.17
2013-06-28	68.17
2013-06-29	68.17
2013-06-30	65.67
2013-07-01	65.67
2013-07-02	68.17
2013-07-03	68.17
2013-07-04	68.17
2013-07-05	68.17
2013-07-06	68.17
2013-07-07	68.17
2013-07-08	68.17
2013-07-09	68.17
2013-07-10	68.17
2013-07-11	68.17
2013-07-12	68.17
2013-07-13	68.17
2013-07-14	65.91
2013-07-15	65.53
2013-07-16	65.00
2013-07-17	63.76
2013-07-18	61.29
2013-07-19	61.71
2013-07-20	59.40
2013-07-21	63.12
2013-07-22	62.07
2013-07-23	61.04
2013-07-24	60.02
2013-07-25	59.02
2013-07-26	58.03
2013-07-27	57.07
2013-07-28	56.12
2013-07-29	55.18
2013-07-30	54.26
2013-07-31	53.36
2013-08-01	52.47
2013-08-02	51.59
2013-08-03	50.73
2013-08-04	49.89
2013-08-05	49.06
2013-08-06	48.24
2013-08-07	47.43
2013-08-08	46.64
2013-08-09	45.87
2013-08-10	45.10
2013-08-11	44.35
2013-08-12	43.61
2013-08-13	42.88
2013-08-14	42.17
2013-08-15	41.47
2013-08-16	38.61
2013-08-17	38.02
2013-08-18	37.03
2013-08-19	36.57
2013-08-20	36.15
2013-08-21	35.36
2013-08-22	34.92
2013-08-23	36.25
2013-08-24	33.71
2013-08-25	35.05
2013-08-26	34.47
2013-08-27	33.89
2013-08-28	33.33
2013-08-29	32.77
2013-08-30	32.23
2013-08-31	31.69
2013-09-01	31.16
2013-09-02	28.84
2013-09-03	30.13
2013-09-04	29.63
2013-09-05	29.14
2013-09-06	28.65
2013-09-07	28.17
2013-09-08	27.70
2013-09-09	27.24
2013-09-10	26.79
2013-09-11	26.34
2013-09-12	25.90
2013-09-13	25.47
2013-09-14	25.05
2013-09-15	24.63
2013-09-16	24.22
2013-09-17	23.81
2013-09-18	23.42
2013-09-19	23.03
2013-09-20	22.64
2013-09-21	22.27
2013-09-22	21.89
2013-09-23	21.53
2013-09-24	21.17
2013-09-25	20.82
2013-09-26	20.47
2013-09-27	20.13
2013-09-28	19.79
2013-09-29	19.46
2013-09-30	19.14
2013-10-01	18.82
2013-10-02	18.51
2013-10-03	18.20
2013-10-04	17.90
2013-10-05	17.60
2013-10-06	17.30
2013-10-07	17.02
2013-10-08	16.73
2013-10-09	16.45
2013-10-10	16.18
2013-10-11	15.91
2013-10-12	15.64
2013-10-13	15.38
2013-10-14	15.13
2013-10-15	14.87
2013-10-16	14.63
2013-10-17	14.38
2013-10-18	14.14
2013-10-19	13.91
2013-10-20	13.68
2013-10-21	13.45
2013-10-22	13.22
2013-10-23	13.00
2013-10-24	12.79
2013-10-25	12.57
2013-10-26	12.36
2013-10-27	12.16
2013-10-28	11.96
2013-10-29	11.76
2013-10-30	11.56
2013-10-31	11.37
2013-11-01	11.18
2013-11-02	10.99
2013-11-03	10.81
2013-11-04	10.63
2013-11-05	10.45
2013-11-06	10.28
2013-11-07	10.11
2013-11-08	9.94
2013-11-09	9.77
2013-11-10	9.61
2013-11-11	9.45
2013-11-12	9.29
2013-11-13	9.14
2013-11-14	8.98
2013-11-15	8.83
2013-11-16	8.69
2013-11-17	8.54
2013-11-18	8.40
2013-11-19	8.26
2013-11-20	8.12
2013-11-21	7.99
2013-11-22	7.85
2013-11-23	7.72
2013-11-24	7.59
2013-11-25	7.47
2013-11-26	7.34
2013-11-27	7.22
2013-11-28	7.10
2013-11-29	6.98
2013-11-30	6.87
2013-12-01	6.75
2013-12-02	6.64
2013-12-03	6.53
2013-12-04	6.42
2013-12-05	6.31
2013-12-06	6.21
2013-12-07	6.10
2013-12-08	6.00
2013-12-09	5.90
2013-12-10	5.80
2013-12-11	5.71
2013-12-12	5.61
2013-12-13	5.52
2013-12-14	5.43
2013-12-15	5.34
2013-12-16	5.25
2013-12-17	5.16
2013-12-18	5.07
2013-12-19	4.99
2013-12-20	4.91
2013-12-21	4.82
2013-12-22	4.74
2013-12-23	4.66
2013-12-24	68.17
2013-12-25	8.09
2013-12-26	7.96
2013-12-27	7.82
2013-12-28	7.69
2013-12-29	7.56
2013-12-30	7.44
2013-12-31	7.31
2014-01-01	7.19
2014-01-02	7.07
2014-01-03	6.95
2014-01-04	6.84
2014-01-05	6.72
2014-01-06	6.61
2014-01-07	6.50
2014-01-08	68.17
2014-01-09	12.53
2014-01-10	12.32
2014-01-11	12.12
2014-01-12	11.91
2014-01-13	11.72
2014-01-14	11.52
2014-01-15	11.33
2014-01-16	11.14
2014-01-17	10.95
2014-01-18	10.77
2014-01-19	10.59
2014-01-20	10.42
2014-01-21	10.24
2014-01-22	10.07
2014-01-23	9.90
2014-01-24	9.74
2014-01-25	9.58
2014-01-26	9.42
2014-01-27	9.26
2014-01-28	9.10
2014-01-29	8.95
2014-01-30	8.80
2014-01-31	40.27
2014-02-01	9.02
2014-02-02	8.87
2014-02-03	8.72
2014-02-04	68.17
2014-02-05	68.17
2014-02-06	20.73
2014-02-07	20.38
2014-02-08	68.17
2014-02-09	25.54
2014-02-10	40.85
2014-02-11	24.95
2014-02-12	24.54
2014-02-13	24.13
2014-02-14	68.17
2014-02-15	68.17
2014-02-16	27.67
2014-02-17	27.21
2014-02-18	26.75
2014-02-19	26.31
2014-02-20	25.87
2014-02-21	25.44
2014-02-22	25.02
2014-02-23	68.17
2014-02-24	68.17
2014-02-25	28.88
2014-02-26	28.40
2014-02-27	27.93
2014-02-28	27.46
2014-03-01	27.00
2014-03-02	68.17
2014-03-03	68.17
2014-03-04	68.17
2014-03-05	68.17
2014-03-06	43.32
2014-03-07	42.60
2014-03-08	41.89
2014-03-09	53.29
2014-03-10	68.17
2014-03-11	61.49
2014-03-12	68.17
2014-03-13	42.97
2014-03-14	68.17
2014-03-15	68.17
2014-03-16	65.61
2014-03-17	64.51
2014-03-18	63.44
2014-03-19	68.17
2014-03-20	68.17
2014-03-21	68.17
2014-03-22	68.17
2014-03-23	68.17
2014-03-24	68.17
2014-03-25	68.17
2014-03-26	68.17
2014-03-27	68.17
2014-03-28	68.17
2014-03-29	68.17
2014-03-30	68.17
2014-03-31	68.17
2014-04-01	68.17
2014-04-02	68.17
2014-04-03	68.17
2014-04-04	68.17
2014-04-05	68.17
2014-04-06	68.17
2014-04-07	68.17
2014-04-08	68.17
2014-04-09	68.17
2014-04-10	68.17
2014-04-11	68.17
2014-04-12	68.17
2014-04-13	68.17
2014-04-14	68.17
2014-04-15	68.17
2014-04-16	68.17
2014-04-17	68.17
2014-04-18	68.17
2014-04-19	68.17
2014-04-20	68.17
2014-04-21	68.17
2014-04-22	68.17
2014-04-23	68.17
2014-04-24	68.17
2014-04-25	68.17
2014-04-26	68.17
2014-04-27	68.17
2014-04-28	68.17
2014-04-29	68.17
2014-04-30	68.17
2014-05-01	68.17
2014-05-02	68.17
2014-05-03	68.17
2014-05-04	68.17
2014-05-05	68.17
2014-05-06	68.17
2014-05-07	68.17
2014-05-08	68.17
2014-05-09	68.17
2014-05-10	68.17
2014-05-11	68.17
2014-05-12	68.17
2014-05-13	68.17
2014-05-14	68.17
2014-05-15	68.17
2014-05-16	68.17
2014-05-17	68.17
2014-05-18	68.17
2014-05-19	68.17
2014-05-20	68.17
2014-05-21	68.17
2014-05-22	68.17
2014-05-23	68.17
2014-05-24	68.17
2014-05-25	68.17
2014-05-26	68.17
2014-05-27	68.17
2014-05-28	68.17
2014-05-29	68.17
2014-05-30	68.17
2014-05-31	68.17
2014-06-01	68.17
2014-06-02	68.17
2014-06-03	68.17
2014-06-04	68.17
2014-06-05	68.17
2014-06-06	68.17
2014-06-07	68.17
2014-06-08	68.17
2014-06-09	68.17
2014-06-10	68.17
2014-06-11	68.17
2014-06-12	68.17
2014-06-13	68.17
2014-06-14	68.17
2014-06-15	68.17
2014-06-16	68.17
2014-06-17	68.17
2014-06-18	68.17
2014-06-19	68.17
2014-06-20	65.84
2014-06-21	68.17
2014-06-22	68.17
2014-06-23	68.17
2014-06-24	68.17
2014-06-25	68.17
2014-06-26	68.17
2014-06-27	68.17
2014-06-28	68.17
2014-06-29	68.17
2014-06-30	68.17
2014-07-01	68.17
2014-07-02	68.17
2014-07-03	68.17
2014-07-04	68.17
2014-07-05	68.17
2014-07-06	68.17
2014-07-07	68.17
2014-07-08	68.17
2014-07-09	68.17
2014-07-10	68.17
2014-07-11	68.17
2014-07-12	68.17
2014-07-13	68.17
2014-07-14	68.17
2014-07-15	68.17
2014-07-16	68.17
2014-07-17	68.17
2014-07-18	68.17
2014-07-19	68.17
2014-07-20	68.17
2014-07-21	68.17
2014-07-22	68.17
2014-07-23	68.17
2014-07-24	68.17
2014-07-25	68.17
2014-07-26	68.17
2014-07-27	68.17
2014-07-28	68.17
2014-07-29	68.17
2014-07-30	68.17
2014-07-31	68.17
2014-08-01	65.76
2014-08-02	65.64
2014-08-03	65.49
2014-08-04	65.52
2014-08-05	65.42
2014-08-06	65.49
2014-08-07	65.67
2014-08-08	65.51
2014-08-09	65.54
2014-08-10	65.45
2014-08-11	65.58
2014-08-12	64.63
2014-08-13	65.53
2014-08-14	68.17
2014-08-15	68.17
2014-08-16	68.17
2014-08-17	68.17
2014-08-18	68.17
2014-08-19	68.17
2014-08-20	68.17
2014-08-21	68.17
2014-08-22	68.17
2014-08-23	68.17
2014-08-24	68.17
2014-08-25	68.17
2014-08-26	68.17
2014-08-27	68.17
2014-08-28	68.17
2014-08-29	68.17
2014-08-30	68.17
2014-08-31	68.17
2014-09-01	68.17
2014-09-02	68.17
2014-09-03	68.17
2014-09-04	68.17
2014-09-05	68.17
2014-09-06	68.17
2014-09-07	68.17
2014-09-08	68.17
2014-09-09	68.17
2014-09-10	68.17
2014-09-11	68.17
2014-09-12	68.17
2014-09-13	68.17
2014-09-14	68.17
2014-09-15	68.17
2014-09-16	68.17
2014-09-17	68.17
2014-09-18	68.17
2014-09-19	68.17
2014-09-20	68.17
2014-09-21	68.17
2014-09-22	68.17
2014-09-23	68.17
2014-09-24	68.17
2014-09-25	68.17
2014-09-26	68.17
2014-09-27	68.17
2014-09-28	68.17
2014-09-29	68.17
2014-09-30	68.17
2014-10-01	68.17
2014-10-02	68.17
2014-10-03	68.17
2014-10-04	68.17
2014-10-05	68.17
2014-10-06	68.17
2014-10-07	68.17
2014-10-08	68.17
2014-10-09	68.17
2014-10-10	68.17
2014-10-11	68.17
2014-10-12	68.17
2014-10-13	68.17
2014-10-14	68.17
2014-10-15	68.17
2014-10-16	68.17
2014-10-17	68.17
2014-10-18	68.17
2014-10-19	68.17
2014-10-20	68.17
2014-10-21	68.17
2014-10-22	68.17
2014-10-23	68.16
2014-10-24	67.02
2014-10-25	65.91
2014-10-26	64.81
2014-10-27	63.73
2014-10-28	62.67
2014-10-29	61.62
2014-10-30	60.59
2014-10-31	59.58
2014-11-01	58.59
2014-11-02	57.61
2014-11-03	56.65
2014-11-04	55.71
2014-11-05	54.78
2014-11-06	53.87
2014-11-07	52.97
2014-11-08	52.09
2014-11-09	51.22
2014-11-10	50.37
2014-11-11	49.53
2014-11-12	48.70
2014-11-13	47.89
2014-11-14	47.09
2014-11-15	46.31
2014-11-16	45.53
2014-11-17	44.78
2014-11-18	44.03
2014-11-19	43.30
2014-11-20	42.57
2014-11-21	41.86
2014-11-22	41.17
2014-11-23	40.48
2014-11-24	39.81
2014-11-25	39.14
2014-11-26	38.49
2014-11-27	37.85
2014-11-28	37.22
2014-11-29	36.60
2014-11-30	35.99
2014-12-01	35.39
2014-12-02	34.80
2014-12-03	34.22
2014-12-04	33.65
2014-12-05	33.09
2014-12-06	32.54
2014-12-07	31.99
2014-12-08	31.46
2014-12-09	30.94
2014-12-10	30.42
2014-12-11	29.91
2014-12-12	29.41
2014-12-13	28.92
2014-12-14	28.44
2014-12-15	27.97
2014-12-16	27.50
2014-12-17	27.04
2014-12-18	26.59
2014-12-19	26.15
2014-12-20	68.17
2014-12-21	26.41
2014-12-22	25.97
2014-12-23	25.54
2014-12-24	25.11
2014-12-25	24.69
2014-12-26	24.28
2014-12-27	23.88
2014-12-28	23.48
2014-12-29	23.09
2014-12-30	22.70
2014-12-31	22.32
2015-01-01	21.95
2015-01-02	21.59
2015-01-03	21.23
2015-01-04	20.87
2015-01-05	20.53
2015-01-06	20.18
2015-01-07	19.85
2015-01-08	19.52
2015-01-09	19.19
2015-01-10	18.87
2015-01-11	18.56
2015-01-12	18.25
2015-01-13	17.94
2015-01-14	17.64
2015-01-15	17.35
2015-01-16	17.06
2015-01-17	16.78
2015-01-18	16.50
2015-01-19	16.22
2015-01-20	15.95
2015-01-21	15.69
2015-01-22	15.42
2015-01-23	15.17
2015-01-24	14.91
2015-01-25	14.67
2015-01-26	14.42
2015-01-27	14.18
2015-01-28	13.94
2015-01-29	13.71
2015-01-30	13.48
2015-01-31	13.26
2015-02-01	13.04
2015-02-02	12.82
2015-02-03	12.61
2015-02-04	12.40
2015-02-05	12.19
2015-02-06	11.99
2015-02-07	11.79
2015-02-08	11.59
2015-02-09	11.40
2015-02-10	11.21
2015-02-11	11.02
2015-02-12	10.84
2015-02-13	68.17
2015-02-14	68.17
2015-02-15	68.17
2015-02-16	68.17
2015-02-17	68.17
2015-02-18	68.17
2015-02-19	68.17
2015-02-20	68.17
2015-02-21	68.17
2015-02-22	68.17
2015-02-23	68.17
2015-02-24	68.17
2015-02-25	68.17
2015-02-26	68.17
2015-02-27	68.17
2015-02-28	68.17
2015-03-01	68.17
2015-03-02	68.17
2015-03-03	68.17
2015-03-04	68.17
2015-03-05	68.17
2015-03-06	68.17
2015-03-07	68.17
2015-03-08	68.17
2015-03-09	68.17
2015-03-10	68.17
2015-03-11	68.17
2015-03-12	68.17
2015-03-13	68.17
2015-03-14	68.17
2015-03-15	68.17
2015-03-16	68.17
2015-03-17	68.17
2015-03-18	68.17
2015-03-19	68.17
2015-03-20	68.17
2015-03-21	68.17
2015-03-22	68.17
2015-03-23	68.17
2015-03-24	68.17
2015-03-25	68.17
2015-03-26	68.17
2015-03-27	68.17
2015-03-28	68.17
2015-03-29	68.17
2015-03-30	68.17
2015-03-31	68.17
2015-04-01	68.17
2015-04-02	68.17
2015-04-03	68.17
2015-04-04	68.17
2015-04-05	68.17
2015-04-06	68.17
2015-04-07	68.17
2015-04-08	68.17
2015-04-09	68.17
2015-04-10	68.17
2015-04-11	68.17
2015-04-12	68.17
2015-04-13	68.17
2015-04-14	68.17
2015-04-15	68.17
2015-04-16	68.17
2015-04-17	68.17
2015-04-18	68.17
2015-04-19	68.17
2015-04-20	68.17
2015-04-21	68.17
2015-04-22	68.17
2015-04-23	68.17
2015-04-24	68.17
2015-04-25	68.17
2015-04-26	68.17
2015-04-27	68.17
2015-04-28	68.17
2015-04-29	68.17
2015-04-30	68.17
2015-05-01	68.17
2015-05-02	68.17
2015-05-03	68.17
2015-05-04	68.17
2015-05-05	68.17
2015-05-06	68.17
2015-05-07	68.17
2015-05-08	68.17
2015-05-09	68.17
2015-05-10	68.17
2015-05-11	68.17
2015-05-12	68.17
2015-05-13	68.17
2015-05-14	68.17
2015-05-15	68.17
2015-05-16	68.17
2015-05-17	68.17
2015-05-18	68.17
2015-05-19	68.17
2015-05-20	68.17
2015-05-21	68.17
2015-05-22	68.17
2015-05-23	68.17
2015-05-24	68.17
2015-05-25	68.17
2015-05-26	68.17
2015-05-27	68.17
2015-05-28	68.17
2015-05-29	68.17
2015-05-30	65.91
2015-05-31	65.87
2015-06-01	68.17
2015-06-02	68.17
2015-06-03	68.17
2015-06-04	68.17
2015-06-05	68.17
2015-06-06	68.17
2015-06-07	68.17
2015-06-08	68.17
2015-06-09	68.17
2015-06-10	68.17
2015-06-11	68.17
2015-06-12	68.17
2015-06-13	68.17
2015-06-14	68.17
2015-06-15	68.17
2015-06-16	68.17
2015-06-17	65.65
2015-06-18	65.49
2015-06-19	64.73
2015-06-20	64.68
2015-06-21	65.70
2015-06-22	68.17
2015-06-23	68.17
2015-06-24	68.17
2015-06-25	68.17
2015-06-26	68.17
2015-06-27	68.17
2015-06-28	68.17
2015-06-29	68.17
2015-06-30	68.17
2015-07-01	68.17
2015-07-02	68.17
2015-07-03	65.74
2015-07-04	65.37
2015-07-05	65.59
2015-07-06	65.78
2015-07-07	68.17
2015-07-08	68.17
2015-07-09	68.17
2015-07-10	68.17
2015-07-11	68.17
2015-07-12	68.17
2015-07-13	68.17
2015-07-14	68.17
2015-07-15	68.17
2015-07-16	68.17
2015-07-17	68.17
2015-07-18	68.17
2015-07-19	68.17
2015-07-20	68.17
2015-07-21	68.17
2015-07-22	68.17
2015-07-23	68.17
2015-07-24	68.17
2015-07-25	68.17
2015-07-26	68.17
2015-07-27	68.17
2015-07-28	68.17
2015-07-29	68.17
2015-07-30	68.17
2015-07-31	68.17
2015-08-01	68.17
2015-08-02	68.17
2015-08-03	68.17
2015-08-04	68.17
2015-08-05	68.17
2015-08-06	68.17
2015-08-07	68.17
2015-08-08	68.17
2015-08-09	68.17
2015-08-10	68.17
2015-08-11	68.17
2015-08-12	68.17
2015-08-13	68.17
2015-08-14	68.17
2015-08-15	68.17
2015-08-16	68.17
2015-08-17	68.17
2015-08-18	68.17
2015-08-19	68.17
2015-08-20	68.17
2015-08-21	68.17
2015-08-22	65.84
2015-08-23	68.17
2015-08-24	68.17
2015-08-25	68.17
2015-08-26	68.17
2015-08-27	68.17
2015-08-28	68.17
2015-08-29	68.17
2015-08-30	68.17
2015-08-31	68.17
2015-09-01	68.17
2015-09-02	68.17
2015-09-03	68.17
2015-09-04	68.17
2015-09-05	68.17
2015-09-06	68.17
2015-09-07	68.17
2015-09-08	68.17
2015-09-09	68.17
2015-09-10	68.17
2015-09-11	68.17
2015-09-12	68.17
2015-09-13	68.17
2015-09-14	68.17
2015-09-15	68.17
2015-09-16	68.17
2015-09-17	68.17
2015-09-18	68.17
2015-09-19	68.17
2015-09-20	68.17
2015-09-21	68.17
2015-09-22	68.17
2015-09-23	68.17
2015-09-24	68.17
2015-09-25	68.17
2015-09-26	68.17
2015-09-27	68.17
2015-09-28	68.17
2015-09-29	68.17
2015-09-30	68.17
2015-10-01	68.17
2015-10-02	68.17
2015-10-03	68.17
2015-10-04	68.17
2015-10-05	68.17
2015-10-06	68.17
2015-10-07	68.17
2015-10-08	68.17
2015-10-09	68.17
2015-10-10	68.17
2015-10-11	68.17
2015-10-12	68.17
2015-10-13	68.17
2015-10-14	68.17
2015-10-15	68.17
2015-10-16	68.17
2015-10-17	68.17
2015-10-18	68.17
2015-10-19	68.17
2015-10-20	68.17
2015-10-21	68.17
2015-10-22	68.17
2015-10-23	68.17
2015-10-24	68.17
2015-10-25	68.17
2015-10-26	68.17
2015-10-27	68.17
2015-10-28	68.17
2015-10-29	68.17
2015-10-30	68.17
2015-10-31	68.17
2015-11-01	68.17
2015-11-02	68.17
2015-11-03	68.17
2015-11-04	68.17
2015-11-05	68.17
2015-11-06	68.17
2015-11-07	68.17
2015-11-08	68.17
2015-11-09	68.17
2015-11-10	68.17
2015-11-11	68.17
2015-11-12	68.17
2015-11-13	68.17
2015-11-14	68.17
2015-11-15	68.17
2015-11-16	68.17
2015-11-17	68.17
2015-11-18	68.17
2015-11-19	68.17
2015-11-20	68.17
2015-11-21	68.17
2015-11-22	68.17
2015-11-23	68.17
2015-11-24	68.17
2015-11-25	68.17
2015-11-26	68.17
2015-11-27	68.17
2015-11-28	68.17
2015-11-29	68.17
2015-11-30	68.17
2015-12-01	68.17
2015-12-02	68.17
2015-12-03	68.17
2015-12-04	68.17
2015-12-05	68.17
2015-12-06	68.17
2015-12-07	68.17
2015-12-08	68.17
2015-12-09	68.17
2015-12-10	68.17
2015-12-11	68.17
2015-12-12	68.17
2015-12-13	68.17
2015-12-14	68.17
2015-12-15	68.17
2015-12-16	68.17
2015-12-17	68.17
2015-12-18	68.17
2015-12-19	68.17
2015-12-20	68.17
2015-12-21	68.17
2015-12-22	68.17
2015-12-23	68.17
2015-12-24	68.17
2015-12-25	68.17
2015-12-26	68.17
2015-12-27	68.17
2015-12-28	68.17
2015-12-29	68.17
2015-12-30	68.17
2015-12-31	68.17
