,Unnamed: 0,Unnamed: 0.1,place,cooling,lon,fuel,lat,state,dischargefile,f,c
0,0,6,1310,4,-92.175,3,30.825,LA,516_916.tsv,Gas,CC-OT
1,1,8,1313,5,-90.125,3,29.925,LA,498_957.tsv,Gas,CC-RC
2,2,10,1314,5,-92.075,3,32.775,LA,555_918.tsv,Gas,CC-RC
3,3,11,1317,5,-93.775,3,32.525,LA,550_884.tsv,Gas,CC-RC
4,4,28,1339,6,-71.075,3,42.375,MA,747_1338.tsv,Gas,CC-DC
5,5,30,1342,5,-71.125,3,42.375,MA,747_1337.tsv,Gas,CC-RC
6,6,32,1349,5,-70.925,3,42.225,MA,744_1341.tsv,Gas,CC-RC
7,7,33,1350,5,-71.075,3,41.875,MA,737_1338.tsv,Gas,CC-RC
8,8,50,1375,4,-93.225,3,44.825,MN,796_895.tsv,Gas,CC-OT
9,9,51,1376,4,-93.125,3,44.925,MN,798_897.tsv,Gas,CC-OT
10,10,62,1387,5,-89.325,3,31.525,MS,530_973.tsv,Gas,CC-RC
11,11,66,1389,4,-94.475,3,39.125,MO,682_870.tsv,Gas,CC-OT
12,12,83,1411,5,-115.075,3,36.075,NV,621_458.tsv,Gas,CC-RC
13,13,87,1415,5,-119.525,3,39.575,NV,691_369.tsv,Gas,CC-RC
14,14,93,1427,5,-75.175,3,40.575,NJ,711_1256.tsv,Gas,CC-RC
15,15,94,1428,5,-74.075,3,40.825,NJ,716_1278.tsv,Gas,CC-RC
16,16,95,1432,5,-74.175,3,40.625,NJ,712_1276.tsv,Gas,CC-RC
17,17,109,1475,5,-78.025,3,35.375,NC,607_1199.tsv,Gas,CC-RC
18,18,111,1478,5,-77.975,3,34.275,NC,585_1200.tsv,Gas,CC-RC
19,19,113,1481,4,-80.375,3,35.725,NC,614_1152.tsv,Gas,CC-OT
20,20,115,1483,4,-79.675,3,36.475,NC,629_1166.tsv,Gas,CC-OT
21,21,134,1514,5,-97.175,3,35.525,OK,610_816.tsv,Gas,CC-RC
22,22,141,1521,5,-98.225,3,35.075,OK,601_795.tsv,Gas,CC-RC
23,23,143,1523,5,-80.025,3,40.475,PA,709_1159.tsv,Gas,CC-RC
24,24,144,1526,6,-77.175,3,39.875,PA,697_1216.tsv,Gas,CC-DC
25,25,157,1559,5,-71.375,3,41.825,RI,736_1332.tsv,Gas,CC-RC
26,26,158,1559,4,-71.375,3,41.825,RI,736_1332.tsv,Gas,CC-OT
27,27,161,1567,4,-81.925,3,33.425,SC,568_1121.tsv,Gas,CC-OT
28,28,171,1577,4,-82.975,3,36.375,TN,627_1100.tsv,Gas,CC-OT
29,29,174,1585,5,-97.375,3,27.775,TX,455_812.tsv,Gas,CC-RC
30,30,175,1587,5,-97.025,3,28.775,TX,475_819.tsv,Gas,CC-RC
31,31,178,1593,5,-106.425,3,31.975,TX,539_631.tsv,Gas,CC-RC
32,32,182,1596,5,-94.925,3,29.675,TX,493_861.tsv,Gas,CC-RC
33,33,184,1602,5,-95.525,3,29.925,TX,498_849.tsv,Gas,CC-RC
34,34,208,1653,4,-77.375,3,37.375,VA,647_1212.tsv,Gas,CC-OT
35,35,210,1655,4,-77.275,3,38.475,VA,669_1214.tsv,Gas,CC-OT
36,36,214,1657,5,-122.975,3,46.725,WA,834_300.tsv,Gas,CC-RC
37,37,221,1675,5,-118.425,3,34.225,CA,584_391.tsv,Gas,CC-RC
38,38,248,1713,5,-82.325,3,27.625,FL,452_1113.tsv,Gas,CC-RC
39,39,249,1714,5,-80.575,3,27.075,FL,441_1148.tsv,Gas,CC-RC
40,40,261,1722,5,-88.625,3,30.525,MS,510_987.tsv,Gas,CC-RC
41,41,264,1725,5,-72.475,3,42.175,MA,743_1310.tsv,Gas,CC-RC
42,42,275,1737,5,-104.875,3,40.225,CO,704_662.tsv,Gas,CC-RC
43,43,299,1763,5,-81.625,3,29.625,FL,492_1127.tsv,Gas,CC-RC
44,44,320,1786,5,-75.525,3,39.675,DE,693_1249.tsv,Gas,CC-RC
45,45,324,1792,5,-94.625,3,37.075,MO,641_867.tsv,Gas,CC-RC
46,46,325,1793,5,-81.875,3,27.775,FL,455_1122.tsv,Gas,CC-RC
47,47,326,1794,5,-73.075,3,40.825,NY,716_1298.tsv,Gas,CC-RC
48,48,327,1796,5,-119.675,3,45.875,OR,817_366.tsv,Gas,CC-RC
49,49,329,1799,5,-98.375,3,29.275,TX,485_792.tsv,Gas,CC-RC
50,50,330,1803,5,-121.425,3,38.525,CA,670_331.tsv,Gas,CC-RC
51,51,331,1804,5,-121.475,3,38.525,CA,670_330.tsv,Gas,CC-RC
52,52,339,1823,5,-98.325,3,34.525,OK,590_793.tsv,Gas,CC-RC
53,53,341,1826,5,-111.775,3,33.325,AZ,566_524.tsv,Gas,CC-RC
54,54,343,1828,5,-123.175,3,46.175,OR,823_296.tsv,Gas,CC-RC
55,55,350,1838,5,-77.425,3,37.525,VA,650_1211.tsv,Gas,CC-RC
56,56,351,1870,6,-70.525,3,44.525,ME,790_1349.tsv,Gas,CC-DC
57,57,352,1871,5,-104.975,3,39.675,CO,693_660.tsv,Gas,CC-RC
58,58,353,1874,5,-121.525,3,36.975,CA,639_329.tsv,Gas,CC-RC
59,59,355,1877,5,-75.525,3,39.725,NJ,694_1249.tsv,Gas,CC-RC
60,60,357,1880,5,-118.425,3,33.925,CA,578_391.tsv,Gas,CC-RC
61,61,358,1884,5,-121.125,3,36.225,CA,624_337.tsv,Gas,CC-RC
62,62,359,1886,5,-71.475,3,42.075,MA,741_1330.tsv,Gas,CC-RC
63,63,360,1887,5,-74.375,3,40.475,NJ,709_1272.tsv,Gas,CC-RC
64,64,361,1891,5,-121.975,3,37.975,CA,659_320.tsv,Gas,CC-RC
65,65,362,1892,5,-121.725,3,39.025,CA,680_325.tsv,Gas,CC-RC
66,66,368,1906,5,-96.575,3,28.675,TX,473_828.tsv,Gas,CC-RC
67,67,370,1909,5,-75.475,3,43.875,NY,777_1250.tsv,Gas,CC-RC
68,68,371,1910,5,-76.225,3,43.075,NY,761_1235.tsv,Gas,CC-RC
69,69,372,1911,5,-77.225,3,37.325,VA,646_1215.tsv,Gas,CC-RC
70,70,376,1924,5,-73.775,3,42.475,NY,749_1284.tsv,Gas,CC-RC
71,71,377,1925,5,-72.525,3,42.175,MA,743_1309.tsv,Gas,CC-RC
72,72,378,1926,5,-95.075,3,29.625,TX,492_858.tsv,Gas,CC-RC
73,73,380,1928,5,-84.175,3,43.575,MI,771_1076.tsv,Gas,CC-RC
74,74,381,1929,5,-75.125,3,39.925,NJ,698_1257.tsv,Gas,CC-RC
75,75,382,1930,5,-107.725,3,39.525,CO,690_605.tsv,Gas,CC-RC
76,76,383,1931,5,-93.725,3,30.075,TX,501_885.tsv,Gas,CC-RC
77,77,387,1940,5,-73.225,3,42.425,MA,748_1295.tsv,Gas,CC-RC
78,78,388,1941,5,-74.225,3,40.625,NJ,712_1275.tsv,Gas,CC-RC
79,79,389,1945,5,-95.025,3,29.675,TX,493_859.tsv,Gas,CC-RC
80,80,390,1946,5,-75.425,3,39.775,PA,695_1251.tsv,Gas,CC-RC
81,81,391,1947,5,-95.575,3,33.725,TX,574_848.tsv,Gas,CC-RC
82,82,392,1948,5,-97.725,3,30.275,TX,505_805.tsv,Gas,CC-RC
83,83,393,1951,5,-98.575,3,33.875,TX,577_788.tsv,Gas,CC-RC
84,84,394,1956,5,-90.375,3,29.925,LA,498_952.tsv,Gas,CC-RC
85,85,395,1957,5,-94.825,3,29.425,TX,488_863.tsv,Gas,CC-RC
86,86,398,1961,5,-118.225,3,33.825,CA,576_395.tsv,Gas,CC-RC
87,87,399,1968,5,-74.125,3,40.725,NJ,714_1277.tsv,Gas,CC-RC
88,88,404,1973,5,-73.775,3,43.225,NY,764_1284.tsv,Gas,CC-RC
89,89,405,1978,5,-93.275,3,30.225,LA,504_894.tsv,Gas,CC-RC
90,90,407,1980,5,-74.125,3,40.625,NJ,712_1277.tsv,Gas,CC-RC
91,91,408,1983,5,-77.675,3,36.475,NC,629_1206.tsv,Gas,CC-RC
92,92,409,1984,5,-97.625,3,35.425,OK,608_807.tsv,Gas,CC-RC
93,93,410,1985,5,-75.175,3,39.875,NJ,697_1256.tsv,Gas,CC-RC
94,94,411,1987,5,-94.075,3,30.075,TX,501_878.tsv,Gas,CC-RC
95,95,412,1989,5,-104.675,3,40.375,CO,707_666.tsv,Gas,CC-RC
96,96,413,1990,5,-104.825,3,40.075,CO,701_663.tsv,Gas,CC-RC
97,97,414,1996,5,-75.625,3,43.075,NY,761_1247.tsv,Gas,CC-RC
98,98,416,2000,5,-74.325,3,40.475,NJ,709_1273.tsv,Gas,CC-RC
99,99,418,2004,5,-95.075,3,29.775,TX,495_858.tsv,Gas,CC-RC
100,100,419,2007,5,-74.125,3,40.875,NJ,717_1277.tsv,Gas,CC-RC
101,101,420,2009,5,-81.975,3,27.625,FL,452_1120.tsv,Gas,CC-RC
102,102,421,2011,5,-92.325,3,38.925,MO,678_913.tsv,Gas,CC-RC
103,103,422,2012,5,-93.975,3,29.825,TX,496_880.tsv,Gas,CC-RC
104,104,425,2015,5,-76.075,3,43.075,NY,761_1238.tsv,Gas,CC-RC
105,105,426,2019,5,-91.175,3,30.275,LA,505_936.tsv,Gas,CC-RC
106,106,428,2021,5,-77.425,3,37.775,VA,655_1211.tsv,Gas,CC-RC
107,107,429,2024,5,-94.725,3,29.375,TX,487_865.tsv,Gas,CC-RC
108,108,430,2026,5,-95.375,3,28.975,TX,479_852.tsv,Gas,CC-RC
109,109,431,2030,5,-94.775,3,29.375,TX,487_864.tsv,Gas,CC-RC
110,110,432,2035,5,-101.425,3,32.275,TX,545_731.tsv,Gas,CC-RC
111,111,434,2039,5,-73.775,3,42.625,NY,752_1284.tsv,Gas,CC-RC
112,112,437,2044,5,-73.775,3,40.625,NY,712_1284.tsv,Gas,CC-RC
113,113,439,2048,5,-122.575,3,48.475,WA,869_308.tsv,Gas,CC-RC
114,114,440,2049,5,-115.025,3,36.025,NV,620_459.tsv,Gas,CC-RC
115,115,442,2053,5,-114.875,3,36.225,NV,624_462.tsv,Gas,CC-RC
116,116,443,2054,5,-114.925,3,36.325,NV,626_461.tsv,Gas,CC-RC
117,117,444,2055,5,-81.825,3,27.875,FL,457_1123.tsv,Gas,CC-RC
118,118,445,2056,5,-81.675,3,28.925,FL,478_1126.tsv,Gas,CC-RC
119,119,446,2057,5,-82.175,3,28.375,FL,467_1116.tsv,Gas,CC-RC
120,120,447,2059,5,-81.875,3,27.825,FL,456_1122.tsv,Gas,CC-RC
121,121,448,2062,5,-122.275,3,48.975,WA,879_314.tsv,Gas,CC-RC
122,122,449,2064,5,-122.675,3,48.825,WA,876_306.tsv,Gas,CC-RC
123,123,450,2066,5,-76.425,3,43.475,NY,769_1231.tsv,Gas,CC-RC
124,124,451,2070,5,-73.475,3,44.725,NY,794_1290.tsv,Gas,CC-RC
125,125,452,2071,5,-71.325,3,42.625,MA,752_1333.tsv,Gas,CC-RC
126,126,453,2072,5,-74.875,3,44.975,NY,799_1262.tsv,Gas,CC-RC
127,127,454,2073,5,-78.175,3,42.975,NY,759_1196.tsv,Gas,CC-RC
128,128,456,2076,5,-74.125,3,40.075,NJ,701_1277.tsv,Gas,CC-RC
129,129,457,2078,5,-81.825,3,28.075,FL,461_1123.tsv,Gas,CC-RC
130,130,458,2080,5,-95.375,3,28.925,TX,478_852.tsv,Gas,CC-RC
131,131,460,2082,5,-119.375,3,45.925,OR,818_372.tsv,Gas,CC-RC
132,132,461,2083,5,-75.225,3,40.025,PA,700_1255.tsv,Gas,CC-RC
133,133,462,2084,5,-71.525,3,42.175,MA,743_1329.tsv,Gas,CC-RC
134,134,463,2085,5,-97.425,3,32.425,TX,548_811.tsv,Gas,CC-RC
135,135,464,2086,5,-76.875,3,38.675,MD,673_1222.tsv,Gas,CC-RC
136,136,465,2087,5,-78.225,3,38.125,VA,662_1195.tsv,Gas,CC-RC
137,137,466,2088,5,-122.075,3,37.975,CA,659_318.tsv,Gas,CC-RC
138,138,467,2089,5,-73.925,3,40.675,NY,713_1281.tsv,Gas,CC-RC
139,139,468,2090,5,-86.475,3,43.975,MI,779_1030.tsv,Gas,CC-RC
140,140,469,2092,5,-92.925,3,44.825,MN,796_901.tsv,Gas,CC-RC
141,141,470,2093,5,-88.725,3,42.875,WI,757_985.tsv,Gas,CC-RC
142,142,471,2095,5,-71.125,3,41.825,MA,736_1337.tsv,Gas,CC-RC
143,143,472,2099,5,-83.625,3,32.475,GA,549_1087.tsv,Gas,CC-RC
144,144,473,2100,5,-72.675,3,42.025,MA,740_1306.tsv,Gas,CC-RC
145,145,474,2101,5,-73.125,3,41.175,CT,723_1297.tsv,Gas,CC-RC
146,146,475,2102,5,-81.575,3,35.075,SC,601_1128.tsv,Gas,CC-RC
147,147,476,2103,5,-95.125,3,29.725,TX,494_857.tsv,Gas,CC-RC
148,148,477,2104,6,-71.175,3,41.625,RI,732_1336.tsv,Gas,CC-DC
149,149,478,2107,5,-95.925,3,30.575,TX,511_841.tsv,Gas,CC-RC
150,150,479,2108,5,-89.925,3,34.325,MS,586_961.tsv,Gas,CC-RC
151,151,480,2110,5,-102.775,3,32.975,TX,559_704.tsv,Gas,CC-RC
152,152,481,2111,5,-68.725,3,44.825,ME,796_1385.tsv,Gas,CC-RC
153,153,482,2112,5,-91.875,3,34.225,AR,584_922.tsv,Gas,CC-RC
154,154,484,2114,6,-114.975,3,35.775,NV,615_460.tsv,Gas,CC-DC
155,155,485,2115,5,-71.975,3,42.025,MA,740_1320.tsv,Gas,CC-RC
156,156,486,2117,5,-122.175,3,38.025,CA,660_316.tsv,Gas,CC-RC
157,157,487,2118,5,-97.275,3,27.875,TX,457_814.tsv,Gas,CC-RC
158,158,488,2119,5,-85.975,3,42.825,MI,756_1040.tsv,Gas,CC-RC
159,159,489,2120,5,-83.125,3,42.275,MI,745_1097.tsv,Gas,CC-RC
160,160,490,2121,6,-97.075,3,32.425,TX,548_818.tsv,Gas,CC-DC
161,161,491,2122,5,-95.575,3,33.625,TX,572_848.tsv,Gas,CC-RC
162,162,492,2123,5,-98.375,3,26.175,TX,423_792.tsv,Gas,CC-RC
163,163,493,2127,5,-121.825,3,42.175,OR,743_323.tsv,Gas,CC-RC
164,164,494,2128,5,-93.725,3,30.025,TX,500_885.tsv,Gas,CC-RC
165,165,495,2133,5,-93.775,3,29.975,TX,499_884.tsv,Gas,CC-RC
166,166,496,2135,5,-98.225,3,26.325,TX,426_795.tsv,Gas,CC-RC
167,167,497,2136,5,-114.125,3,35.075,AZ,601_477.tsv,Gas,CC-RC
168,168,498,2138,5,-111.825,3,32.925,AZ,558_523.tsv,Gas,CC-RC
169,169,499,2139,5,-88.225,3,41.375,IL,727_995.tsv,Gas,CC-RC
170,170,500,2140,5,-97.875,3,29.525,TX,490_802.tsv,Gas,CC-RC
171,171,501,2142,6,-97.975,3,29.775,TX,495_800.tsv,Gas,CC-DC
172,172,502,2143,5,-95.925,3,36.025,OK,620_841.tsv,Gas,CC-RC
173,173,503,2145,6,-71.925,3,41.875,CT,737_1321.tsv,Gas,CC-DC
174,174,504,2147,5,-119.575,3,35.275,CA,605_368.tsv,Gas,CC-RC
175,175,505,2148,5,-97.925,3,29.525,TX,490_801.tsv,Gas,CC-RC
176,176,506,2149,5,-97.275,3,30.175,TX,503_814.tsv,Gas,CC-RC
177,177,507,2152,5,-97.325,3,31.825,TX,536_813.tsv,Gas,CC-RC
178,178,508,2153,5,-92.425,3,30.425,LA,508_911.tsv,Gas,CC-RC
179,179,509,2154,5,-114.575,3,34.825,AZ,596_468.tsv,Gas,CC-RC
180,180,510,2155,5,-94.275,3,38.775,MO,675_874.tsv,Gas,CC-RC
181,181,511,2156,5,-116.925,3,47.775,ID,855_421.tsv,Gas,CC-RC
182,182,512,2158,5,-119.575,3,35.225,CA,604_368.tsv,Gas,CC-RC
183,183,513,2159,5,-95.075,3,29.825,TX,496_858.tsv,Gas,CC-RC
184,184,514,2160,5,-90.275,3,41.725,IL,734_954.tsv,Gas,CC-RC
185,185,515,2166,5,-97.425,3,27.825,TX,456_811.tsv,Gas,CC-RC
186,186,516,2167,5,-103.625,3,40.225,CO,704_687.tsv,Gas,CC-RC
187,187,517,2168,6,-71.525,3,42.075,MA,741_1329.tsv,Gas,CC-DC
188,188,518,2169,5,-88.325,3,41.425,IL,728_993.tsv,Gas,CC-RC
189,189,519,2170,5,-121.875,3,38.075,CA,661_322.tsv,Gas,CC-RC
190,190,520,2171,5,-90.225,3,32.375,MS,547_955.tsv,Gas,CC-RC
191,191,521,2173,5,-89.875,3,33.025,MS,560_962.tsv,Gas,CC-RC
192,192,522,2174,5,-92.175,3,34.575,AR,591_916.tsv,Gas,CC-RC
193,193,523,2176,5,-96.675,3,32.325,TX,546_826.tsv,Gas,CC-RC
194,194,524,2178,5,-95.725,3,36.025,OK,620_845.tsv,Gas,CC-RC
195,195,525,2179,5,-96.125,3,31.875,TX,537_837.tsv,Gas,CC-RC
196,196,526,2187,5,-88.025,3,30.775,AL,515_999.tsv,Gas,CC-RC
197,197,527,2193,5,-87.475,3,41.725,IN,734_1010.tsv,Gas,CC-RC
198,198,528,2200,5,-87.025,3,34.625,AL,592_1019.tsv,Gas,CC-RC
199,199,529,2201,5,-70.375,3,43.675,ME,773_1352.tsv,Gas,CC-RC
200,200,530,2203,5,-95.175,3,29.725,TX,494_856.tsv,Gas,CC-RC
201,201,531,2207,5,-97.225,3,27.875,TX,457_815.tsv,Gas,CC-RC
202,202,532,2210,5,-75.325,3,39.875,PA,697_1253.tsv,Gas,CC-RC
203,203,533,2211,5,-119.325,3,45.925,OR,818_373.tsv,Gas,CC-RC
204,204,534,2212,5,-121.825,3,38.075,CA,661_323.tsv,Gas,CC-RC
205,205,535,2213,5,-88.825,3,39.225,IL,684_983.tsv,Gas,CC-RC
206,206,536,2214,5,-87.525,3,39.375,IN,687_1009.tsv,Gas,CC-RC
207,207,537,2220,5,-92.925,3,34.275,AR,585_901.tsv,Gas,CC-RC
208,208,538,2222,5,-97.575,3,35.275,OK,605_808.tsv,Gas,CC-RC
209,209,539,2223,5,-92.075,3,32.825,LA,556_918.tsv,Gas,CC-RC
210,210,540,2228,5,-98.175,3,26.325,TX,426_796.tsv,Gas,CC-RC
211,211,541,2229,5,-92.025,3,32.725,LA,554_919.tsv,Gas,CC-RC
212,212,542,2238,5,-71.575,3,42.025,RI,740_1328.tsv,Gas,CC-RC
213,213,543,2239,5,-71.625,3,42.075,RI,741_1327.tsv,Gas,CC-RC
214,214,544,2240,5,-87.975,3,30.975,AL,519_1000.tsv,Gas,CC-RC
215,215,546,2241,5,-81.925,3,27.625,FL,452_1121.tsv,Gas,CC-RC
216,216,563,2260,5,-97.625,3,30.225,TX,504_807.tsv,Gas,CC-RC
217,217,567,2264,5,-112.175,3,33.425,AZ,568_516.tsv,Gas,CC-RC
218,218,576,2272,5,-111.925,3,33.375,AZ,567_521.tsv,Gas,CC-RC
219,219,578,2273,5,-109.875,3,32.075,AZ,541_562.tsv,Gas,CC-RC
220,220,586,2305,5,-117.275,3,34.075,CA,581_414.tsv,Gas,CC-RC
221,221,587,2306,5,-118.275,3,34.125,CA,582_394.tsv,Gas,CC-RC
222,222,590,2308,5,-115.525,3,32.775,CA,555_449.tsv,Gas,CC-RC
223,223,593,2315,5,-104.925,3,39.825,CO,696_661.tsv,Gas,CC-RC
224,224,604,2328,5,-81.175,3,28.475,FL,469_1136.tsv,Gas,CC-RC
225,225,611,2340,4,-81.825,3,26.675,FL,433_1123.tsv,Gas,CC-OT
226,226,612,2341,5,-80.225,3,26.075,FL,421_1155.tsv,Gas,CC-RC
227,227,613,2344,5,-81.325,3,28.825,FL,476_1133.tsv,Gas,CC-RC
228,228,615,2345,5,-80.325,3,25.425,FL,408_1153.tsv,Gas,CC-RC
229,229,621,2353,5,-85.675,3,30.275,FL,505_1046.tsv,Gas,CC-RC
230,230,624,2359,5,-82.325,3,29.675,FL,493_1113.tsv,Gas,CC-RC
231,231,627,2363,5,-80.075,3,26.625,FL,432_1158.tsv,Gas,CC-RC
232,232,628,2364,5,-81.925,3,28.025,FL,460_1121.tsv,Gas,CC-RC
233,233,630,2365,5,-81.925,3,28.075,FL,461_1121.tsv,Gas,CC-RC
234,234,633,2367,5,-84.425,3,30.475,FL,509_1071.tsv,Gas,CC-RC
235,235,634,2368,4,-84.225,3,30.125,FL,502_1075.tsv,Gas,CC-OT
236,236,644,2384,4,-89.525,3,37.675,IL,653_969.tsv,Gas,CC-OT
237,237,667,2422,5,-85.975,3,40.075,IN,701_1040.tsv,Gas,CC-RC
238,238,672,2426,5,-78.875,3,35.075,NC,601_1182.tsv,Gas,CC-RC
239,239,680,2435,4,-93.275,3,45.025,MN,800_894.tsv,Gas,CC-OT
240,240,687,2442,5,-94.375,3,41.125,IA,722_872.tsv,Gas,CC-RC
241,241,704,2464,5,-85.875,3,38.175,KY,663_1042.tsv,Gas,CC-RC
242,242,713,72745,5,-71.475,3,42.875,NH,757_1330.tsv,Gas,CC-RC
243,243,714,72748,5,-76.375,3,40.375,PA,707_1232.tsv,Gas,CC-RC
244,244,715,72749,5,-97.725,3,32.325,TX,546_805.tsv,Gas,CC-RC
245,245,716,72752,6,-71.475,3,42.125,MA,742_1330.tsv,Gas,CC-DC
246,246,717,72767,5,-85.475,3,42.975,MI,759_1050.tsv,Gas,CC-RC
247,247,718,72775,5,-106.875,3,32.125,NM,542_622.tsv,Gas,CC-RC
248,248,719,72779,5,-121.925,3,37.425,CA,648_321.tsv,Gas,CC-RC
249,249,721,72783,5,-72.625,3,41.925,CT,738_1307.tsv,Gas,CC-RC
250,250,724,72820,5,-78.075,3,42.525,NY,750_1198.tsv,Gas,CC-RC
251,251,725,72826,5,-114.875,3,36.425,NV,628_462.tsv,Gas,CC-RC
252,252,727,72914,6,-114.975,3,36.425,NV,628_460.tsv,Gas,CC-DC
253,253,729,72931,5,-112.925,3,33.325,AZ,566_501.tsv,Gas,CC-RC
254,254,731,72951,6,-73.875,3,40.775,NY,715_1282.tsv,Gas,CC-DC
255,255,732,72955,6,-73.825,3,42.275,NY,745_1283.tsv,Gas,CC-DC
256,256,733,72973,5,-86.575,3,32.375,AL,547_1028.tsv,Gas,CC-RC
257,257,735,73051,5,-97.525,3,30.225,TX,504_809.tsv,Gas,CC-RC
258,258,736,73072,5,-94.825,3,29.775,TX,495_863.tsv,Gas,CC-RC
259,259,740,73155,5,-75.325,3,40.625,PA,712_1253.tsv,Gas,CC-RC
260,260,741,73184,6,-115.375,3,35.625,NV,612_452.tsv,Gas,CC-DC
261,261,744,73256,5,-114.675,3,33.625,CA,572_466.tsv,Gas,CC-RC
262,262,748,73311,5,-81.925,3,30.325,FL,506_1121.tsv,Gas,CC-RC
263,263,749,73318,5,-95.575,3,29.475,TX,489_848.tsv,Gas,CC-RC
264,264,755,73447,5,-78.125,3,38.975,VA,679_1197.tsv,Gas,CC-RC
265,265,757,73473,5,-88.325,3,33.575,MS,571_993.tsv,Gas,CC-RC
266,266,761,73503,5,-81.525,3,28.275,FL,465_1129.tsv,Gas,CC-RC
267,267,762,73511,5,-72.675,3,41.775,CT,735_1306.tsv,Gas,CC-RC
268,268,764,73532,5,-118.175,3,33.875,CA,577_396.tsv,Gas,CC-RC
269,269,765,73535,5,-75.625,3,43.975,NY,779_1247.tsv,Gas,CC-RC
270,270,766,73538,5,-91.075,3,30.225,LA,504_938.tsv,Gas,CC-RC
271,271,767,73583,5,-81.575,3,28.425,FL,468_1128.tsv,Gas,CC-RC
272,272,768,73618,5,-84.975,3,33.425,GA,568_1060.tsv,Gas,CC-RC
273,273,769,73622,6,-122.925,3,46.625,WA,832_301.tsv,Gas,CC-DC
274,274,771,73667,5,-89.225,3,33.375,MS,567_975.tsv,Gas,CC-RC
275,275,772,73669,5,-95.225,3,36.225,OK,624_855.tsv,Gas,CC-RC
276,276,773,73701,5,-85.875,3,42.725,MI,754_1042.tsv,Gas,CC-RC
277,277,781,73765,5,-80.975,3,33.875,SC,577_1140.tsv,Gas,CC-RC
278,278,784,73776,5,-88.275,3,44.275,WI,785_994.tsv,Gas,CC-RC
279,279,786,73844,5,-121.125,3,38.325,CA,666_337.tsv,Gas,CC-RC
280,280,787,73854,5,-86.275,3,42.325,MI,746_1034.tsv,Gas,CC-RC
281,281,789,73863,5,-119.725,3,45.875,OR,817_365.tsv,Gas,CC-RC
282,282,793,73939,5,-71.025,3,41.675,MA,733_1339.tsv,Gas,CC-RC
283,283,796,73961,5,-95.075,3,29.725,TX,494_858.tsv,Gas,CC-RC
284,284,798,73982,5,-76.275,3,39.775,PA,695_1234.tsv,Gas,CC-RC
285,285,802,74076,5,-81.975,3,40.075,OH,701_1120.tsv,Gas,CC-RC
286,286,804,74097,5,-84.925,3,34.675,GA,593_1061.tsv,Gas,CC-RC
287,287,807,74161,5,-94.675,3,32.425,TX,548_866.tsv,Gas,CC-RC
288,288,811,74185,5,-81.275,3,32.275,GA,545_1134.tsv,Gas,CC-RC
289,289,813,74208,5,-119.475,3,35.275,CA,605_370.tsv,Gas,CC-RC
290,290,814,74237,5,-122.475,3,48.775,WA,875_310.tsv,Gas,CC-RC
291,291,815,74293,5,-71.475,3,41.775,RI,735_1330.tsv,Gas,CC-RC
292,292,818,74307,5,-74.775,3,40.125,PA,702_1264.tsv,Gas,CC-RC
293,293,819,74339,5,-79.925,3,39.875,PA,697_1161.tsv,Gas,CC-RC
294,294,821,74365,5,-93.775,3,35.425,AR,608_884.tsv,Gas,CC-RC
295,295,822,74408,5,-70.925,3,42.275,MA,745_1341.tsv,Gas,CC-RC
296,296,823,74413,5,-96.475,3,32.775,TX,555_830.tsv,Gas,CC-RC
297,297,825,74428,5,-73.775,3,42.525,NY,750_1284.tsv,Gas,CC-RC
298,298,826,74466,5,-122.225,3,47.075,WA,841_315.tsv,Gas,CC-RC
299,299,827,74474,5,-83.125,3,41.325,OH,726_1097.tsv,Gas,CC-RC
300,300,829,74479,5,-120.125,3,36.575,CA,631_357.tsv,Gas,CC-RC
301,301,830,74486,6,-104.725,3,38.625,CO,672_665.tsv,Gas,CC-DC
302,302,831,74507,5,-86.525,3,32.325,AL,546_1029.tsv,Gas,CC-RC
303,303,833,74510,5,-85.075,3,32.625,AL,552_1058.tsv,Gas,CC-RC
304,304,835,74618,5,-115.275,3,42.975,ID,759_454.tsv,Gas,CC-RC
305,305,836,74630,5,-117.075,3,33.125,CA,562_418.tsv,Gas,CC-RC
306,306,837,74637,6,-120.825,3,45.825,WA,816_343.tsv,Gas,CC-DC
307,307,841,74698,5,-123.475,3,46.975,WA,839_290.tsv,Gas,CC-RC
308,308,842,74708,5,-93.525,3,41.575,IA,731_889.tsv,Gas,CC-RC
309,309,845,74800,5,-82.775,3,38.575,OH,671_1104.tsv,Gas,CC-RC
310,310,846,74816,5,-113.125,3,33.475,AZ,569_497.tsv,Gas,CC-RC
311,311,848,74825,5,-94.425,3,32.375,TX,547_871.tsv,Gas,CC-RC
312,312,854,74912,5,-117.325,3,34.575,CA,591_413.tsv,Gas,CC-RC
313,313,855,74931,5,-85.875,3,32.975,AL,559_1042.tsv,Gas,CC-RC
314,314,860,74993,5,-92.875,3,34.375,AR,587_902.tsv,Gas,CC-RC
315,315,863,75016,4,-76.075,3,41.225,PA,724_1238.tsv,Gas,CC-OT
316,316,864,75023,5,-94.375,3,44.925,MN,798_872.tsv,Gas,CC-RC
317,317,865,75024,5,-94.325,3,44.875,MN,797_873.tsv,Gas,CC-RC
318,318,867,75064,5,-78.475,3,42.075,NY,741_1190.tsv,Gas,CC-RC
319,319,868,75065,5,-76.475,3,43.475,NY,769_1230.tsv,Gas,CC-RC
320,320,870,75069,5,-78.925,3,42.975,NY,759_1181.tsv,Gas,CC-RC
321,321,872,75088,5,-117.175,3,33.725,CA,574_416.tsv,Gas,CC-RC
322,322,873,75123,5,-101.775,3,33.575,TX,571_724.tsv,Gas,CC-RC
323,323,876,75131,5,-97.975,3,33.125,TX,562_800.tsv,Gas,CC-RC
324,324,877,75132,5,-84.475,3,33.825,GA,576_1070.tsv,Gas,CC-RC
325,325,878,75143,5,-84.375,3,42.275,MI,745_1072.tsv,Gas,CC-RC
326,326,880,75155,5,-81.125,3,32.325,SC,546_1137.tsv,Gas,CC-RC
327,327,882,75164,5,-121.925,3,37.375,CA,647_321.tsv,Gas,CC-RC
328,328,883,75179,5,-82.825,3,34.375,SC,587_1103.tsv,Gas,CC-RC
329,329,889,75260,5,-74.275,3,40.675,NJ,713_1274.tsv,Gas,CC-RC
330,330,891,75304,5,-95.925,3,34.725,OK,594_841.tsv,Gas,CC-RC
331,331,892,75325,5,-119.575,3,36.575,CA,631_368.tsv,Gas,CC-RC
332,332,895,75393,5,-89.475,3,35.575,TN,611_970.tsv,Gas,CC-RC
333,333,897,75441,5,-115.125,3,36.225,NV,624_457.tsv,Gas,CC-RC
334,334,899,75507,5,-86.725,3,32.375,AL,547_1025.tsv,Gas,CC-RC
335,335,900,75538,5,-78.725,3,43.175,NY,763_1185.tsv,Gas,CC-RC
336,336,901,75568,5,-121.975,3,37.425,CA,648_320.tsv,Gas,CC-RC
337,337,902,75585,5,-71.375,3,42.625,MA,752_1332.tsv,Gas,CC-RC
338,338,903,75599,5,-75.075,3,40.825,PA,716_1258.tsv,Gas,CC-RC
339,339,904,75616,5,-107.775,3,32.275,NM,545_604.tsv,Gas,CC-RC
340,340,907,75666,5,-118.325,3,34.225,CA,584_393.tsv,Gas,CC-RC
341,341,908,75668,5,-89.175,3,34.825,MS,596_976.tsv,Gas,CC-RC
342,342,915,75818,5,-112.875,3,33.325,AZ,566_502.tsv,Gas,CC-RC
343,343,917,75820,5,-121.725,3,37.225,CA,644_325.tsv,Gas,CC-RC
344,344,918,75856,5,-73.125,3,41.225,CT,724_1297.tsv,Gas,CC-RC
345,345,922,75890,5,-122.975,3,46.125,WA,822_300.tsv,Gas,CC-RC
346,346,923,75909,6,-114.925,3,36.375,NV,627_461.tsv,Gas,CC-DC
347,347,924,75937,5,-117.725,3,35.025,CA,600_405.tsv,Gas,CC-RC
348,348,926,75977,5,-87.075,3,34.675,AL,593_1018.tsv,Gas,CC-RC
349,349,930,76096,5,-117.125,3,32.675,CA,553_417.tsv,Gas,CC-RC
350,350,931,76097,5,-117.175,3,32.675,CA,553_416.tsv,Gas,CC-RC
351,351,932,76098,5,-117.125,3,32.625,CA,552_417.tsv,Gas,CC-RC
352,352,936,76160,5,-70.825,3,43.125,NH,762_1343.tsv,Gas,CC-RC
353,353,937,76169,5,-93.725,3,30.275,TX,505_885.tsv,Gas,CC-RC
354,354,942,76240,5,-95.675,3,36.425,OK,628_846.tsv,Gas,CC-RC
355,355,944,76252,5,-118.125,3,33.925,CA,578_397.tsv,Gas,CC-RC
356,356,945,76269,5,-119.075,3,34.175,CA,583_378.tsv,Gas,CC-RC
357,357,946,76270,5,-117.675,3,33.975,CA,579_406.tsv,Gas,CC-RC
358,358,947,76302,5,-102.325,3,31.825,TX,536_713.tsv,Gas,CC-RC
359,359,949,76321,5,-87.975,3,31.275,AL,525_1000.tsv,Gas,CC-RC
360,360,950,76339,5,-75.925,3,40.375,PA,707_1241.tsv,Gas,CC-RC
361,361,951,76368,5,-81.825,3,28.025,FL,460_1123.tsv,Gas,CC-RC
362,362,952,76374,5,-116.975,3,32.575,CA,551_420.tsv,Gas,CC-RC
363,363,953,76389,5,-78.875,3,43.025,NY,760_1182.tsv,Gas,CC-RC
364,364,954,76418,5,-84.825,3,39.075,IN,681_1063.tsv,Gas,CC-RC
365,365,955,76420,5,-81.725,3,39.575,OH,691_1125.tsv,Gas,CC-RC
366,366,959,76451,5,-112.675,3,32.975,AZ,559_506.tsv,Gas,CC-RC
367,367,960,76489,5,-118.825,3,34.975,CA,599_383.tsv,Gas,CC-RC
368,368,961,76499,5,-71.425,3,41.875,RI,737_1331.tsv,Gas,CC-RC
369,369,970,76642,5,-91.225,3,30.325,LA,506_935.tsv,Gas,CC-RC
370,370,973,76664,5,-97.025,3,36.675,OK,633_819.tsv,Gas,CC-RC
371,371,974,76675,5,-93.875,3,29.875,TX,497_882.tsv,Gas,CC-RC
372,372,977,76702,5,-87.175,3,41.625,IN,732_1016.tsv,Gas,CC-RC
373,373,983,76798,5,-93.325,3,30.175,LA,503_893.tsv,Gas,CC-RC
374,374,987,76838,5,-74.375,3,40.425,NJ,708_1272.tsv,Gas,CC-RC
375,375,988,76841,5,-97.225,3,35.675,OK,613_815.tsv,Gas,CC-RC
376,376,989,76842,4,-122.325,3,40.525,CA,710_313.tsv,Gas,CC-OT
377,377,990,76847,5,-112.825,3,33.325,AZ,566_503.tsv,Gas,CC-RC
378,378,991,76857,6,-89.425,3,33.275,MS,565_971.tsv,Gas,CC-DC
379,379,992,76885,5,-79.925,3,34.825,NC,596_1161.tsv,Gas,CC-RC
380,380,997,76912,5,-122.725,3,45.625,WA,812_305.tsv,Gas,CC-RC
381,381,999,76922,5,-89.025,3,42.575,WI,751_979.tsv,Gas,CC-RC
382,382,1000,76973,5,-104.625,3,40.075,CO,701_667.tsv,Gas,CC-RC
383,383,1001,76989,5,-114.675,3,32.725,AZ,554_466.tsv,Gas,CC-RC
384,384,1002,76997,5,-76.525,3,40.025,PA,700_1229.tsv,Gas,CC-RC
385,385,1007,77045,5,-121.025,3,37.625,CA,652_339.tsv,Gas,CC-RC
386,386,1009,77057,5,-97.925,3,33.075,TX,561_801.tsv,Gas,CC-RC
387,387,1013,77105,5,-90.575,3,34.175,MS,583_948.tsv,Gas,CC-RC
388,388,1022,77269,5,-81.675,3,39.575,OH,691_1126.tsv,Gas,CC-RC
389,389,1023,77295,5,-85.025,3,33.375,GA,567_1059.tsv,Gas,CC-RC
390,390,1024,77296,5,-85.075,3,33.325,GA,566_1058.tsv,Gas,CC-RC
391,391,1031,77489,5,-92.525,3,33.325,AR,566_909.tsv,Gas,CC-RC
392,392,1035,77569,5,-73.575,3,40.725,NY,714_1288.tsv,Gas,CC-RC
393,393,1037,77580,5,-121.525,3,37.675,CA,653_329.tsv,Gas,CC-RC
394,394,1039,77622,5,-81.825,3,27.725,FL,454_1123.tsv,Gas,CC-RC
395,395,1041,77648,5,-88.175,3,30.475,AL,509_996.tsv,Gas,CC-RC
396,396,1042,77670,5,-78.425,3,37.725,VA,654_1191.tsv,Gas,CC-RC
397,397,1043,77674,5,-94.175,3,32.125,TX,542_876.tsv,Gas,CC-RC
398,398,1044,77675,5,-86.775,3,32.325,AL,546_1024.tsv,Gas,CC-RC
399,399,1046,77709,5,-90.425,3,29.975,LA,499_951.tsv,Gas,CC-RC
400,400,1053,77879,5,-90.175,3,36.575,MO,631_956.tsv,Gas,CC-RC
401,401,1054,77934,5,-90.025,3,34.975,MS,599_959.tsv,Gas,CC-RC
402,402,1058,78044,6,-114.925,3,36.425,NV,628_461.tsv,Gas,CC-DC
403,403,1059,78045,5,-78.075,3,42.625,NY,752_1198.tsv,Gas,CC-RC
404,404,1061,78060,5,-97.525,3,25.875,TX,417_809.tsv,Gas,CC-RC
405,405,1066,78177,5,-87.125,3,30.575,FL,511_1017.tsv,Gas,CC-RC
406,406,1068,78220,4,-97.125,3,28.875,TX,477_817.tsv,Gas,CC-OT
407,407,1069,78230,5,-96.575,3,40.875,NE,717_828.tsv,Gas,CC-RC
408,408,1072,78306,5,-113.625,3,42.575,ID,751_487.tsv,Gas,CC-RC
409,409,1073,78314,5,-80.525,3,35.775,NC,615_1149.tsv,Gas,CC-RC
410,410,1074,385508,5,-79.775,3,40.575,PA,711_1164.tsv,Gas,CC-RC
411,411,1075,385530,5,-121.525,3,38.425,CA,668_329.tsv,Gas,CC-RC
412,412,1078,404924,5,-73.775,3,42.575,NY,751_1284.tsv,Gas,CC-RC
413,413,1079,405319,5,-122.075,3,37.625,CA,652_318.tsv,Gas,CC-RC
414,414,1080,587518,5,-93.325,3,44.325,MN,786_893.tsv,Gas,CC-RC
415,415,1081,587560,5,-121.975,3,37.375,CA,647_320.tsv,Gas,CC-RC
416,416,1082,587567,5,-118.175,3,33.975,CA,579_396.tsv,Gas,CC-RC
417,417,1083,587571,5,-123.125,3,46.175,OR,823_297.tsv,Gas,CC-RC
418,418,1084,587613,5,-96.825,3,40.325,NE,706_823.tsv,Gas,CC-RC
419,419,1085,587650,5,-93.325,3,43.125,IA,762_893.tsv,Gas,CC-RC
420,420,1086,587651,5,-89.625,3,41.825,IL,736_967.tsv,Gas,CC-RC
421,421,1087,587704,5,-120.925,3,37.475,CA,649_341.tsv,Gas,CC-RC
422,422,1089,587756,5,-73.725,3,42.675,NY,753_1285.tsv,Gas,CC-RC
423,423,1090,587788,5,-95.425,3,28.975,TX,479_851.tsv,Gas,CC-RC
424,424,1091,587800,5,-89.425,3,43.075,WI,761_971.tsv,Gas,CC-RC
425,425,1092,587835,5,-117.625,3,33.875,CA,577_407.tsv,Gas,CC-RC
426,426,1093,587898,5,-94.725,3,29.325,TX,486_865.tsv,Gas,CC-RC
427,427,1094,587938,5,-88.175,3,44.325,WI,786_996.tsv,Gas,CC-RC
428,428,1097,587994,5,-108.225,3,36.675,NM,633_595.tsv,Gas,CC-RC
429,429,1098,587996,5,-89.725,3,35.875,AR,617_965.tsv,Gas,CC-RC
430,430,1099,588007,5,-81.175,3,32.425,GA,548_1136.tsv,Gas,CC-RC
431,431,1101,588012,5,-111.725,3,40.075,UT,701_525.tsv,Gas,CC-RC
432,432,1104,588110,5,-78.325,3,37.725,VA,654_1193.tsv,Gas,CC-RC
433,433,1106,588165,5,-72.625,3,41.575,CT,731_1307.tsv,Gas,CC-RC
434,434,1108,593927,5,-80.825,3,41.925,OH,738_1143.tsv,Gas,CC-RC
435,435,1110,606380,6,-111.875,3,39.825,UT,696_522.tsv,Gas,CC-DC
436,436,1111,606975,5,-86.525,3,31.375,AL,527_1029.tsv,Gas,CC-RC
437,437,1112,607160,5,-117.125,3,33.125,CA,562_417.tsv,Gas,CC-RC
438,438,1118,613326,5,-94.025,3,44.175,MN,783_879.tsv,Gas,CC-RC
439,439,1121,626314,5,-73.475,3,40.725,NY,714_1290.tsv,Gas,CC-RC
440,440,1122,632007,5,-111.775,3,40.325,UT,706_524.tsv,Gas,CC-RC
441,441,1123,632045,5,-73.375,3,40.725,NY,714_1292.tsv,Gas,CC-RC
442,442,1124,632047,5,-72.925,3,40.825,NY,716_1301.tsv,Gas,CC-RC
443,443,1125,632209,5,-121.375,3,38.775,CA,675_332.tsv,Gas,CC-RC
444,444,1128,732864,5,-119.525,3,36.675,CA,633_369.tsv,Gas,CC-RC
445,445,1129,732898,5,-80.375,3,26.675,FL,433_1152.tsv,Gas,CC-RC
446,446,1133,748853,5,-80.375,3,27.375,FL,447_1152.tsv,Gas,CC-RC
447,447,1138,841085,5,-102.275,3,31.825,TX,536_714.tsv,Gas,CC-RC
448,448,1139,849342,5,-96.075,3,29.225,TX,484_838.tsv,Gas,CC-RC
449,449,1141,856045,5,-122.175,3,39.375,CA,687_316.tsv,Gas,CC-RC
450,450,1142,871146,5,-100.925,3,32.725,TX,554_741.tsv,Gas,CC-RC
451,451,1145,875399,5,-90.175,3,38.625,MO,672_956.tsv,Gas,CC-RC
452,452,1146,883352,6,-103.325,3,32.775,NM,555_693.tsv,Gas,CC-DC
453,453,1148,884383,5,-121.775,3,38.075,CA,661_324.tsv,Gas,CC-RC
454,454,1150,891963,5,-121.525,3,38.075,CA,661_329.tsv,Gas,CC-RC
455,455,1154,922140,5,-96.675,3,44.425,SD,788_826.tsv,Gas,CC-RC
456,456,1155,1123030,5,-97.325,3,31.125,TX,522_813.tsv,Gas,CC-RC
457,457,1156,1124417,5,-75.225,3,39.875,NJ,697_1255.tsv,Gas,CC-RC
458,458,1158,1133698,5,-96.525,3,33.775,TX,575_829.tsv,Gas,CC-RC
459,459,1163,1168279,5,-116.975,3,43.925,ID,778_420.tsv,Gas,CC-RC
460,460,1167,1196724,5,-104.525,3,38.325,CO,666_669.tsv,Gas,CC-RC
461,461,1170,1502940,5,-74.125,3,40.675,NJ,713_1277.tsv,Gas,CC-RC
462,462,1171,1503622,5,-74.425,3,40.475,NJ,709_1271.tsv,Gas,CC-RC
463,463,1172,1573104,5,-104.725,3,41.125,WY,722_665.tsv,Gas,CC-RC
464,464,1176,1648419,5,-75.425,3,39.075,DE,681_1251.tsv,Gas,CC-RC
465,465,1180,1995460,5,-84.525,3,42.675,MI,753_1069.tsv,Gas,CC-RC
