	i	date	count	countnew
0	0	2000-01-01	1.04	1.0
1	1	2000-01-02	1.04	1.0
2	2	2000-01-03	1.04	1.0
3	3	2000-01-04	0.98	0.538461538462
4	4	2000-01-05	1.04	1.0
5	5	2000-01-06	1.04	1.0
6	6	2000-01-07	1.04	1.0
7	7	2000-01-08	1.04	1.0
8	8	2000-01-09	1.04	1.0
9	9	2000-01-10	1.04	1.0
10	10	2000-01-11	1.04	1.0
11	11	2000-01-12	1.04	1.0
12	12	2000-01-13	1.04	1.0
13	13	2000-01-14	1.04	1.0
14	14	2000-01-15	1.04	1.0
15	15	2000-01-16	1.04	1.0
16	16	2000-01-17	0.99	0.615384615385
17	17	2000-01-18	0.98	0.538461538462
18	18	2000-01-19	0.97	0.461538461538
19	19	2000-01-20	0.98	0.538461538462
20	20	2000-01-21	1.0	0.692307692308
21	21	2000-01-22	1.0	0.692307692308
22	22	2000-01-23	1.04	1.0
23	23	2000-01-24	0.98	0.538461538462
24	24	2000-01-25	0.98	0.538461538462
25	25	2000-01-26	1.04	1.0
26	26	2000-01-27	1.04	1.0
27	27	2000-01-28	1.04	1.0
28	28	2000-01-29	1.04	1.0
29	29	2000-01-30	1.04	1.0
30	30	2000-01-31	1.04	1.0
31	31	2000-02-01	1.04	1.0
32	32	2000-02-02	1.04	1.0
33	33	2000-02-03	1.04	1.0
34	34	2000-02-04	1.04	1.0
35	35	2000-02-05	1.0	0.692307692308
36	36	2000-02-06	1.0	0.692307692308
37	37	2000-02-07	0.99	0.615384615385
38	38	2000-02-08	0.98	0.538461538462
39	39	2000-02-09	0.98	0.538461538462
40	40	2000-02-10	0.98	0.538461538462
41	41	2000-02-11	0.99	0.615384615385
42	42	2000-02-12	0.99	0.615384615385
43	43	2000-02-13	0.97	0.461538461538
44	44	2000-02-14	0.97	0.461538461538
45	45	2000-02-15	1.0	0.692307692308
46	46	2000-02-16	1.0	0.692307692308
47	47	2000-02-17	0.97	0.461538461538
48	48	2000-02-18	0.98	0.538461538462
49	49	2000-02-19	0.99	0.615384615385
50	50	2000-02-20	0.97	0.461538461538
51	51	2000-02-21	0.97	0.461538461538
52	52	2000-02-22	1.0	0.692307692308
53	53	2000-02-23	1.04	1.0
54	54	2000-02-24	1.04	1.0
55	55	2000-02-25	1.04	1.0
56	56	2000-02-26	1.04	1.0
57	57	2000-02-27	1.0	0.692307692308
58	58	2000-02-28	0.98	0.538461538462
59	59	2000-02-29	0.97	0.461538461538
60	60	2000-03-01	0.96	0.384615384615
61	61	2000-03-02	0.96	0.384615384615
62	62	2000-03-03	0.96	0.384615384615
63	63	2000-03-04	1.0	0.692307692308
64	64	2000-03-05	1.0	0.692307692308
65	65	2000-03-06	0.97	0.461538461538
66	66	2000-03-07	0.99	0.615384615385
67	67	2000-03-08	0.98	0.538461538462
68	68	2000-03-09	0.96	0.384615384615
69	69	2000-03-10	0.99	0.615384615385
70	70	2000-03-11	1.04	1.0
71	71	2000-03-12	1.04	1.0
72	72	2000-03-13	1.04	1.0
73	73	2000-03-14	1.04	1.0
74	74	2000-03-15	1.04	1.0
75	75	2000-03-16	0.99	0.615384615385
76	76	2000-03-17	0.99	0.615384615385
77	77	2000-03-18	1.04	1.0
78	78	2000-03-19	1.0	0.692307692308
79	79	2000-03-20	0.96	0.384615384615
80	80	2000-03-21	0.97	0.461538461538
81	81	2000-03-22	0.97	0.461538461538
82	82	2000-03-23	0.97	0.461538461538
83	83	2000-03-24	0.97	0.461538461538
84	84	2000-03-25	0.96	0.384615384615
85	85	2000-03-26	0.95	0.307692307692
86	86	2000-03-27	0.95	0.307692307692
87	87	2000-03-28	0.95	0.307692307692
88	88	2000-03-29	1.04	1.0
89	89	2000-03-30	1.04	1.0
90	90	2000-03-31	0.99	0.615384615385
91	91	2000-04-01	0.99	0.615384615385
92	92	2000-04-02	1.04	1.0
93	93	2000-04-03	1.04	1.0
94	94	2000-04-04	1.04	1.0
95	95	2000-04-05	1.04	1.0
96	96	2000-04-06	1.04	1.0
97	97	2000-04-07	1.04	1.0
98	98	2000-04-08	1.0	0.692307692308
99	99	2000-04-09	0.99	0.615384615385
100	100	2000-04-10	0.99	0.615384615385
101	101	2000-04-11	0.99	0.615384615385
102	102	2000-04-12	0.97	0.461538461538
103	103	2000-04-13	0.96	0.384615384615
104	104	2000-04-14	0.95	0.307692307692
105	105	2000-04-15	0.93	0.153846153846
106	106	2000-04-16	0.94	0.230769230769
107	107	2000-04-17	0.97	0.461538461538
108	108	2000-04-18	0.99	0.615384615385
109	109	2000-04-19	1.0	0.692307692308
110	110	2000-04-20	1.0	0.692307692308
111	111	2000-04-21	0.99	0.615384615385
112	112	2000-04-22	0.98	0.538461538462
113	113	2000-04-23	0.97	0.461538461538
114	114	2000-04-24	0.96	0.384615384615
115	115	2000-04-25	0.96	0.384615384615
116	116	2000-04-26	0.96	0.384615384615
117	117	2000-04-27	0.95	0.307692307692
118	118	2000-04-28	0.95	0.307692307692
119	119	2000-04-29	0.95	0.307692307692
120	120	2000-04-30	0.96	0.384615384615
121	121	2000-05-01	0.96	0.384615384615
122	122	2000-05-02	0.96	0.384615384615
123	123	2000-05-03	0.98	0.538461538462
124	124	2000-05-04	1.0	0.692307692308
125	125	2000-05-05	0.98	0.538461538462
126	126	2000-05-06	0.96	0.384615384615
127	127	2000-05-07	0.94	0.230769230769
128	128	2000-05-08	0.93	0.153846153846
129	129	2000-05-09	0.98	0.538461538462
130	130	2000-05-10	1.04	1.0
131	131	2000-05-11	1.0	0.692307692308
132	132	2000-05-12	0.99	0.615384615385
133	133	2000-05-13	0.98	0.538461538462
134	134	2000-05-14	0.96	0.384615384615
135	135	2000-05-15	0.95	0.307692307692
136	136	2000-05-16	0.96	0.384615384615
137	137	2000-05-17	0.96	0.384615384615
138	138	2000-05-18	0.96	0.384615384615
139	139	2000-05-19	0.95	0.307692307692
140	140	2000-05-20	0.95	0.307692307692
141	141	2000-05-21	0.94	0.230769230769
142	142	2000-05-22	0.94	0.230769230769
143	143	2000-05-23	0.93	0.153846153846
144	144	2000-05-24	0.92	0.0769230769231
145	145	2000-05-25	0.92	0.0769230769231
146	146	2000-05-26	0.92	0.0769230769231
147	147	2000-05-27	0.92	0.0769230769231
148	148	2000-05-28	0.93	0.153846153846
149	149	2000-05-29	0.93	0.153846153846
150	150	2000-05-30	0.93	0.153846153846
151	151	2000-05-31	0.93	0.153846153846
152	152	2000-06-01	0.93	0.153846153846
153	153	2000-06-02	0.92	0.0769230769231
154	154	2000-06-03	0.92	0.0769230769231
155	155	2000-06-04	0.93	0.153846153846
156	156	2000-06-05	0.93	0.153846153846
157	157	2000-06-06	0.93	0.153846153846
158	158	2000-06-07	0.93	0.153846153846
159	159	2000-06-08	0.93	0.153846153846
160	160	2000-06-09	0.94	0.230769230769
161	161	2000-06-10	0.94	0.230769230769
162	162	2000-06-11	0.93	0.153846153846
163	163	2000-06-12	0.93	0.153846153846
164	164	2000-06-13	0.93	0.153846153846
165	165	2000-06-14	0.93	0.153846153846
166	166	2000-06-15	0.93	0.153846153846
167	167	2000-06-16	0.93	0.153846153846
168	168	2000-06-17	0.93	0.153846153846
169	169	2000-06-18	0.93	0.153846153846
170	170	2000-06-19	0.94	0.230769230769
171	171	2000-06-20	0.94	0.230769230769
172	172	2000-06-21	0.93	0.153846153846
173	173	2000-06-22	0.92	0.0769230769231
174	174	2000-06-23	0.92	0.0769230769231
175	175	2000-06-24	0.92	0.0769230769231
176	176	2000-06-25	0.92	0.0769230769231
177	177	2000-06-26	0.92	0.0769230769231
178	178	2000-06-27	0.93	0.153846153846
179	179	2000-06-28	0.93	0.153846153846
180	180	2000-06-29	0.92	0.0769230769231
181	181	2000-06-30	0.92	0.0769230769231
182	182	2000-07-01	0.92	0.0769230769231
183	183	2000-07-02	0.92	0.0769230769231
184	184	2000-07-03	0.92	0.0769230769231
185	185	2000-07-04	0.92	0.0769230769231
186	186	2000-07-05	0.93	0.153846153846
187	187	2000-07-06	0.93	0.153846153846
188	188	2000-07-07	0.93	0.153846153846
189	189	2000-07-08	0.93	0.153846153846
190	190	2000-07-09	0.93	0.153846153846
191	191	2000-07-10	0.93	0.153846153846
192	192	2000-07-11	0.92	0.0769230769231
193	193	2000-07-12	0.93	0.153846153846
194	194	2000-07-13	0.93	0.153846153846
195	195	2000-07-14	0.93	0.153846153846
196	196	2000-07-15	0.92	0.0769230769231
197	197	2000-07-16	0.93	0.153846153846
198	198	2000-07-17	0.93	0.153846153846
199	199	2000-07-18	0.93	0.153846153846
200	200	2000-07-19	0.93	0.153846153846
201	201	2000-07-20	0.93	0.153846153846
202	202	2000-07-21	0.93	0.153846153846
203	203	2000-07-22	0.93	0.153846153846
204	204	2000-07-23	0.93	0.153846153846
205	205	2000-07-24	0.93	0.153846153846
206	206	2000-07-25	0.93	0.153846153846
207	207	2000-07-26	0.93	0.153846153846
208	208	2000-07-27	0.93	0.153846153846
209	209	2000-07-28	0.93	0.153846153846
210	210	2000-07-29	0.93	0.153846153846
211	211	2000-07-30	0.93	0.153846153846
212	212	2000-07-31	0.93	0.153846153846
213	213	2000-08-01	0.93	0.153846153846
214	214	2000-08-02	0.92	0.0769230769231
215	215	2000-08-03	0.93	0.153846153846
216	216	2000-08-04	0.93	0.153846153846
217	217	2000-08-05	0.92	0.0769230769231
218	218	2000-08-06	0.92	0.0769230769231
219	219	2000-08-07	0.93	0.153846153846
220	220	2000-08-08	0.93	0.153846153846
221	221	2000-08-09	0.93	0.153846153846
222	222	2000-08-10	0.93	0.153846153846
223	223	2000-08-11	0.93	0.153846153846
224	224	2000-08-12	0.93	0.153846153846
225	225	2000-08-13	0.93	0.153846153846
226	226	2000-08-14	0.92	0.0769230769231
227	227	2000-08-15	0.93	0.153846153846
228	228	2000-08-16	0.93	0.153846153846
229	229	2000-08-17	0.93	0.153846153846
230	230	2000-08-18	0.93	0.153846153846
231	231	2000-08-19	0.93	0.153846153846
232	232	2000-08-20	0.93	0.153846153846
233	233	2000-08-21	0.93	0.153846153846
234	234	2000-08-22	0.93	0.153846153846
235	235	2000-08-23	0.93	0.153846153846
236	236	2000-08-24	0.93	0.153846153846
237	237	2000-08-25	0.92	0.0769230769231
238	238	2000-08-26	0.92	0.0769230769231
239	239	2000-08-27	0.93	0.153846153846
240	240	2000-08-28	0.92	0.0769230769231
241	241	2000-08-29	0.93	0.153846153846
242	242	2000-08-30	0.93	0.153846153846
243	243	2000-08-31	0.94	0.230769230769
244	244	2000-09-01	0.95	0.307692307692
245	245	2000-09-02	0.94	0.230769230769
246	246	2000-09-03	0.94	0.230769230769
247	247	2000-09-04	0.94	0.230769230769
248	248	2000-09-05	0.93	0.153846153846
249	249	2000-09-06	0.93	0.153846153846
250	250	2000-09-07	0.93	0.153846153846
251	251	2000-09-08	0.93	0.153846153846
252	252	2000-09-09	0.93	0.153846153846
253	253	2000-09-10	0.93	0.153846153846
254	254	2000-09-11	0.94	0.230769230769
255	255	2000-09-12	0.94	0.230769230769
256	256	2000-09-13	0.93	0.153846153846
257	257	2000-09-14	0.93	0.153846153846
258	258	2000-09-15	0.93	0.153846153846
259	259	2000-09-16	0.94	0.230769230769
260	260	2000-09-17	0.94	0.230769230769
261	261	2000-09-18	0.95	0.307692307692
262	262	2000-09-19	0.94	0.230769230769
263	263	2000-09-20	0.93	0.153846153846
264	264	2000-09-21	0.93	0.153846153846
265	265	2000-09-22	0.94	0.230769230769
266	266	2000-09-23	0.95	0.307692307692
267	267	2000-09-24	0.95	0.307692307692
268	268	2000-09-25	0.95	0.307692307692
269	269	2000-09-26	0.95	0.307692307692
270	270	2000-09-27	0.95	0.307692307692
271	271	2000-09-28	0.95	0.307692307692
272	272	2000-09-29	0.95	0.307692307692
273	273	2000-09-30	0.95	0.307692307692
274	274	2000-10-01	0.94	0.230769230769
275	275	2000-10-02	0.94	0.230769230769
276	276	2000-10-03	0.94	0.230769230769
277	277	2000-10-04	0.94	0.230769230769
278	278	2000-10-05	0.93	0.153846153846
279	279	2000-10-06	0.93	0.153846153846
280	280	2000-10-07	0.93	0.153846153846
281	281	2000-10-08	1.0	0.692307692308
282	282	2000-10-09	1.04	1.0
283	283	2000-10-10	1.04	1.0
284	284	2000-10-11	1.04	1.0
285	285	2000-10-12	0.99	0.615384615385
286	286	2000-10-13	0.99	0.615384615385
287	287	2000-10-14	0.99	0.615384615385
288	288	2000-10-15	1.04	1.0
289	289	2000-10-16	1.04	1.0
290	290	2000-10-17	1.04	1.0
291	291	2000-10-18	0.99	0.615384615385
292	292	2000-10-19	0.99	0.615384615385
293	293	2000-10-20	0.99	0.615384615385
294	294	2000-10-21	0.98	0.538461538462
295	295	2000-10-22	1.04	1.0
296	296	2000-10-23	1.0	0.692307692308
297	297	2000-10-24	0.99	0.615384615385
298	298	2000-10-25	0.98	0.538461538462
299	299	2000-10-26	0.97	0.461538461538
300	300	2000-10-27	0.99	0.615384615385
301	301	2000-10-28	1.04	1.0
302	302	2000-10-29	1.04	1.0
303	303	2000-10-30	1.04	1.0
304	304	2000-10-31	1.04	1.0
305	305	2000-11-01	1.0	0.692307692308
306	306	2000-11-02	1.04	1.0
307	307	2000-11-03	1.04	1.0
308	308	2000-11-04	0.99	0.615384615385
309	309	2000-11-05	1.04	1.0
310	310	2000-11-06	1.04	1.0
311	311	2000-11-07	0.98	0.538461538462
312	312	2000-11-08	0.97	0.461538461538
313	313	2000-11-09	0.98	0.538461538462
314	314	2000-11-10	1.04	1.0
315	315	2000-11-11	1.04	1.0
316	316	2000-11-12	1.04	1.0
317	317	2000-11-13	1.0	0.692307692308
318	318	2000-11-14	0.99	0.615384615385
319	319	2000-11-15	0.99	0.615384615385
320	320	2000-11-16	1.0	0.692307692308
321	321	2000-11-17	1.04	1.0
322	322	2000-11-18	1.0	0.692307692308
323	323	2000-11-19	1.04	1.0
324	324	2000-11-20	1.04	1.0
325	325	2000-11-21	1.0	0.692307692308
326	326	2000-11-22	0.98	0.538461538462
327	327	2000-11-23	0.98	0.538461538462
328	328	2000-11-24	1.04	1.0
329	329	2000-11-25	1.04	1.0
330	330	2000-11-26	0.98	0.538461538462
331	331	2000-11-27	0.97	0.461538461538
332	332	2000-11-28	0.97	0.461538461538
333	333	2000-11-29	0.97	0.461538461538
334	334	2000-11-30	0.96	0.384615384615
335	335	2000-12-01	0.97	0.461538461538
336	336	2000-12-02	0.97	0.461538461538
337	337	2000-12-03	0.97	0.461538461538
338	338	2000-12-04	0.98	0.538461538462
339	339	2000-12-05	0.99	0.615384615385
340	340	2000-12-06	0.97	0.461538461538
341	341	2000-12-07	0.97	0.461538461538
342	342	2000-12-08	0.99	0.615384615385
343	343	2000-12-09	0.95	0.307692307692
344	344	2000-12-10	0.97	0.461538461538
345	345	2000-12-11	1.04	1.0
346	346	2000-12-12	0.99	0.615384615385
347	347	2000-12-13	0.99	0.615384615385
348	348	2000-12-14	1.04	1.0
349	349	2000-12-15	1.04	1.0
350	350	2000-12-16	1.04	1.0
351	351	2000-12-17	1.04	1.0
352	352	2000-12-18	0.98	0.538461538462
353	353	2000-12-19	1.04	1.0
354	354	2000-12-20	1.0	0.692307692308
355	355	2000-12-21	0.98	0.538461538462
356	356	2000-12-22	0.99	0.615384615385
357	357	2000-12-23	0.96	0.384615384615
358	358	2000-12-24	0.95	0.307692307692
359	359	2000-12-25	0.96	0.384615384615
360	360	2000-12-26	0.96	0.384615384615
361	361	2000-12-27	0.96	0.384615384615
362	362	2000-12-28	1.04	1.0
363	363	2000-12-29	1.04	1.0
364	364	2000-12-30	1.04	1.0
365	365	2000-12-31	1.04	1.0
366	366	2001-01-01	1.04	1.0
367	367	2001-01-02	1.04	1.0
368	368	2001-01-03	1.04	1.0
369	369	2001-01-04	1.04	1.0
370	370	2001-01-05	1.04	1.0
371	371	2001-01-06	1.04	1.0
372	372	2001-01-07	1.04	1.0
373	373	2001-01-08	1.04	1.0
374	374	2001-01-09	1.0	0.692307692308
375	375	2001-01-10	0.99	0.615384615385
376	376	2001-01-11	0.97	0.461538461538
377	377	2001-01-12	0.97	0.461538461538
378	378	2001-01-13	0.97	0.461538461538
379	379	2001-01-14	0.98	0.538461538462
380	380	2001-01-15	1.04	1.0
381	381	2001-01-16	1.04	1.0
382	382	2001-01-17	1.04	1.0
383	383	2001-01-18	1.04	1.0
384	384	2001-01-19	1.04	1.0
385	385	2001-01-20	1.04	1.0
386	386	2001-01-21	1.04	1.0
387	387	2001-01-22	1.04	1.0
388	388	2001-01-23	1.04	1.0
389	389	2001-01-24	1.04	1.0
390	390	2001-01-25	1.04	1.0
391	391	2001-01-26	1.0	0.692307692308
392	392	2001-01-27	1.04	1.0
393	393	2001-01-28	1.04	1.0
394	394	2001-01-29	1.04	1.0
395	395	2001-01-30	1.04	1.0
396	396	2001-01-31	1.04	1.0
397	397	2001-02-01	1.04	1.0
398	398	2001-02-02	1.04	1.0
399	399	2001-02-03	0.99	0.615384615385
400	400	2001-02-04	0.98	0.538461538462
401	401	2001-02-05	1.04	1.0
402	402	2001-02-06	1.04	1.0
403	403	2001-02-07	1.04	1.0
404	404	2001-02-08	1.04	1.0
405	405	2001-02-09	1.0	0.692307692308
406	406	2001-02-10	0.97	0.461538461538
407	407	2001-02-11	0.97	0.461538461538
408	408	2001-02-12	0.97	0.461538461538
409	409	2001-02-13	0.98	0.538461538462
410	410	2001-02-14	0.98	0.538461538462
411	411	2001-02-15	0.97	0.461538461538
412	412	2001-02-16	0.97	0.461538461538
413	413	2001-02-17	0.97	0.461538461538
414	414	2001-02-18	0.97	0.461538461538
415	415	2001-02-19	0.97	0.461538461538
416	416	2001-02-20	0.96	0.384615384615
417	417	2001-02-21	0.96	0.384615384615
418	418	2001-02-22	0.96	0.384615384615
419	419	2001-02-23	0.96	0.384615384615
420	420	2001-02-24	0.96	0.384615384615
421	421	2001-02-25	0.96	0.384615384615
422	422	2001-02-26	0.96	0.384615384615
423	423	2001-02-27	0.96	0.384615384615
424	424	2001-02-28	0.99	0.615384615385
425	425	2001-03-01	0.99	0.615384615385
426	426	2001-03-02	1.04	1.0
427	427	2001-03-03	1.04	1.0
428	428	2001-03-04	1.04	1.0
429	429	2001-03-05	1.04	1.0
430	430	2001-03-06	1.04	1.0
431	431	2001-03-07	1.0	0.692307692308
432	432	2001-03-08	0.99	0.615384615385
433	433	2001-03-09	0.99	0.615384615385
434	434	2001-03-10	0.99	0.615384615385
435	435	2001-03-11	0.99	0.615384615385
436	436	2001-03-12	0.99	0.615384615385
437	437	2001-03-13	0.99	0.615384615385
438	438	2001-03-14	0.99	0.615384615385
439	439	2001-03-15	0.99	0.615384615385
440	440	2001-03-16	0.98	0.538461538462
441	441	2001-03-17	0.98	0.538461538462
442	442	2001-03-18	0.98	0.538461538462
443	443	2001-03-19	0.98	0.538461538462
444	444	2001-03-20	0.98	0.538461538462
445	445	2001-03-21	0.98	0.538461538462
446	446	2001-03-22	0.98	0.538461538462
447	447	2001-03-23	0.98	0.538461538462
448	448	2001-03-24	0.97	0.461538461538
449	449	2001-03-25	0.97	0.461538461538
450	450	2001-03-26	0.96	0.384615384615
451	451	2001-03-27	0.95	0.307692307692
452	452	2001-03-28	0.94	0.230769230769
453	453	2001-03-29	0.94	0.230769230769
454	454	2001-03-30	0.95	0.307692307692
455	455	2001-03-31	0.98	0.538461538462
456	456	2001-04-01	1.04	1.0
457	457	2001-04-02	1.04	1.0
458	458	2001-04-03	0.99	0.615384615385
459	459	2001-04-04	1.04	1.0
460	460	2001-04-05	1.04	1.0
461	461	2001-04-06	1.04	1.0
462	462	2001-04-07	1.04	1.0
463	463	2001-04-08	1.04	1.0
464	464	2001-04-09	0.99	0.615384615385
465	465	2001-04-10	0.97	0.461538461538
466	466	2001-04-11	0.96	0.384615384615
467	467	2001-04-12	0.97	0.461538461538
468	468	2001-04-13	0.99	0.615384615385
469	469	2001-04-14	0.98	0.538461538462
470	470	2001-04-15	0.95	0.307692307692
471	471	2001-04-16	0.94	0.230769230769
472	472	2001-04-17	0.94	0.230769230769
473	473	2001-04-18	0.94	0.230769230769
474	474	2001-04-19	0.94	0.230769230769
475	475	2001-04-20	1.0	0.692307692308
476	476	2001-04-21	1.04	1.0
477	477	2001-04-22	0.99	0.615384615385
478	478	2001-04-23	0.98	0.538461538462
479	479	2001-04-24	0.96	0.384615384615
480	480	2001-04-25	0.95	0.307692307692
481	481	2001-04-26	0.95	0.307692307692
482	482	2001-04-27	0.95	0.307692307692
483	483	2001-04-28	0.95	0.307692307692
484	484	2001-04-29	0.95	0.307692307692
485	485	2001-04-30	0.97	0.461538461538
486	486	2001-05-01	0.97	0.461538461538
487	487	2001-05-02	0.97	0.461538461538
488	488	2001-05-03	0.96	0.384615384615
489	489	2001-05-04	0.95	0.307692307692
490	490	2001-05-05	0.94	0.230769230769
491	491	2001-05-06	0.93	0.153846153846
492	492	2001-05-07	0.93	0.153846153846
493	493	2001-05-08	0.93	0.153846153846
494	494	2001-05-09	0.94	0.230769230769
495	495	2001-05-10	0.95	0.307692307692
496	496	2001-05-11	0.95	0.307692307692
497	497	2001-05-12	0.95	0.307692307692
498	498	2001-05-13	0.95	0.307692307692
499	499	2001-05-14	0.94	0.230769230769
500	500	2001-05-15	0.94	0.230769230769
501	501	2001-05-16	0.93	0.153846153846
502	502	2001-05-17	0.96	0.384615384615
503	503	2001-05-18	0.96	0.384615384615
504	504	2001-05-19	0.94	0.230769230769
505	505	2001-05-20	0.94	0.230769230769
506	506	2001-05-21	0.93	0.153846153846
507	507	2001-05-22	0.93	0.153846153846
508	508	2001-05-23	0.93	0.153846153846
509	509	2001-05-24	0.93	0.153846153846
510	510	2001-05-25	0.95	0.307692307692
511	511	2001-05-26	0.95	0.307692307692
512	512	2001-05-27	0.94	0.230769230769
513	513	2001-05-28	0.94	0.230769230769
514	514	2001-05-29	0.93	0.153846153846
515	515	2001-05-30	0.93	0.153846153846
516	516	2001-05-31	0.93	0.153846153846
517	517	2001-06-01	0.93	0.153846153846
518	518	2001-06-02	0.93	0.153846153846
519	519	2001-06-03	0.93	0.153846153846
520	520	2001-06-04	0.92	0.0769230769231
521	521	2001-06-05	0.93	0.153846153846
522	522	2001-06-06	0.93	0.153846153846
523	523	2001-06-07	0.93	0.153846153846
524	524	2001-06-08	0.93	0.153846153846
525	525	2001-06-09	0.93	0.153846153846
526	526	2001-06-10	0.93	0.153846153846
527	527	2001-06-11	0.93	0.153846153846
528	528	2001-06-12	0.93	0.153846153846
529	529	2001-06-13	0.93	0.153846153846
530	530	2001-06-14	0.93	0.153846153846
531	531	2001-06-15	0.93	0.153846153846
532	532	2001-06-16	0.93	0.153846153846
533	533	2001-06-17	0.92	0.0769230769231
534	534	2001-06-18	0.92	0.0769230769231
535	535	2001-06-19	0.92	0.0769230769231
536	536	2001-06-20	0.92	0.0769230769231
537	537	2001-06-21	0.92	0.0769230769231
538	538	2001-06-22	0.92	0.0769230769231
539	539	2001-06-23	0.92	0.0769230769231
540	540	2001-06-24	0.91	0.0
541	541	2001-06-25	0.91	0.0
542	542	2001-06-26	0.92	0.0769230769231
543	543	2001-06-27	0.91	0.0
544	544	2001-06-28	0.92	0.0769230769231
545	545	2001-06-29	0.92	0.0769230769231
546	546	2001-06-30	0.92	0.0769230769231
547	547	2001-07-01	0.92	0.0769230769231
548	548	2001-07-02	0.92	0.0769230769231
549	549	2001-07-03	0.92	0.0769230769231
550	550	2001-07-04	0.92	0.0769230769231
551	551	2001-07-05	0.92	0.0769230769231
552	552	2001-07-06	0.93	0.153846153846
553	553	2001-07-07	0.93	0.153846153846
554	554	2001-07-08	0.93	0.153846153846
555	555	2001-07-09	0.93	0.153846153846
556	556	2001-07-10	0.93	0.153846153846
557	557	2001-07-11	0.93	0.153846153846
558	558	2001-07-12	0.92	0.0769230769231
559	559	2001-07-13	0.93	0.153846153846
560	560	2001-07-14	0.93	0.153846153846
561	561	2001-07-15	0.92	0.0769230769231
562	562	2001-07-16	0.93	0.153846153846
563	563	2001-07-17	0.93	0.153846153846
564	564	2001-07-18	0.93	0.153846153846
565	565	2001-07-19	0.93	0.153846153846
566	566	2001-07-20	0.92	0.0769230769231
567	567	2001-07-21	0.93	0.153846153846
568	568	2001-07-22	0.93	0.153846153846
569	569	2001-07-23	0.92	0.0769230769231
570	570	2001-07-24	0.92	0.0769230769231
571	571	2001-07-25	0.93	0.153846153846
572	572	2001-07-26	0.93	0.153846153846
573	573	2001-07-27	0.92	0.0769230769231
574	574	2001-07-28	0.92	0.0769230769231
575	575	2001-07-29	0.93	0.153846153846
576	576	2001-07-30	0.93	0.153846153846
577	577	2001-07-31	0.93	0.153846153846
578	578	2001-08-01	0.93	0.153846153846
579	579	2001-08-02	0.92	0.0769230769231
580	580	2001-08-03	0.93	0.153846153846
581	581	2001-08-04	0.93	0.153846153846
582	582	2001-08-05	0.93	0.153846153846
583	583	2001-08-06	0.93	0.153846153846
584	584	2001-08-07	0.93	0.153846153846
585	585	2001-08-08	0.93	0.153846153846
586	586	2001-08-09	0.92	0.0769230769231
587	587	2001-08-10	0.92	0.0769230769231
588	588	2001-08-11	0.93	0.153846153846
589	589	2001-08-12	0.93	0.153846153846
590	590	2001-08-13	0.92	0.0769230769231
591	591	2001-08-14	0.92	0.0769230769231
592	592	2001-08-15	0.92	0.0769230769231
593	593	2001-08-16	0.92	0.0769230769231
594	594	2001-08-17	0.92	0.0769230769231
595	595	2001-08-18	0.92	0.0769230769231
596	596	2001-08-19	0.92	0.0769230769231
597	597	2001-08-20	0.92	0.0769230769231
598	598	2001-08-21	0.93	0.153846153846
599	599	2001-08-22	0.92	0.0769230769231
600	600	2001-08-23	0.92	0.0769230769231
601	601	2001-08-24	0.92	0.0769230769231
602	602	2001-08-25	0.92	0.0769230769231
603	603	2001-08-26	0.92	0.0769230769231
604	604	2001-08-27	0.93	0.153846153846
605	605	2001-08-28	0.94	0.230769230769
606	606	2001-08-29	0.98	0.538461538462
607	607	2001-08-30	0.98	0.538461538462
608	608	2001-08-31	0.98	0.538461538462
609	609	2001-09-01	0.98	0.538461538462
610	610	2001-09-02	0.96	0.384615384615
611	611	2001-09-03	0.95	0.307692307692
612	612	2001-09-04	0.94	0.230769230769
613	613	2001-09-05	0.93	0.153846153846
614	614	2001-09-06	0.93	0.153846153846
615	615	2001-09-07	0.93	0.153846153846
616	616	2001-09-08	0.93	0.153846153846
617	617	2001-09-09	0.93	0.153846153846
618	618	2001-09-10	0.93	0.153846153846
619	619	2001-09-11	0.94	0.230769230769
620	620	2001-09-12	0.94	0.230769230769
621	621	2001-09-13	0.93	0.153846153846
622	622	2001-09-14	0.93	0.153846153846
623	623	2001-09-15	0.93	0.153846153846
624	624	2001-09-16	0.94	0.230769230769
625	625	2001-09-17	0.94	0.230769230769
626	626	2001-09-18	0.95	0.307692307692
627	627	2001-09-19	0.94	0.230769230769
628	628	2001-09-20	0.94	0.230769230769
629	629	2001-09-21	0.94	0.230769230769
630	630	2001-09-22	0.94	0.230769230769
631	631	2001-09-23	0.94	0.230769230769
632	632	2001-09-24	0.94	0.230769230769
633	633	2001-09-25	0.94	0.230769230769
634	634	2001-09-26	0.93	0.153846153846
635	635	2001-09-27	0.93	0.153846153846
636	636	2001-09-28	0.93	0.153846153846
637	637	2001-09-29	0.95	0.307692307692
638	638	2001-09-30	0.97	0.461538461538
639	639	2001-10-01	0.96	0.384615384615
640	640	2001-10-02	0.94	0.230769230769
641	641	2001-10-03	0.93	0.153846153846
642	642	2001-10-04	0.93	0.153846153846
643	643	2001-10-05	0.95	0.307692307692
644	644	2001-10-06	0.99	0.615384615385
645	645	2001-10-07	0.99	0.615384615385
646	646	2001-10-08	0.99	0.615384615385
647	647	2001-10-09	0.98	0.538461538462
648	648	2001-10-10	0.98	0.538461538462
649	649	2001-10-11	0.97	0.461538461538
650	650	2001-10-12	0.96	0.384615384615
651	651	2001-10-13	0.96	0.384615384615
652	652	2001-10-14	0.96	0.384615384615
653	653	2001-10-15	0.96	0.384615384615
654	654	2001-10-16	0.96	0.384615384615
655	655	2001-10-17	0.98	0.538461538462
656	656	2001-10-18	0.98	0.538461538462
657	657	2001-10-19	0.99	0.615384615385
658	658	2001-10-20	1.0	0.692307692308
659	659	2001-10-21	1.0	0.692307692308
660	660	2001-10-22	0.99	0.615384615385
661	661	2001-10-23	0.96	0.384615384615
662	662	2001-10-24	0.96	0.384615384615
663	663	2001-10-25	0.98	0.538461538462
664	664	2001-10-26	0.99	0.615384615385
665	665	2001-10-27	0.98	0.538461538462
666	666	2001-10-28	0.97	0.461538461538
667	667	2001-10-29	0.98	0.538461538462
668	668	2001-10-30	0.99	0.615384615385
669	669	2001-10-31	1.0	0.692307692308
670	670	2001-11-01	1.0	0.692307692308
671	671	2001-11-02	1.0	0.692307692308
672	672	2001-11-03	1.04	1.0
673	673	2001-11-04	1.04	1.0
674	674	2001-11-05	1.04	1.0
675	675	2001-11-06	0.99	0.615384615385
676	676	2001-11-07	0.98	0.538461538462
677	677	2001-11-08	0.97	0.461538461538
678	678	2001-11-09	0.97	0.461538461538
679	679	2001-11-10	0.97	0.461538461538
680	680	2001-11-11	0.98	0.538461538462
681	681	2001-11-12	0.98	0.538461538462
682	682	2001-11-13	1.04	1.0
683	683	2001-11-14	1.04	1.0
684	684	2001-11-15	1.04	1.0
685	685	2001-11-16	1.04	1.0
686	686	2001-11-17	1.04	1.0
687	687	2001-11-18	1.0	0.692307692308
688	688	2001-11-19	0.98	0.538461538462
689	689	2001-11-20	0.98	0.538461538462
690	690	2001-11-21	0.96	0.384615384615
691	691	2001-11-22	1.04	1.0
692	692	2001-11-23	1.04	1.0
693	693	2001-11-24	1.04	1.0
694	694	2001-11-25	1.04	1.0
695	695	2001-11-26	1.04	1.0
696	696	2001-11-27	1.0	0.692307692308
697	697	2001-11-28	1.0	0.692307692308
698	698	2001-11-29	1.04	1.0
699	699	2001-11-30	1.04	1.0
700	700	2001-12-01	1.04	1.0
701	701	2001-12-02	1.04	1.0
702	702	2001-12-03	1.04	1.0
703	703	2001-12-04	1.04	1.0
704	704	2001-12-05	1.04	1.0
705	705	2001-12-06	1.04	1.0
706	706	2001-12-07	1.04	1.0
707	707	2001-12-08	1.04	1.0
708	708	2001-12-09	1.04	1.0
709	709	2001-12-10	1.04	1.0
710	710	2001-12-11	1.04	1.0
711	711	2001-12-12	1.04	1.0
712	712	2001-12-13	1.04	1.0
713	713	2001-12-14	1.04	1.0
714	714	2001-12-15	1.04	1.0
715	715	2001-12-16	1.04	1.0
716	716	2001-12-17	1.04	1.0
717	717	2001-12-18	1.04	1.0
718	718	2001-12-19	1.04	1.0
719	719	2001-12-20	1.04	1.0
720	720	2001-12-21	1.04	1.0
721	721	2001-12-22	1.04	1.0
722	722	2001-12-23	0.99	0.615384615385
723	723	2001-12-24	1.0	0.692307692308
724	724	2001-12-25	1.04	1.0
725	725	2001-12-26	1.04	1.0
726	726	2001-12-27	1.04	1.0
727	727	2001-12-28	1.04	1.0
728	728	2001-12-29	1.04	1.0
729	729	2001-12-30	1.04	1.0
730	730	2001-12-31	1.04	1.0
731	731	2002-01-01	1.04	1.0
732	732	2002-01-02	1.04	1.0
733	733	2002-01-03	1.04	1.0
734	734	2002-01-04	1.04	1.0
735	735	2002-01-05	1.04	1.0
736	736	2002-01-06	1.04	1.0
737	737	2002-01-07	1.04	1.0
738	738	2002-01-08	1.04	1.0
739	739	2002-01-09	1.04	1.0
740	740	2002-01-10	1.04	1.0
741	741	2002-01-11	1.04	1.0
742	742	2002-01-12	1.04	1.0
743	743	2002-01-13	1.04	1.0
744	744	2002-01-14	1.04	1.0
745	745	2002-01-15	1.04	1.0
746	746	2002-01-16	1.04	1.0
747	747	2002-01-17	1.04	1.0
748	748	2002-01-18	1.04	1.0
749	749	2002-01-19	1.04	1.0
750	750	2002-01-20	1.04	1.0
751	751	2002-01-21	0.99	0.615384615385
752	752	2002-01-22	1.04	1.0
753	753	2002-01-23	1.04	1.0
754	754	2002-01-24	1.04	1.0
755	755	2002-01-25	1.04	1.0
756	756	2002-01-26	1.04	1.0
757	757	2002-01-27	0.99	0.615384615385
758	758	2002-01-28	0.99	0.615384615385
759	759	2002-01-29	1.04	1.0
760	760	2002-01-30	1.04	1.0
761	761	2002-01-31	1.04	1.0
762	762	2002-02-01	1.04	1.0
763	763	2002-02-02	1.04	1.0
764	764	2002-02-03	1.04	1.0
765	765	2002-02-04	1.04	1.0
766	766	2002-02-05	1.04	1.0
767	767	2002-02-06	1.0	0.692307692308
768	768	2002-02-07	0.99	0.615384615385
769	769	2002-02-08	0.99	0.615384615385
770	770	2002-02-09	0.99	0.615384615385
771	771	2002-02-10	1.04	1.0
772	772	2002-02-11	1.04	1.0
773	773	2002-02-12	1.04	1.0
774	774	2002-02-13	1.04	1.0
775	775	2002-02-14	1.04	1.0
776	776	2002-02-15	1.04	1.0
777	777	2002-02-16	1.04	1.0
778	778	2002-02-17	1.04	1.0
779	779	2002-02-18	1.04	1.0
780	780	2002-02-19	1.04	1.0
781	781	2002-02-20	1.04	1.0
782	782	2002-02-21	1.04	1.0
783	783	2002-02-22	1.04	1.0
784	784	2002-02-23	1.04	1.0
785	785	2002-02-24	1.04	1.0
786	786	2002-02-25	1.04	1.0
787	787	2002-02-26	1.04	1.0
788	788	2002-02-27	0.98	0.538461538462
789	789	2002-02-28	0.98	0.538461538462
790	790	2002-03-01	0.96	0.384615384615
791	791	2002-03-02	0.97	0.461538461538
792	792	2002-03-03	1.04	1.0
793	793	2002-03-04	1.04	1.0
794	794	2002-03-05	1.04	1.0
795	795	2002-03-06	1.04	1.0
796	796	2002-03-07	1.04	1.0
797	797	2002-03-08	0.98	0.538461538462
798	798	2002-03-09	1.04	1.0
799	799	2002-03-10	1.04	1.0
800	800	2002-03-11	1.04	1.0
801	801	2002-03-12	1.04	1.0
802	802	2002-03-13	1.04	1.0
803	803	2002-03-14	1.04	1.0
804	804	2002-03-15	1.04	1.0
805	805	2002-03-16	1.04	1.0
806	806	2002-03-17	1.0	0.692307692308
807	807	2002-03-18	1.04	1.0
808	808	2002-03-19	1.04	1.0
809	809	2002-03-20	1.04	1.0
810	810	2002-03-21	1.04	1.0
811	811	2002-03-22	1.0	0.692307692308
812	812	2002-03-23	1.0	0.692307692308
813	813	2002-03-24	0.99	0.615384615385
814	814	2002-03-25	1.0	0.692307692308
815	815	2002-03-26	1.04	1.0
816	816	2002-03-27	1.04	1.0
817	817	2002-03-28	1.04	1.0
818	818	2002-03-29	1.0	0.692307692308
819	819	2002-03-30	1.0	0.692307692308
820	820	2002-03-31	1.04	1.0
821	821	2002-04-01	1.04	1.0
822	822	2002-04-02	1.04	1.0
823	823	2002-04-03	0.99	0.615384615385
824	824	2002-04-04	0.98	0.538461538462
825	825	2002-04-05	0.98	0.538461538462
826	826	2002-04-06	1.0	0.692307692308
827	827	2002-04-07	1.0	0.692307692308
828	828	2002-04-08	0.99	0.615384615385
829	829	2002-04-09	0.99	0.615384615385
830	830	2002-04-10	0.98	0.538461538462
831	831	2002-04-11	0.94	0.230769230769
832	832	2002-04-12	0.94	0.230769230769
833	833	2002-04-13	0.94	0.230769230769
834	834	2002-04-14	1.04	1.0
835	835	2002-04-15	1.04	1.0
836	836	2002-04-16	1.04	1.0
837	837	2002-04-17	1.04	1.0
838	838	2002-04-18	1.0	0.692307692308
839	839	2002-04-19	0.96	0.384615384615
840	840	2002-04-20	0.96	0.384615384615
841	841	2002-04-21	0.95	0.307692307692
842	842	2002-04-22	0.96	0.384615384615
843	843	2002-04-23	0.96	0.384615384615
844	844	2002-04-24	0.96	0.384615384615
845	845	2002-04-25	0.97	0.461538461538
846	846	2002-04-26	0.98	0.538461538462
847	847	2002-04-27	0.98	0.538461538462
848	848	2002-04-28	0.98	0.538461538462
849	849	2002-04-29	0.98	0.538461538462
850	850	2002-04-30	0.98	0.538461538462
851	851	2002-05-01	0.98	0.538461538462
852	852	2002-05-02	0.97	0.461538461538
853	853	2002-05-03	0.96	0.384615384615
854	854	2002-05-04	0.96	0.384615384615
855	855	2002-05-05	0.95	0.307692307692
856	856	2002-05-06	0.96	0.384615384615
857	857	2002-05-07	0.97	0.461538461538
858	858	2002-05-08	0.98	0.538461538462
859	859	2002-05-09	0.96	0.384615384615
860	860	2002-05-10	0.95	0.307692307692
861	861	2002-05-11	0.95	0.307692307692
862	862	2002-05-12	0.95	0.307692307692
863	863	2002-05-13	0.96	0.384615384615
864	864	2002-05-14	0.96	0.384615384615
865	865	2002-05-15	0.95	0.307692307692
866	866	2002-05-16	0.95	0.307692307692
867	867	2002-05-17	0.96	0.384615384615
868	868	2002-05-18	0.95	0.307692307692
869	869	2002-05-19	0.96	0.384615384615
870	870	2002-05-20	0.96	0.384615384615
871	871	2002-05-21	0.96	0.384615384615
872	872	2002-05-22	0.96	0.384615384615
873	873	2002-05-23	0.95	0.307692307692
874	874	2002-05-24	0.96	0.384615384615
875	875	2002-05-25	0.95	0.307692307692
876	876	2002-05-26	0.94	0.230769230769
877	877	2002-05-27	0.93	0.153846153846
878	878	2002-05-28	0.93	0.153846153846
879	879	2002-05-29	0.94	0.230769230769
880	880	2002-05-30	0.94	0.230769230769
881	881	2002-05-31	0.94	0.230769230769
882	882	2002-06-01	0.95	0.307692307692
883	883	2002-06-02	0.95	0.307692307692
884	884	2002-06-03	0.95	0.307692307692
885	885	2002-06-04	0.94	0.230769230769
886	886	2002-06-05	0.94	0.230769230769
887	887	2002-06-06	0.93	0.153846153846
888	888	2002-06-07	0.93	0.153846153846
889	889	2002-06-08	0.93	0.153846153846
890	890	2002-06-09	0.94	0.230769230769
891	891	2002-06-10	0.94	0.230769230769
892	892	2002-06-11	0.94	0.230769230769
893	893	2002-06-12	0.96	0.384615384615
894	894	2002-06-13	0.98	0.538461538462
895	895	2002-06-14	0.96	0.384615384615
896	896	2002-06-15	0.95	0.307692307692
897	897	2002-06-16	0.93	0.153846153846
898	898	2002-06-17	0.92	0.0769230769231
899	899	2002-06-18	0.92	0.0769230769231
900	900	2002-06-19	0.92	0.0769230769231
901	901	2002-06-20	0.93	0.153846153846
902	902	2002-06-21	0.93	0.153846153846
903	903	2002-06-22	0.93	0.153846153846
904	904	2002-06-23	0.93	0.153846153846
905	905	2002-06-24	0.93	0.153846153846
906	906	2002-06-25	0.94	0.230769230769
907	907	2002-06-26	0.97	0.461538461538
908	908	2002-06-27	0.95	0.307692307692
909	909	2002-06-28	0.94	0.230769230769
910	910	2002-06-29	0.94	0.230769230769
911	911	2002-06-30	0.94	0.230769230769
912	912	2002-07-01	0.94	0.230769230769
913	913	2002-07-02	0.94	0.230769230769
914	914	2002-07-03	0.94	0.230769230769
915	915	2002-07-04	0.92	0.0769230769231
916	916	2002-07-05	0.91	0.0
917	917	2002-07-06	0.92	0.0769230769231
918	918	2002-07-07	0.92	0.0769230769231
919	919	2002-07-08	0.92	0.0769230769231
920	920	2002-07-09	0.92	0.0769230769231
921	921	2002-07-10	0.93	0.153846153846
922	922	2002-07-11	0.93	0.153846153846
923	923	2002-07-12	0.93	0.153846153846
924	924	2002-07-13	0.93	0.153846153846
925	925	2002-07-14	0.93	0.153846153846
926	926	2002-07-15	0.93	0.153846153846
927	927	2002-07-16	0.93	0.153846153846
928	928	2002-07-17	0.93	0.153846153846
929	929	2002-07-18	0.93	0.153846153846
930	930	2002-07-19	0.92	0.0769230769231
931	931	2002-07-20	0.92	0.0769230769231
932	932	2002-07-21	0.93	0.153846153846
933	933	2002-07-22	0.93	0.153846153846
934	934	2002-07-23	0.93	0.153846153846
935	935	2002-07-24	0.92	0.0769230769231
936	936	2002-07-25	0.93	0.153846153846
937	937	2002-07-26	0.93	0.153846153846
938	938	2002-07-27	0.93	0.153846153846
939	939	2002-07-28	0.93	0.153846153846
940	940	2002-07-29	0.92	0.0769230769231
941	941	2002-07-30	0.92	0.0769230769231
942	942	2002-07-31	0.93	0.153846153846
943	943	2002-08-01	0.93	0.153846153846
944	944	2002-08-02	0.92	0.0769230769231
945	945	2002-08-03	0.92	0.0769230769231
946	946	2002-08-04	0.92	0.0769230769231
947	947	2002-08-05	0.93	0.153846153846
948	948	2002-08-06	0.93	0.153846153846
949	949	2002-08-07	0.92	0.0769230769231
950	950	2002-08-08	0.93	0.153846153846
951	951	2002-08-09	0.92	0.0769230769231
952	952	2002-08-10	0.92	0.0769230769231
953	953	2002-08-11	0.92	0.0769230769231
954	954	2002-08-12	0.92	0.0769230769231
955	955	2002-08-13	0.92	0.0769230769231
956	956	2002-08-14	0.92	0.0769230769231
957	957	2002-08-15	0.92	0.0769230769231
958	958	2002-08-16	0.92	0.0769230769231
959	959	2002-08-17	0.92	0.0769230769231
960	960	2002-08-18	0.93	0.153846153846
961	961	2002-08-19	0.93	0.153846153846
962	962	2002-08-20	0.93	0.153846153846
963	963	2002-08-21	0.93	0.153846153846
964	964	2002-08-22	0.93	0.153846153846
965	965	2002-08-23	0.93	0.153846153846
966	966	2002-08-24	0.94	0.230769230769
967	967	2002-08-25	0.93	0.153846153846
968	968	2002-08-26	0.92	0.0769230769231
969	969	2002-08-27	0.92	0.0769230769231
970	970	2002-08-28	0.93	0.153846153846
971	971	2002-08-29	0.93	0.153846153846
972	972	2002-08-30	0.93	0.153846153846
973	973	2002-08-31	0.94	0.230769230769
974	974	2002-09-01	0.94	0.230769230769
975	975	2002-09-02	0.94	0.230769230769
976	976	2002-09-03	0.94	0.230769230769
977	977	2002-09-04	0.94	0.230769230769
978	978	2002-09-05	0.93	0.153846153846
979	979	2002-09-06	0.93	0.153846153846
980	980	2002-09-07	0.92	0.0769230769231
981	981	2002-09-08	0.92	0.0769230769231
982	982	2002-09-09	0.93	0.153846153846
983	983	2002-09-10	0.94	0.230769230769
984	984	2002-09-11	0.94	0.230769230769
985	985	2002-09-12	0.94	0.230769230769
986	986	2002-09-13	0.94	0.230769230769
987	987	2002-09-14	0.95	0.307692307692
988	988	2002-09-15	0.95	0.307692307692
989	989	2002-09-16	0.95	0.307692307692
990	990	2002-09-17	0.96	0.384615384615
991	991	2002-09-18	0.94	0.230769230769
992	992	2002-09-19	0.94	0.230769230769
993	993	2002-09-20	0.94	0.230769230769
994	994	2002-09-21	0.95	0.307692307692
995	995	2002-09-22	0.95	0.307692307692
996	996	2002-09-23	0.95	0.307692307692
997	997	2002-09-24	0.95	0.307692307692
998	998	2002-09-25	0.95	0.307692307692
999	999	2002-09-26	0.95	0.307692307692
1000	1000	2002-09-27	0.95	0.307692307692
1001	1001	2002-09-28	0.94	0.230769230769
1002	1002	2002-09-29	0.95	0.307692307692
1003	1003	2002-09-30	0.96	0.384615384615
1004	1004	2002-10-01	0.95	0.307692307692
1005	1005	2002-10-02	0.94	0.230769230769
1006	1006	2002-10-03	0.94	0.230769230769
1007	1007	2002-10-04	0.93	0.153846153846
1008	1008	2002-10-05	0.92	0.0769230769231
1009	1009	2002-10-06	0.93	0.153846153846
1010	1010	2002-10-07	0.95	0.307692307692
1011	1011	2002-10-08	0.95	0.307692307692
1012	1012	2002-10-09	0.96	0.384615384615
1013	1013	2002-10-10	0.96	0.384615384615
1014	1014	2002-10-11	0.96	0.384615384615
1015	1015	2002-10-12	0.95	0.307692307692
1016	1016	2002-10-13	0.95	0.307692307692
1017	1017	2002-10-14	0.95	0.307692307692
1018	1018	2002-10-15	0.97	0.461538461538
1019	1019	2002-10-16	0.97	0.461538461538
1020	1020	2002-10-17	0.95	0.307692307692
1021	1021	2002-10-18	0.95	0.307692307692
1022	1022	2002-10-19	0.97	0.461538461538
1023	1023	2002-10-20	0.98	0.538461538462
1024	1024	2002-10-21	0.98	0.538461538462
1025	1025	2002-10-22	0.95	0.307692307692
1026	1026	2002-10-23	1.04	1.0
1027	1027	2002-10-24	1.04	1.0
1028	1028	2002-10-25	1.04	1.0
1029	1029	2002-10-26	1.04	1.0
1030	1030	2002-10-27	1.04	1.0
1031	1031	2002-10-28	1.04	1.0
1032	1032	2002-10-29	1.04	1.0
1033	1033	2002-10-30	1.04	1.0
1034	1034	2002-10-31	1.0	0.692307692308
1035	1035	2002-11-01	0.98	0.538461538462
1036	1036	2002-11-02	0.97	0.461538461538
1037	1037	2002-11-03	0.97	0.461538461538
1038	1038	2002-11-04	0.98	0.538461538462
1039	1039	2002-11-05	0.99	0.615384615385
1040	1040	2002-11-06	1.04	1.0
1041	1041	2002-11-07	1.04	1.0
1042	1042	2002-11-08	1.04	1.0
1043	1043	2002-11-09	1.04	1.0
1044	1044	2002-11-10	1.04	1.0
1045	1045	2002-11-11	0.99	0.615384615385
1046	1046	2002-11-12	0.99	0.615384615385
1047	1047	2002-11-13	0.99	0.615384615385
1048	1048	2002-11-14	1.0	0.692307692308
1049	1049	2002-11-15	1.0	0.692307692308
1050	1050	2002-11-16	1.04	1.0
1051	1051	2002-11-17	0.99	0.615384615385
1052	1052	2002-11-18	0.98	0.538461538462
1053	1053	2002-11-19	0.98	0.538461538462
1054	1054	2002-11-20	1.04	1.0
1055	1055	2002-11-21	0.99	0.615384615385
1056	1056	2002-11-22	1.04	1.0
1057	1057	2002-11-23	1.04	1.0
1058	1058	2002-11-24	1.04	1.0
1059	1059	2002-11-25	1.04	1.0
1060	1060	2002-11-26	1.04	1.0
1061	1061	2002-11-27	1.04	1.0
1062	1062	2002-11-28	1.04	1.0
1063	1063	2002-11-29	0.99	0.615384615385
1064	1064	2002-11-30	1.04	1.0
1065	1065	2002-12-01	1.04	1.0
1066	1066	2002-12-02	0.99	0.615384615385
1067	1067	2002-12-03	0.98	0.538461538462
1068	1068	2002-12-04	1.04	1.0
1069	1069	2002-12-05	1.04	1.0
1070	1070	2002-12-06	1.0	0.692307692308
1071	1071	2002-12-07	0.98	0.538461538462
1072	1072	2002-12-08	1.04	1.0
1073	1073	2002-12-09	1.04	1.0
1074	1074	2002-12-10	1.04	1.0
1075	1075	2002-12-11	1.04	1.0
1076	1076	2002-12-12	1.04	1.0
1077	1077	2002-12-13	1.04	1.0
1078	1078	2002-12-14	1.04	1.0
1079	1079	2002-12-15	1.04	1.0
1080	1080	2002-12-16	1.04	1.0
1081	1081	2002-12-17	1.04	1.0
1082	1082	2002-12-18	1.04	1.0
1083	1083	2002-12-19	1.04	1.0
1084	1084	2002-12-20	1.04	1.0
1085	1085	2002-12-21	1.04	1.0
1086	1086	2002-12-22	1.04	1.0
1087	1087	2002-12-23	1.04	1.0
1088	1088	2002-12-24	1.04	1.0
1089	1089	2002-12-25	1.04	1.0
1090	1090	2002-12-26	1.04	1.0
1091	1091	2002-12-27	1.04	1.0
1092	1092	2002-12-28	1.04	1.0
1093	1093	2002-12-29	1.04	1.0
1094	1094	2002-12-30	1.04	1.0
1095	1095	2002-12-31	1.04	1.0
1096	1096	2003-01-01	1.04	1.0
1097	1097	2003-01-02	1.04	1.0
1098	1098	2003-01-03	0.99	0.615384615385
1099	1099	2003-01-04	0.99	0.615384615385
1100	1100	2003-01-05	0.99	0.615384615385
1101	1101	2003-01-06	0.99	0.615384615385
1102	1102	2003-01-07	1.0	0.692307692308
1103	1103	2003-01-08	1.04	1.0
1104	1104	2003-01-09	1.04	1.0
1105	1105	2003-01-10	1.04	1.0
1106	1106	2003-01-11	1.04	1.0
1107	1107	2003-01-12	1.04	1.0
1108	1108	2003-01-13	1.0	0.692307692308
1109	1109	2003-01-14	1.04	1.0
1110	1110	2003-01-15	1.04	1.0
1111	1111	2003-01-16	1.0	0.692307692308
1112	1112	2003-01-17	1.04	1.0
1113	1113	2003-01-18	1.04	1.0
1114	1114	2003-01-19	1.04	1.0
1115	1115	2003-01-20	1.04	1.0
1116	1116	2003-01-21	1.04	1.0
1117	1117	2003-01-22	1.04	1.0
1118	1118	2003-01-23	1.04	1.0
1119	1119	2003-01-24	1.04	1.0
1120	1120	2003-01-25	1.04	1.0
1121	1121	2003-01-26	1.04	1.0
1122	1122	2003-01-27	1.04	1.0
1123	1123	2003-01-28	1.04	1.0
1124	1124	2003-01-29	1.0	0.692307692308
1125	1125	2003-01-30	1.0	0.692307692308
1126	1126	2003-01-31	0.99	0.615384615385
1127	1127	2003-02-01	1.04	1.0
1128	1128	2003-02-02	1.04	1.0
1129	1129	2003-02-03	1.04	1.0
1130	1130	2003-02-04	1.04	1.0
1131	1131	2003-02-05	0.99	0.615384615385
1132	1132	2003-02-06	1.04	1.0
1133	1133	2003-02-07	1.04	1.0
1134	1134	2003-02-08	1.04	1.0
1135	1135	2003-02-09	1.04	1.0
1136	1136	2003-02-10	1.04	1.0
1137	1137	2003-02-11	1.04	1.0
1138	1138	2003-02-12	1.0	0.692307692308
1139	1139	2003-02-13	0.98	0.538461538462
1140	1140	2003-02-14	1.04	1.0
1141	1141	2003-02-15	1.04	1.0
1142	1142	2003-02-16	1.0	0.692307692308
1143	1143	2003-02-17	1.04	1.0
1144	1144	2003-02-18	1.04	1.0
1145	1145	2003-02-19	1.04	1.0
1146	1146	2003-02-20	0.98	0.538461538462
1147	1147	2003-02-21	0.99	0.615384615385
1148	1148	2003-02-22	1.04	1.0
1149	1149	2003-02-23	1.04	1.0
1150	1150	2003-02-24	0.99	0.615384615385
1151	1151	2003-02-25	0.97	0.461538461538
1152	1152	2003-02-26	0.96	0.384615384615
1153	1153	2003-02-27	0.99	0.615384615385
1154	1154	2003-02-28	1.04	1.0
1155	1155	2003-03-01	1.04	1.0
1156	1156	2003-03-02	1.04	1.0
1157	1157	2003-03-03	1.04	1.0
1158	1158	2003-03-04	1.04	1.0
1159	1159	2003-03-05	1.04	1.0
1160	1160	2003-03-06	1.04	1.0
1161	1161	2003-03-07	0.99	0.615384615385
1162	1162	2003-03-08	0.98	0.538461538462
1163	1163	2003-03-09	1.04	1.0
1164	1164	2003-03-10	1.04	1.0
1165	1165	2003-03-11	1.04	1.0
1166	1166	2003-03-12	0.96	0.384615384615
1167	1167	2003-03-13	1.04	1.0
1168	1168	2003-03-14	1.04	1.0
1169	1169	2003-03-15	1.04	1.0
1170	1170	2003-03-16	1.04	1.0
1171	1171	2003-03-17	1.04	1.0
1172	1172	2003-03-18	1.04	1.0
1173	1173	2003-03-19	0.98	0.538461538462
1174	1174	2003-03-20	1.04	1.0
1175	1175	2003-03-21	1.04	1.0
1176	1176	2003-03-22	1.04	1.0
1177	1177	2003-03-23	0.95	0.307692307692
1178	1178	2003-03-24	0.95	0.307692307692
1179	1179	2003-03-25	0.95	0.307692307692
1180	1180	2003-03-26	0.95	0.307692307692
1181	1181	2003-03-27	0.95	0.307692307692
1182	1182	2003-03-28	0.94	0.230769230769
1183	1183	2003-03-29	1.04	1.0
1184	1184	2003-03-30	1.04	1.0
1185	1185	2003-03-31	1.04	1.0
1186	1186	2003-04-01	1.04	1.0
1187	1187	2003-04-02	1.04	1.0
1188	1188	2003-04-03	1.04	1.0
1189	1189	2003-04-04	1.04	1.0
1190	1190	2003-04-05	1.0	0.692307692308
1191	1191	2003-04-06	1.0	0.692307692308
1192	1192	2003-04-07	1.0	0.692307692308
1193	1193	2003-04-08	0.99	0.615384615385
1194	1194	2003-04-09	0.99	0.615384615385
1195	1195	2003-04-10	0.98	0.538461538462
1196	1196	2003-04-11	0.98	0.538461538462
1197	1197	2003-04-12	0.98	0.538461538462
1198	1198	2003-04-13	0.98	0.538461538462
1199	1199	2003-04-14	0.98	0.538461538462
1200	1200	2003-04-15	0.97	0.461538461538
1201	1201	2003-04-16	0.95	0.307692307692
1202	1202	2003-04-17	0.96	0.384615384615
1203	1203	2003-04-18	0.98	0.538461538462
1204	1204	2003-04-19	0.97	0.461538461538
1205	1205	2003-04-20	0.96	0.384615384615
1206	1206	2003-04-21	0.96	0.384615384615
1207	1207	2003-04-22	0.96	0.384615384615
1208	1208	2003-04-23	0.96	0.384615384615
1209	1209	2003-04-24	0.98	0.538461538462
1210	1210	2003-04-25	0.99	0.615384615385
1211	1211	2003-04-26	0.98	0.538461538462
1212	1212	2003-04-27	0.99	0.615384615385
1213	1213	2003-04-28	0.99	0.615384615385
1214	1214	2003-04-29	0.98	0.538461538462
1215	1215	2003-04-30	0.97	0.461538461538
1216	1216	2003-05-01	0.96	0.384615384615
1217	1217	2003-05-02	0.96	0.384615384615
1218	1218	2003-05-03	0.98	0.538461538462
1219	1219	2003-05-04	0.98	0.538461538462
1220	1220	2003-05-05	0.98	0.538461538462
1221	1221	2003-05-06	0.98	0.538461538462
1222	1222	2003-05-07	0.96	0.384615384615
1223	1223	2003-05-08	0.96	0.384615384615
1224	1224	2003-05-09	0.96	0.384615384615
1225	1225	2003-05-10	0.97	0.461538461538
1226	1226	2003-05-11	0.96	0.384615384615
1227	1227	2003-05-12	0.96	0.384615384615
1228	1228	2003-05-13	0.95	0.307692307692
1229	1229	2003-05-14	0.95	0.307692307692
1230	1230	2003-05-15	0.95	0.307692307692
1231	1231	2003-05-16	0.95	0.307692307692
1232	1232	2003-05-17	0.96	0.384615384615
1233	1233	2003-05-18	0.98	0.538461538462
1234	1234	2003-05-19	0.98	0.538461538462
1235	1235	2003-05-20	0.95	0.307692307692
1236	1236	2003-05-21	0.95	0.307692307692
1237	1237	2003-05-22	0.95	0.307692307692
1238	1238	2003-05-23	0.94	0.230769230769
1239	1239	2003-05-24	0.94	0.230769230769
1240	1240	2003-05-25	0.94	0.230769230769
1241	1241	2003-05-26	0.94	0.230769230769
1242	1242	2003-05-27	0.93	0.153846153846
1243	1243	2003-05-28	0.94	0.230769230769
1244	1244	2003-05-29	0.94	0.230769230769
1245	1245	2003-05-30	0.93	0.153846153846
1246	1246	2003-05-31	0.93	0.153846153846
1247	1247	2003-06-01	0.93	0.153846153846
1248	1248	2003-06-02	0.93	0.153846153846
1249	1249	2003-06-03	0.94	0.230769230769
1250	1250	2003-06-04	0.94	0.230769230769
1251	1251	2003-06-05	0.93	0.153846153846
1252	1252	2003-06-06	0.96	0.384615384615
1253	1253	2003-06-07	0.99	0.615384615385
1254	1254	2003-06-08	0.98	0.538461538462
1255	1255	2003-06-09	0.96	0.384615384615
1256	1256	2003-06-10	0.96	0.384615384615
1257	1257	2003-06-11	0.94	0.230769230769
1258	1258	2003-06-12	0.93	0.153846153846
1259	1259	2003-06-13	0.93	0.153846153846
1260	1260	2003-06-14	0.93	0.153846153846
1261	1261	2003-06-15	0.93	0.153846153846
1262	1262	2003-06-16	0.93	0.153846153846
1263	1263	2003-06-17	0.93	0.153846153846
1264	1264	2003-06-18	0.93	0.153846153846
1265	1265	2003-06-19	0.94	0.230769230769
1266	1266	2003-06-20	0.94	0.230769230769
1267	1267	2003-06-21	0.94	0.230769230769
1268	1268	2003-06-22	0.94	0.230769230769
1269	1269	2003-06-23	0.94	0.230769230769
1270	1270	2003-06-24	0.94	0.230769230769
1271	1271	2003-06-25	0.94	0.230769230769
1272	1272	2003-06-26	0.94	0.230769230769
1273	1273	2003-06-27	0.94	0.230769230769
1274	1274	2003-06-28	0.93	0.153846153846
1275	1275	2003-06-29	0.93	0.153846153846
1276	1276	2003-06-30	0.93	0.153846153846
1277	1277	2003-07-01	0.93	0.153846153846
1278	1278	2003-07-02	0.92	0.0769230769231
1279	1279	2003-07-03	0.92	0.0769230769231
1280	1280	2003-07-04	0.93	0.153846153846
1281	1281	2003-07-05	0.93	0.153846153846
1282	1282	2003-07-06	0.93	0.153846153846
1283	1283	2003-07-07	0.93	0.153846153846
1284	1284	2003-07-08	0.93	0.153846153846
1285	1285	2003-07-09	0.93	0.153846153846
1286	1286	2003-07-10	0.93	0.153846153846
1287	1287	2003-07-11	0.93	0.153846153846
1288	1288	2003-07-12	0.93	0.153846153846
1289	1289	2003-07-13	0.93	0.153846153846
1290	1290	2003-07-14	0.93	0.153846153846
1291	1291	2003-07-15	0.93	0.153846153846
1292	1292	2003-07-16	0.93	0.153846153846
1293	1293	2003-07-17	0.93	0.153846153846
1294	1294	2003-07-18	0.93	0.153846153846
1295	1295	2003-07-19	0.93	0.153846153846
1296	1296	2003-07-20	0.93	0.153846153846
1297	1297	2003-07-21	0.93	0.153846153846
1298	1298	2003-07-22	0.93	0.153846153846
1299	1299	2003-07-23	0.93	0.153846153846
1300	1300	2003-07-24	0.93	0.153846153846
1301	1301	2003-07-25	0.92	0.0769230769231
1302	1302	2003-07-26	0.93	0.153846153846
1303	1303	2003-07-27	0.93	0.153846153846
1304	1304	2003-07-28	0.93	0.153846153846
1305	1305	2003-07-29	0.93	0.153846153846
1306	1306	2003-07-30	0.93	0.153846153846
1307	1307	2003-07-31	0.93	0.153846153846
1308	1308	2003-08-01	0.93	0.153846153846
1309	1309	2003-08-02	0.93	0.153846153846
1310	1310	2003-08-03	0.93	0.153846153846
1311	1311	2003-08-04	0.93	0.153846153846
1312	1312	2003-08-05	0.93	0.153846153846
1313	1313	2003-08-06	0.92	0.0769230769231
1314	1314	2003-08-07	0.93	0.153846153846
1315	1315	2003-08-08	0.93	0.153846153846
1316	1316	2003-08-09	0.93	0.153846153846
1317	1317	2003-08-10	0.93	0.153846153846
1318	1318	2003-08-11	0.93	0.153846153846
1319	1319	2003-08-12	0.93	0.153846153846
1320	1320	2003-08-13	0.93	0.153846153846
1321	1321	2003-08-14	0.93	0.153846153846
1322	1322	2003-08-15	0.93	0.153846153846
1323	1323	2003-08-16	0.93	0.153846153846
1324	1324	2003-08-17	0.94	0.230769230769
1325	1325	2003-08-18	0.94	0.230769230769
1326	1326	2003-08-19	0.93	0.153846153846
1327	1327	2003-08-20	0.93	0.153846153846
1328	1328	2003-08-21	0.93	0.153846153846
1329	1329	2003-08-22	0.93	0.153846153846
1330	1330	2003-08-23	0.93	0.153846153846
1331	1331	2003-08-24	0.93	0.153846153846
1332	1332	2003-08-25	0.93	0.153846153846
1333	1333	2003-08-26	0.93	0.153846153846
1334	1334	2003-08-27	0.93	0.153846153846
1335	1335	2003-08-28	0.93	0.153846153846
1336	1336	2003-08-29	0.93	0.153846153846
1337	1337	2003-08-30	0.93	0.153846153846
1338	1338	2003-08-31	0.93	0.153846153846
1339	1339	2003-09-01	0.92	0.0769230769231
1340	1340	2003-09-02	0.93	0.153846153846
1341	1341	2003-09-03	0.92	0.0769230769231
1342	1342	2003-09-04	0.92	0.0769230769231
1343	1343	2003-09-05	0.92	0.0769230769231
1344	1344	2003-09-06	0.93	0.153846153846
1345	1345	2003-09-07	0.93	0.153846153846
1346	1346	2003-09-08	0.93	0.153846153846
1347	1347	2003-09-09	0.93	0.153846153846
1348	1348	2003-09-10	0.93	0.153846153846
1349	1349	2003-09-11	0.93	0.153846153846
1350	1350	2003-09-12	0.93	0.153846153846
1351	1351	2003-09-13	0.93	0.153846153846
1352	1352	2003-09-14	0.93	0.153846153846
1353	1353	2003-09-15	0.93	0.153846153846
1354	1354	2003-09-16	0.94	0.230769230769
1355	1355	2003-09-17	0.94	0.230769230769
1356	1356	2003-09-18	0.94	0.230769230769
1357	1357	2003-09-19	0.94	0.230769230769
1358	1358	2003-09-20	0.94	0.230769230769
1359	1359	2003-09-21	0.94	0.230769230769
1360	1360	2003-09-22	0.94	0.230769230769
1361	1361	2003-09-23	0.94	0.230769230769
1362	1362	2003-09-24	0.94	0.230769230769
1363	1363	2003-09-25	0.94	0.230769230769
1364	1364	2003-09-26	0.95	0.307692307692
1365	1365	2003-09-27	0.96	0.384615384615
1366	1366	2003-09-28	0.96	0.384615384615
1367	1367	2003-09-29	0.96	0.384615384615
1368	1368	2003-09-30	0.96	0.384615384615
1369	1369	2003-10-01	0.96	0.384615384615
1370	1370	2003-10-02	0.96	0.384615384615
1371	1371	2003-10-03	0.95	0.307692307692
1372	1372	2003-10-04	1.0	0.692307692308
1373	1373	2003-10-05	1.04	1.0
1374	1374	2003-10-06	1.0	0.692307692308
1375	1375	2003-10-07	0.99	0.615384615385
1376	1376	2003-10-08	0.98	0.538461538462
1377	1377	2003-10-09	0.98	0.538461538462
1378	1378	2003-10-10	0.98	0.538461538462
1379	1379	2003-10-11	0.99	0.615384615385
1380	1380	2003-10-12	0.99	0.615384615385
1381	1381	2003-10-13	0.98	0.538461538462
1382	1382	2003-10-14	0.97	0.461538461538
1383	1383	2003-10-15	0.98	0.538461538462
1384	1384	2003-10-16	0.98	0.538461538462
1385	1385	2003-10-17	0.97	0.461538461538
1386	1386	2003-10-18	1.0	0.692307692308
1387	1387	2003-10-19	1.04	1.0
1388	1388	2003-10-20	1.04	1.0
1389	1389	2003-10-21	1.04	1.0
1390	1390	2003-10-22	1.04	1.0
1391	1391	2003-10-23	1.0	0.692307692308
1392	1392	2003-10-24	0.99	0.615384615385
1393	1393	2003-10-25	0.98	0.538461538462
1394	1394	2003-10-26	0.98	0.538461538462
1395	1395	2003-10-27	0.97	0.461538461538
1396	1396	2003-10-28	0.96	0.384615384615
1397	1397	2003-10-29	1.04	1.0
1398	1398	2003-10-30	1.04	1.0
1399	1399	2003-10-31	1.04	1.0
1400	1400	2003-11-01	1.04	1.0
1401	1401	2003-11-02	1.04	1.0
1402	1402	2003-11-03	1.04	1.0
1403	1403	2003-11-04	1.0	0.692307692308
1404	1404	2003-11-05	0.98	0.538461538462
1405	1405	2003-11-06	1.04	1.0
1406	1406	2003-11-07	1.04	1.0
1407	1407	2003-11-08	1.04	1.0
1408	1408	2003-11-09	1.04	1.0
1409	1409	2003-11-10	1.04	1.0
1410	1410	2003-11-11	1.04	1.0
1411	1411	2003-11-12	1.04	1.0
1412	1412	2003-11-13	1.04	1.0
1413	1413	2003-11-14	1.04	1.0
1414	1414	2003-11-15	1.04	1.0
1415	1415	2003-11-16	1.04	1.0
1416	1416	2003-11-17	1.04	1.0
1417	1417	2003-11-18	1.04	1.0
1418	1418	2003-11-19	1.04	1.0
1419	1419	2003-11-20	1.04	1.0
1420	1420	2003-11-21	0.98	0.538461538462
1421	1421	2003-11-22	0.98	0.538461538462
1422	1422	2003-11-23	0.98	0.538461538462
1423	1423	2003-11-24	0.98	0.538461538462
1424	1424	2003-11-25	0.97	0.461538461538
1425	1425	2003-11-26	0.96	0.384615384615
1426	1426	2003-11-27	1.04	1.0
1427	1427	2003-11-28	1.04	1.0
1428	1428	2003-11-29	1.04	1.0
1429	1429	2003-11-30	1.04	1.0
1430	1430	2003-12-01	0.98	0.538461538462
1431	1431	2003-12-02	0.97	0.461538461538
1432	1432	2003-12-03	0.96	0.384615384615
1433	1433	2003-12-04	1.04	1.0
1434	1434	2003-12-05	1.04	1.0
1435	1435	2003-12-06	0.99	0.615384615385
1436	1436	2003-12-07	0.99	0.615384615385
1437	1437	2003-12-08	1.04	1.0
1438	1438	2003-12-09	0.98	0.538461538462
1439	1439	2003-12-10	0.96	0.384615384615
1440	1440	2003-12-11	0.96	0.384615384615
1441	1441	2003-12-12	0.97	0.461538461538
1442	1442	2003-12-13	0.97	0.461538461538
1443	1443	2003-12-14	0.97	0.461538461538
1444	1444	2003-12-15	0.97	0.461538461538
1445	1445	2003-12-16	0.97	0.461538461538
1446	1446	2003-12-17	0.95	0.307692307692
1447	1447	2003-12-18	0.95	0.307692307692
1448	1448	2003-12-19	0.95	0.307692307692
1449	1449	2003-12-20	1.04	1.0
1450	1450	2003-12-21	1.04	1.0
1451	1451	2003-12-22	1.04	1.0
1452	1452	2003-12-23	1.0	0.692307692308
1453	1453	2003-12-24	0.97	0.461538461538
1454	1454	2003-12-25	0.97	0.461538461538
1455	1455	2003-12-26	0.96	0.384615384615
1456	1456	2003-12-27	0.96	0.384615384615
1457	1457	2003-12-28	0.98	0.538461538462
1458	1458	2003-12-29	0.98	0.538461538462
1459	1459	2003-12-30	0.97	0.461538461538
1460	1460	2003-12-31	0.96	0.384615384615
1461	1461	2004-01-01	0.97	0.461538461538
1462	1462	2004-01-02	1.04	1.0
1463	1463	2004-01-03	1.04	1.0
1464	1464	2004-01-04	1.04	1.0
1465	1465	2004-01-05	1.04	1.0
1466	1466	2004-01-06	1.04	1.0
1467	1467	2004-01-07	1.04	1.0
1468	1468	2004-01-08	1.04	1.0
1469	1469	2004-01-09	1.04	1.0
1470	1470	2004-01-10	1.04	1.0
1471	1471	2004-01-11	1.04	1.0
1472	1472	2004-01-12	1.04	1.0
1473	1473	2004-01-13	1.04	1.0
1474	1474	2004-01-14	1.04	1.0
1475	1475	2004-01-15	1.04	1.0
1476	1476	2004-01-16	1.04	1.0
1477	1477	2004-01-17	1.04	1.0
1478	1478	2004-01-18	1.04	1.0
1479	1479	2004-01-19	1.04	1.0
1480	1480	2004-01-20	1.04	1.0
1481	1481	2004-01-21	1.04	1.0
1482	1482	2004-01-22	1.04	1.0
1483	1483	2004-01-23	1.04	1.0
1484	1484	2004-01-24	1.04	1.0
1485	1485	2004-01-25	1.04	1.0
1486	1486	2004-01-26	1.04	1.0
1487	1487	2004-01-27	1.04	1.0
1488	1488	2004-01-28	1.04	1.0
1489	1489	2004-01-29	1.04	1.0
1490	1490	2004-01-30	1.04	1.0
1491	1491	2004-01-31	1.0	0.692307692308
1492	1492	2004-02-01	0.99	0.615384615385
1493	1493	2004-02-02	1.04	1.0
1494	1494	2004-02-03	1.04	1.0
1495	1495	2004-02-04	1.04	1.0
1496	1496	2004-02-05	1.04	1.0
1497	1497	2004-02-06	1.04	1.0
1498	1498	2004-02-07	1.04	1.0
1499	1499	2004-02-08	1.04	1.0
1500	1500	2004-02-09	1.04	1.0
1501	1501	2004-02-10	1.04	1.0
1502	1502	2004-02-11	1.04	1.0
1503	1503	2004-02-12	0.98	0.538461538462
1504	1504	2004-02-13	1.04	1.0
1505	1505	2004-02-14	1.04	1.0
1506	1506	2004-02-15	1.04	1.0
1507	1507	2004-02-16	1.04	1.0
1508	1508	2004-02-17	1.04	1.0
1509	1509	2004-02-18	1.0	0.692307692308
1510	1510	2004-02-19	1.0	0.692307692308
1511	1511	2004-02-20	1.0	0.692307692308
1512	1512	2004-02-21	0.99	0.615384615385
1513	1513	2004-02-22	0.98	0.538461538462
1514	1514	2004-02-23	0.98	0.538461538462
1515	1515	2004-02-24	0.97	0.461538461538
1516	1516	2004-02-25	0.96	0.384615384615
1517	1517	2004-02-26	0.96	0.384615384615
1518	1518	2004-02-27	0.97	0.461538461538
1519	1519	2004-02-28	1.04	1.0
1520	1520	2004-02-29	1.04	1.0
1521	1521	2004-03-01	1.0	0.692307692308
1522	1522	2004-03-02	1.0	0.692307692308
1523	1523	2004-03-03	0.97	0.461538461538
1524	1524	2004-03-04	0.96	0.384615384615
1525	1525	2004-03-05	0.98	0.538461538462
1526	1526	2004-03-06	1.04	1.0
1527	1527	2004-03-07	1.04	1.0
1528	1528	2004-03-08	1.04	1.0
1529	1529	2004-03-09	0.99	0.615384615385
1530	1530	2004-03-10	0.98	0.538461538462
1531	1531	2004-03-11	0.97	0.461538461538
1532	1532	2004-03-12	0.98	0.538461538462
1533	1533	2004-03-13	0.99	0.615384615385
1534	1534	2004-03-14	0.96	0.384615384615
1535	1535	2004-03-15	1.04	1.0
1536	1536	2004-03-16	1.04	1.0
1537	1537	2004-03-17	1.0	0.692307692308
1538	1538	2004-03-18	1.04	1.0
1539	1539	2004-03-19	1.0	0.692307692308
1540	1540	2004-03-20	0.96	0.384615384615
1541	1541	2004-03-21	0.95	0.307692307692
1542	1542	2004-03-22	1.04	1.0
1543	1543	2004-03-23	1.04	1.0
1544	1544	2004-03-24	1.04	1.0
1545	1545	2004-03-25	1.04	1.0
1546	1546	2004-03-26	1.04	1.0
1547	1547	2004-03-27	1.04	1.0
1548	1548	2004-03-28	1.04	1.0
1549	1549	2004-03-29	1.0	0.692307692308
1550	1550	2004-03-30	0.99	0.615384615385
1551	1551	2004-03-31	1.0	0.692307692308
1552	1552	2004-04-01	0.99	0.615384615385
1553	1553	2004-04-02	0.98	0.538461538462
1554	1554	2004-04-03	0.97	0.461538461538
1555	1555	2004-04-04	0.96	0.384615384615
1556	1556	2004-04-05	0.95	0.307692307692
1557	1557	2004-04-06	0.96	0.384615384615
1558	1558	2004-04-07	0.96	0.384615384615
1559	1559	2004-04-08	0.96	0.384615384615
1560	1560	2004-04-09	0.95	0.307692307692
1561	1561	2004-04-10	0.95	0.307692307692
1562	1562	2004-04-11	0.95	0.307692307692
1563	1563	2004-04-12	0.95	0.307692307692
1564	1564	2004-04-13	0.94	0.230769230769
1565	1565	2004-04-14	0.95	0.307692307692
1566	1566	2004-04-15	0.94	0.230769230769
1567	1567	2004-04-16	0.94	0.230769230769
1568	1568	2004-04-17	0.97	0.461538461538
1569	1569	2004-04-18	0.99	0.615384615385
1570	1570	2004-04-19	1.04	1.0
1571	1571	2004-04-20	1.04	1.0
1572	1572	2004-04-21	0.98	0.538461538462
1573	1573	2004-04-22	0.96	0.384615384615
1574	1574	2004-04-23	0.95	0.307692307692
1575	1575	2004-04-24	0.95	0.307692307692
1576	1576	2004-04-25	0.94	0.230769230769
1577	1577	2004-04-26	0.94	0.230769230769
1578	1578	2004-04-27	0.94	0.230769230769
1579	1579	2004-04-28	0.95	0.307692307692
1580	1580	2004-04-29	0.95	0.307692307692
1581	1581	2004-04-30	0.94	0.230769230769
1582	1582	2004-05-01	0.94	0.230769230769
1583	1583	2004-05-02	0.94	0.230769230769
1584	1584	2004-05-03	0.94	0.230769230769
1585	1585	2004-05-04	0.94	0.230769230769
1586	1586	2004-05-05	0.95	0.307692307692
1587	1587	2004-05-06	0.94	0.230769230769
1588	1588	2004-05-07	0.95	0.307692307692
1589	1589	2004-05-08	0.94	0.230769230769
1590	1590	2004-05-09	0.93	0.153846153846
1591	1591	2004-05-10	0.93	0.153846153846
1592	1592	2004-05-11	0.99	0.615384615385
1593	1593	2004-05-12	1.04	1.0
1594	1594	2004-05-13	1.04	1.0
1595	1595	2004-05-14	0.99	0.615384615385
1596	1596	2004-05-15	0.99	0.615384615385
1597	1597	2004-05-16	0.98	0.538461538462
1598	1598	2004-05-17	0.98	0.538461538462
1599	1599	2004-05-18	0.98	0.538461538462
1600	1600	2004-05-19	0.98	0.538461538462
1601	1601	2004-05-20	0.98	0.538461538462
1602	1602	2004-05-21	0.96	0.384615384615
1603	1603	2004-05-22	0.96	0.384615384615
1604	1604	2004-05-23	0.95	0.307692307692
1605	1605	2004-05-24	0.95	0.307692307692
1606	1606	2004-05-25	0.94	0.230769230769
1607	1607	2004-05-26	0.95	0.307692307692
1608	1608	2004-05-27	0.94	0.230769230769
1609	1609	2004-05-28	0.93	0.153846153846
1610	1610	2004-05-29	0.93	0.153846153846
1611	1611	2004-05-30	0.93	0.153846153846
1612	1612	2004-05-31	0.93	0.153846153846
1613	1613	2004-06-01	0.93	0.153846153846
1614	1614	2004-06-02	0.94	0.230769230769
1615	1615	2004-06-03	0.95	0.307692307692
1616	1616	2004-06-04	0.94	0.230769230769
1617	1617	2004-06-05	0.94	0.230769230769
1618	1618	2004-06-06	0.93	0.153846153846
1619	1619	2004-06-07	0.93	0.153846153846
1620	1620	2004-06-08	0.93	0.153846153846
1621	1621	2004-06-09	0.93	0.153846153846
1622	1622	2004-06-10	0.93	0.153846153846
1623	1623	2004-06-11	0.93	0.153846153846
1624	1624	2004-06-12	0.95	0.307692307692
1625	1625	2004-06-13	0.98	0.538461538462
1626	1626	2004-06-14	0.96	0.384615384615
1627	1627	2004-06-15	0.94	0.230769230769
1628	1628	2004-06-16	0.93	0.153846153846
1629	1629	2004-06-17	0.93	0.153846153846
1630	1630	2004-06-18	0.93	0.153846153846
1631	1631	2004-06-19	0.93	0.153846153846
1632	1632	2004-06-20	0.93	0.153846153846
1633	1633	2004-06-21	0.93	0.153846153846
1634	1634	2004-06-22	0.92	0.0769230769231
1635	1635	2004-06-23	0.92	0.0769230769231
1636	1636	2004-06-24	0.92	0.0769230769231
1637	1637	2004-06-25	0.93	0.153846153846
1638	1638	2004-06-26	0.92	0.0769230769231
1639	1639	2004-06-27	0.92	0.0769230769231
1640	1640	2004-06-28	0.92	0.0769230769231
1641	1641	2004-06-29	0.92	0.0769230769231
1642	1642	2004-06-30	0.92	0.0769230769231
1643	1643	2004-07-01	0.93	0.153846153846
1644	1644	2004-07-02	0.93	0.153846153846
1645	1645	2004-07-03	0.93	0.153846153846
1646	1646	2004-07-04	0.93	0.153846153846
1647	1647	2004-07-05	0.93	0.153846153846
1648	1648	2004-07-06	0.93	0.153846153846
1649	1649	2004-07-07	0.93	0.153846153846
1650	1650	2004-07-08	0.93	0.153846153846
1651	1651	2004-07-09	0.93	0.153846153846
1652	1652	2004-07-10	0.93	0.153846153846
1653	1653	2004-07-11	0.93	0.153846153846
1654	1654	2004-07-12	0.93	0.153846153846
1655	1655	2004-07-13	0.92	0.0769230769231
1656	1656	2004-07-14	0.92	0.0769230769231
1657	1657	2004-07-15	0.92	0.0769230769231
1658	1658	2004-07-16	0.92	0.0769230769231
1659	1659	2004-07-17	0.93	0.153846153846
1660	1660	2004-07-18	0.93	0.153846153846
1661	1661	2004-07-19	0.93	0.153846153846
1662	1662	2004-07-20	0.93	0.153846153846
1663	1663	2004-07-21	0.93	0.153846153846
1664	1664	2004-07-22	0.93	0.153846153846
1665	1665	2004-07-23	0.93	0.153846153846
1666	1666	2004-07-24	0.93	0.153846153846
1667	1667	2004-07-25	0.93	0.153846153846
1668	1668	2004-07-26	0.93	0.153846153846
1669	1669	2004-07-27	0.93	0.153846153846
1670	1670	2004-07-28	0.94	0.230769230769
1671	1671	2004-07-29	0.93	0.153846153846
1672	1672	2004-07-30	0.93	0.153846153846
1673	1673	2004-07-31	0.93	0.153846153846
1674	1674	2004-08-01	0.93	0.153846153846
1675	1675	2004-08-02	0.93	0.153846153846
1676	1676	2004-08-03	0.93	0.153846153846
1677	1677	2004-08-04	0.93	0.153846153846
1678	1678	2004-08-05	0.92	0.0769230769231
1679	1679	2004-08-06	0.92	0.0769230769231
1680	1680	2004-08-07	0.92	0.0769230769231
1681	1681	2004-08-08	0.92	0.0769230769231
1682	1682	2004-08-09	0.92	0.0769230769231
1683	1683	2004-08-10	0.93	0.153846153846
1684	1684	2004-08-11	0.93	0.153846153846
1685	1685	2004-08-12	0.93	0.153846153846
1686	1686	2004-08-13	0.93	0.153846153846
1687	1687	2004-08-14	0.93	0.153846153846
1688	1688	2004-08-15	0.93	0.153846153846
1689	1689	2004-08-16	0.92	0.0769230769231
1690	1690	2004-08-17	0.92	0.0769230769231
1691	1691	2004-08-18	0.92	0.0769230769231
1692	1692	2004-08-19	0.93	0.153846153846
1693	1693	2004-08-20	0.93	0.153846153846
1694	1694	2004-08-21	0.93	0.153846153846
1695	1695	2004-08-22	0.92	0.0769230769231
1696	1696	2004-08-23	0.93	0.153846153846
1697	1697	2004-08-24	0.93	0.153846153846
1698	1698	2004-08-25	0.93	0.153846153846
1699	1699	2004-08-26	0.93	0.153846153846
1700	1700	2004-08-27	0.93	0.153846153846
1701	1701	2004-08-28	0.93	0.153846153846
1702	1702	2004-08-29	0.94	0.230769230769
1703	1703	2004-08-30	0.93	0.153846153846
1704	1704	2004-08-31	0.93	0.153846153846
1705	1705	2004-09-01	0.94	0.230769230769
1706	1706	2004-09-02	0.93	0.153846153846
1707	1707	2004-09-03	0.93	0.153846153846
1708	1708	2004-09-04	0.93	0.153846153846
1709	1709	2004-09-05	0.93	0.153846153846
1710	1710	2004-09-06	0.93	0.153846153846
1711	1711	2004-09-07	0.93	0.153846153846
1712	1712	2004-09-08	0.93	0.153846153846
1713	1713	2004-09-09	0.94	0.230769230769
1714	1714	2004-09-10	0.93	0.153846153846
1715	1715	2004-09-11	0.93	0.153846153846
1716	1716	2004-09-12	0.93	0.153846153846
1717	1717	2004-09-13	0.93	0.153846153846
1718	1718	2004-09-14	0.93	0.153846153846
1719	1719	2004-09-15	0.93	0.153846153846
1720	1720	2004-09-16	0.94	0.230769230769
1721	1721	2004-09-17	0.95	0.307692307692
1722	1722	2004-09-18	0.94	0.230769230769
1723	1723	2004-09-19	0.94	0.230769230769
1724	1724	2004-09-20	0.94	0.230769230769
1725	1725	2004-09-21	0.94	0.230769230769
1726	1726	2004-09-22	0.95	0.307692307692
1727	1727	2004-09-23	0.95	0.307692307692
1728	1728	2004-09-24	0.95	0.307692307692
1729	1729	2004-09-25	0.94	0.230769230769
1730	1730	2004-09-26	0.94	0.230769230769
1731	1731	2004-09-27	0.93	0.153846153846
1732	1732	2004-09-28	0.95	0.307692307692
1733	1733	2004-09-29	0.96	0.384615384615
1734	1734	2004-09-30	0.94	0.230769230769
1735	1735	2004-10-01	0.96	0.384615384615
1736	1736	2004-10-02	1.04	1.0
1737	1737	2004-10-03	1.04	1.0
1738	1738	2004-10-04	1.04	1.0
1739	1739	2004-10-05	1.04	1.0
1740	1740	2004-10-06	1.04	1.0
1741	1741	2004-10-07	1.0	0.692307692308
1742	1742	2004-10-08	0.99	0.615384615385
1743	1743	2004-10-09	0.98	0.538461538462
1744	1744	2004-10-10	0.98	0.538461538462
1745	1745	2004-10-11	0.99	0.615384615385
1746	1746	2004-10-12	1.04	1.0
1747	1747	2004-10-13	1.04	1.0
1748	1748	2004-10-14	1.04	1.0
1749	1749	2004-10-15	1.04	1.0
1750	1750	2004-10-16	1.04	1.0
1751	1751	2004-10-17	1.0	0.692307692308
1752	1752	2004-10-18	0.99	0.615384615385
1753	1753	2004-10-19	1.04	1.0
1754	1754	2004-10-20	1.04	1.0
1755	1755	2004-10-21	1.04	1.0
1756	1756	2004-10-22	1.04	1.0
1757	1757	2004-10-23	1.04	1.0
1758	1758	2004-10-24	1.04	1.0
1759	1759	2004-10-25	0.98	0.538461538462
1760	1760	2004-10-26	1.0	0.692307692308
1761	1761	2004-10-27	1.04	1.0
1762	1762	2004-10-28	0.98	0.538461538462
1763	1763	2004-10-29	0.98	0.538461538462
1764	1764	2004-10-30	0.99	0.615384615385
1765	1765	2004-10-31	1.0	0.692307692308
1766	1766	2004-11-01	0.98	0.538461538462
1767	1767	2004-11-02	0.96	0.384615384615
1768	1768	2004-11-03	0.95	0.307692307692
1769	1769	2004-11-04	0.95	0.307692307692
1770	1770	2004-11-05	0.95	0.307692307692
1771	1771	2004-11-06	0.99	0.615384615385
1772	1772	2004-11-07	1.04	1.0
1773	1773	2004-11-08	1.04	1.0
1774	1774	2004-11-09	1.0	0.692307692308
1775	1775	2004-11-10	0.98	0.538461538462
1776	1776	2004-11-11	0.97	0.461538461538
1777	1777	2004-11-12	0.98	0.538461538462
1778	1778	2004-11-13	1.04	1.0
1779	1779	2004-11-14	1.04	1.0
1780	1780	2004-11-15	0.99	0.615384615385
1781	1781	2004-11-16	1.04	1.0
1782	1782	2004-11-17	1.04	1.0
1783	1783	2004-11-18	1.04	1.0
1784	1784	2004-11-19	1.04	1.0
1785	1785	2004-11-20	1.04	1.0
1786	1786	2004-11-21	1.04	1.0
1787	1787	2004-11-22	1.04	1.0
1788	1788	2004-11-23	1.04	1.0
1789	1789	2004-11-24	1.04	1.0
1790	1790	2004-11-25	0.99	0.615384615385
1791	1791	2004-11-26	0.98	0.538461538462
1792	1792	2004-11-27	1.04	1.0
1793	1793	2004-11-28	1.04	1.0
1794	1794	2004-11-29	1.04	1.0
1795	1795	2004-11-30	1.0	0.692307692308
1796	1796	2004-12-01	1.04	1.0
1797	1797	2004-12-02	1.04	1.0
1798	1798	2004-12-03	0.99	0.615384615385
1799	1799	2004-12-04	1.04	1.0
1800	1800	2004-12-05	1.04	1.0
1801	1801	2004-12-06	1.04	1.0
1802	1802	2004-12-07	1.04	1.0
1803	1803	2004-12-08	1.04	1.0
1804	1804	2004-12-09	1.04	1.0
1805	1805	2004-12-10	0.99	0.615384615385
1806	1806	2004-12-11	1.04	1.0
1807	1807	2004-12-12	1.04	1.0
1808	1808	2004-12-13	1.04	1.0
1809	1809	2004-12-14	1.04	1.0
1810	1810	2004-12-15	1.04	1.0
1811	1811	2004-12-16	1.04	1.0
1812	1812	2004-12-17	1.04	1.0
1813	1813	2004-12-18	1.04	1.0
1814	1814	2004-12-19	1.04	1.0
1815	1815	2004-12-20	1.04	1.0
1816	1816	2004-12-21	1.04	1.0
1817	1817	2004-12-22	1.04	1.0
1818	1818	2004-12-23	1.04	1.0
1819	1819	2004-12-24	1.04	1.0
1820	1820	2004-12-25	1.04	1.0
1821	1821	2004-12-26	1.04	1.0
1822	1822	2004-12-27	1.04	1.0
1823	1823	2004-12-28	1.04	1.0
1824	1824	2004-12-29	1.04	1.0
1825	1825	2004-12-30	1.04	1.0
1826	1826	2004-12-31	1.04	1.0
1827	1827	2005-01-01	1.04	1.0
1828	1828	2005-01-02	1.04	1.0
1829	1829	2005-01-03	1.0	0.692307692308
1830	1830	2005-01-04	1.04	1.0
1831	1831	2005-01-05	1.04	1.0
1832	1832	2005-01-06	1.04	1.0
1833	1833	2005-01-07	1.04	1.0
1834	1834	2005-01-08	1.04	1.0
1835	1835	2005-01-09	1.04	1.0
1836	1836	2005-01-10	1.04	1.0
1837	1837	2005-01-11	1.04	1.0
1838	1838	2005-01-12	1.04	1.0
1839	1839	2005-01-13	1.04	1.0
1840	1840	2005-01-14	1.04	1.0
1841	1841	2005-01-15	1.0	0.692307692308
1842	1842	2005-01-16	0.99	0.615384615385
1843	1843	2005-01-17	0.99	0.615384615385
1844	1844	2005-01-18	1.04	1.0
1845	1845	2005-01-19	1.04	1.0
1846	1846	2005-01-20	1.04	1.0
1847	1847	2005-01-21	1.04	1.0
1848	1848	2005-01-22	1.04	1.0
1849	1849	2005-01-23	1.04	1.0
1850	1850	2005-01-24	1.04	1.0
1851	1851	2005-01-25	1.04	1.0
1852	1852	2005-01-26	1.04	1.0
1853	1853	2005-01-27	1.0	0.692307692308
1854	1854	2005-01-28	1.04	1.0
1855	1855	2005-01-29	1.04	1.0
1856	1856	2005-01-30	1.04	1.0
1857	1857	2005-01-31	1.04	1.0
1858	1858	2005-02-01	0.99	0.615384615385
1859	1859	2005-02-02	0.98	0.538461538462
1860	1860	2005-02-03	0.98	0.538461538462
1861	1861	2005-02-04	0.97	0.461538461538
1862	1862	2005-02-05	0.99	0.615384615385
1863	1863	2005-02-06	0.98	0.538461538462
1864	1864	2005-02-07	1.0	0.692307692308
1865	1865	2005-02-08	0.99	0.615384615385
1866	1866	2005-02-09	0.99	0.615384615385
1867	1867	2005-02-10	1.04	1.0
1868	1868	2005-02-11	1.0	0.692307692308
1869	1869	2005-02-12	0.98	0.538461538462
1870	1870	2005-02-13	1.0	0.692307692308
1871	1871	2005-02-14	1.04	1.0
1872	1872	2005-02-15	1.0	0.692307692308
1873	1873	2005-02-16	1.04	1.0
1874	1874	2005-02-17	1.04	1.0
1875	1875	2005-02-18	1.04	1.0
1876	1876	2005-02-19	1.04	1.0
1877	1877	2005-02-20	1.04	1.0
1878	1878	2005-02-21	1.04	1.0
1879	1879	2005-02-22	1.04	1.0
1880	1880	2005-02-23	1.04	1.0
1881	1881	2005-02-24	1.0	0.692307692308
1882	1882	2005-02-25	0.98	0.538461538462
1883	1883	2005-02-26	0.98	0.538461538462
1884	1884	2005-02-27	1.04	1.0
1885	1885	2005-02-28	1.04	1.0
1886	1886	2005-03-01	0.97	0.461538461538
1887	1887	2005-03-02	0.97	0.461538461538
1888	1888	2005-03-03	0.97	0.461538461538
1889	1889	2005-03-04	0.98	0.538461538462
1890	1890	2005-03-05	0.96	0.384615384615
1891	1891	2005-03-06	0.98	0.538461538462
1892	1892	2005-03-07	1.04	1.0
1893	1893	2005-03-08	1.04	1.0
1894	1894	2005-03-09	1.04	1.0
1895	1895	2005-03-10	1.04	1.0
1896	1896	2005-03-11	1.04	1.0
1897	1897	2005-03-12	1.04	1.0
1898	1898	2005-03-13	1.04	1.0
1899	1899	2005-03-14	1.0	0.692307692308
1900	1900	2005-03-15	1.0	0.692307692308
1901	1901	2005-03-16	0.99	0.615384615385
1902	1902	2005-03-17	0.98	0.538461538462
1903	1903	2005-03-18	1.04	1.0
1904	1904	2005-03-19	1.04	1.0
1905	1905	2005-03-20	1.04	1.0
1906	1906	2005-03-21	1.04	1.0
1907	1907	2005-03-22	1.04	1.0
1908	1908	2005-03-23	1.04	1.0
1909	1909	2005-03-24	1.04	1.0
1910	1910	2005-03-25	1.04	1.0
1911	1911	2005-03-26	1.04	1.0
1912	1912	2005-03-27	1.04	1.0
1913	1913	2005-03-28	1.04	1.0
1914	1914	2005-03-29	1.04	1.0
1915	1915	2005-03-30	1.0	0.692307692308
1916	1916	2005-03-31	1.0	0.692307692308
1917	1917	2005-04-01	1.0	0.692307692308
1918	1918	2005-04-02	0.99	0.615384615385
1919	1919	2005-04-03	0.99	0.615384615385
1920	1920	2005-04-04	0.99	0.615384615385
1921	1921	2005-04-05	0.98	0.538461538462
1922	1922	2005-04-06	1.04	1.0
1923	1923	2005-04-07	1.04	1.0
1924	1924	2005-04-08	0.99	0.615384615385
1925	1925	2005-04-09	1.0	0.692307692308
1926	1926	2005-04-10	1.04	1.0
1927	1927	2005-04-11	1.04	1.0
1928	1928	2005-04-12	1.04	1.0
1929	1929	2005-04-13	0.99	0.615384615385
1930	1930	2005-04-14	0.98	0.538461538462
1931	1931	2005-04-15	0.99	0.615384615385
1932	1932	2005-04-16	0.99	0.615384615385
1933	1933	2005-04-17	0.95	0.307692307692
1934	1934	2005-04-18	0.96	0.384615384615
1935	1935	2005-04-19	1.04	1.0
1936	1936	2005-04-20	1.04	1.0
1937	1937	2005-04-21	1.0	0.692307692308
1938	1938	2005-04-22	0.99	0.615384615385
1939	1939	2005-04-23	0.98	0.538461538462
1940	1940	2005-04-24	0.97	0.461538461538
1941	1941	2005-04-25	0.96	0.384615384615
1942	1942	2005-04-26	0.95	0.307692307692
1943	1943	2005-04-27	0.94	0.230769230769
1944	1944	2005-04-28	0.94	0.230769230769
1945	1945	2005-04-29	0.94	0.230769230769
1946	1946	2005-04-30	0.96	0.384615384615
1947	1947	2005-05-01	1.04	1.0
1948	1948	2005-05-02	1.04	1.0
1949	1949	2005-05-03	1.0	0.692307692308
1950	1950	2005-05-04	0.97	0.461538461538
1951	1951	2005-05-05	0.94	0.230769230769
1952	1952	2005-05-06	0.93	0.153846153846
1953	1953	2005-05-07	0.93	0.153846153846
1954	1954	2005-05-08	0.94	0.230769230769
1955	1955	2005-05-09	0.94	0.230769230769
1956	1956	2005-05-10	0.95	0.307692307692
1957	1957	2005-05-11	0.95	0.307692307692
1958	1958	2005-05-12	0.95	0.307692307692
1959	1959	2005-05-13	0.99	0.615384615385
1960	1960	2005-05-14	0.98	0.538461538462
1961	1961	2005-05-15	0.96	0.384615384615
1962	1962	2005-05-16	0.94	0.230769230769
1963	1963	2005-05-17	0.94	0.230769230769
1964	1964	2005-05-18	0.95	0.307692307692
1965	1965	2005-05-19	0.94	0.230769230769
1966	1966	2005-05-20	0.95	0.307692307692
1967	1967	2005-05-21	0.95	0.307692307692
1968	1968	2005-05-22	0.95	0.307692307692
1969	1969	2005-05-23	0.95	0.307692307692
1970	1970	2005-05-24	0.96	0.384615384615
1971	1971	2005-05-25	0.95	0.307692307692
1972	1972	2005-05-26	0.95	0.307692307692
1973	1973	2005-05-27	0.95	0.307692307692
1974	1974	2005-05-28	0.95	0.307692307692
1975	1975	2005-05-29	0.95	0.307692307692
1976	1976	2005-05-30	0.95	0.307692307692
1977	1977	2005-05-31	0.95	0.307692307692
1978	1978	2005-06-01	0.95	0.307692307692
1979	1979	2005-06-02	0.95	0.307692307692
1980	1980	2005-06-03	0.94	0.230769230769
1981	1981	2005-06-04	0.94	0.230769230769
1982	1982	2005-06-05	0.94	0.230769230769
1983	1983	2005-06-06	0.94	0.230769230769
1984	1984	2005-06-07	0.94	0.230769230769
1985	1985	2005-06-08	0.93	0.153846153846
1986	1986	2005-06-09	0.93	0.153846153846
1987	1987	2005-06-10	0.93	0.153846153846
1988	1988	2005-06-11	0.93	0.153846153846
1989	1989	2005-06-12	0.93	0.153846153846
1990	1990	2005-06-13	0.92	0.0769230769231
1991	1991	2005-06-14	0.92	0.0769230769231
1992	1992	2005-06-15	0.92	0.0769230769231
1993	1993	2005-06-16	0.92	0.0769230769231
1994	1994	2005-06-17	0.92	0.0769230769231
1995	1995	2005-06-18	0.92	0.0769230769231
1996	1996	2005-06-19	0.92	0.0769230769231
1997	1997	2005-06-20	0.92	0.0769230769231
1998	1998	2005-06-21	0.92	0.0769230769231
1999	1999	2005-06-22	0.92	0.0769230769231
2000	2000	2005-06-23	0.92	0.0769230769231
2001	2001	2005-06-24	0.93	0.153846153846
2002	2002	2005-06-25	0.92	0.0769230769231
2003	2003	2005-06-26	0.92	0.0769230769231
2004	2004	2005-06-27	0.92	0.0769230769231
2005	2005	2005-06-28	0.92	0.0769230769231
2006	2006	2005-06-29	0.92	0.0769230769231
2007	2007	2005-06-30	0.93	0.153846153846
2008	2008	2005-07-01	0.93	0.153846153846
2009	2009	2005-07-02	0.92	0.0769230769231
2010	2010	2005-07-03	0.92	0.0769230769231
2011	2011	2005-07-04	0.92	0.0769230769231
2012	2012	2005-07-05	0.92	0.0769230769231
2013	2013	2005-07-06	0.92	0.0769230769231
2014	2014	2005-07-07	0.93	0.153846153846
2015	2015	2005-07-08	0.93	0.153846153846
2016	2016	2005-07-09	0.92	0.0769230769231
2017	2017	2005-07-10	0.92	0.0769230769231
2018	2018	2005-07-11	0.92	0.0769230769231
2019	2019	2005-07-12	0.92	0.0769230769231
2020	2020	2005-07-13	0.92	0.0769230769231
2021	2021	2005-07-14	0.92	0.0769230769231
2022	2022	2005-07-15	0.93	0.153846153846
2023	2023	2005-07-16	0.93	0.153846153846
2024	2024	2005-07-17	0.93	0.153846153846
2025	2025	2005-07-18	0.93	0.153846153846
2026	2026	2005-07-19	0.93	0.153846153846
2027	2027	2005-07-20	0.92	0.0769230769231
2028	2028	2005-07-21	0.93	0.153846153846
2029	2029	2005-07-22	0.93	0.153846153846
2030	2030	2005-07-23	0.93	0.153846153846
2031	2031	2005-07-24	0.93	0.153846153846
2032	2032	2005-07-25	0.92	0.0769230769231
2033	2033	2005-07-26	0.93	0.153846153846
2034	2034	2005-07-27	0.93	0.153846153846
2035	2035	2005-07-28	0.93	0.153846153846
2036	2036	2005-07-29	0.92	0.0769230769231
2037	2037	2005-07-30	0.93	0.153846153846
2038	2038	2005-07-31	0.93	0.153846153846
2039	2039	2005-08-01	0.93	0.153846153846
2040	2040	2005-08-02	0.93	0.153846153846
2041	2041	2005-08-03	0.94	0.230769230769
2042	2042	2005-08-04	0.93	0.153846153846
2043	2043	2005-08-05	0.93	0.153846153846
2044	2044	2005-08-06	0.93	0.153846153846
2045	2045	2005-08-07	0.92	0.0769230769231
2046	2046	2005-08-08	0.92	0.0769230769231
2047	2047	2005-08-09	0.92	0.0769230769231
2048	2048	2005-08-10	0.93	0.153846153846
2049	2049	2005-08-11	0.92	0.0769230769231
2050	2050	2005-08-12	0.92	0.0769230769231
2051	2051	2005-08-13	0.92	0.0769230769231
2052	2052	2005-08-14	0.92	0.0769230769231
2053	2053	2005-08-15	0.92	0.0769230769231
2054	2054	2005-08-16	0.93	0.153846153846
2055	2055	2005-08-17	0.93	0.153846153846
2056	2056	2005-08-18	0.92	0.0769230769231
2057	2057	2005-08-19	0.93	0.153846153846
2058	2058	2005-08-20	0.93	0.153846153846
2059	2059	2005-08-21	0.93	0.153846153846
2060	2060	2005-08-22	0.93	0.153846153846
2061	2061	2005-08-23	0.94	0.230769230769
2062	2062	2005-08-24	0.93	0.153846153846
2063	2063	2005-08-25	0.92	0.0769230769231
2064	2064	2005-08-26	0.92	0.0769230769231
2065	2065	2005-08-27	0.92	0.0769230769231
2066	2066	2005-08-28	0.92	0.0769230769231
2067	2067	2005-08-29	0.93	0.153846153846
2068	2068	2005-08-30	0.93	0.153846153846
2069	2069	2005-08-31	0.93	0.153846153846
2070	2070	2005-09-01	0.93	0.153846153846
2071	2071	2005-09-02	0.93	0.153846153846
2072	2072	2005-09-03	0.94	0.230769230769
2073	2073	2005-09-04	0.93	0.153846153846
2074	2074	2005-09-05	0.93	0.153846153846
2075	2075	2005-09-06	0.93	0.153846153846
2076	2076	2005-09-07	0.93	0.153846153846
2077	2077	2005-09-08	0.93	0.153846153846
2078	2078	2005-09-09	0.92	0.0769230769231
2079	2079	2005-09-10	0.92	0.0769230769231
2080	2080	2005-09-11	0.92	0.0769230769231
2081	2081	2005-09-12	0.92	0.0769230769231
2082	2082	2005-09-13	0.93	0.153846153846
2083	2083	2005-09-14	0.93	0.153846153846
2084	2084	2005-09-15	0.92	0.0769230769231
2085	2085	2005-09-16	0.93	0.153846153846
2086	2086	2005-09-17	0.94	0.230769230769
2087	2087	2005-09-18	0.93	0.153846153846
2088	2088	2005-09-19	0.94	0.230769230769
2089	2089	2005-09-20	0.95	0.307692307692
2090	2090	2005-09-21	0.96	0.384615384615
2091	2091	2005-09-22	0.95	0.307692307692
2092	2092	2005-09-23	0.94	0.230769230769
2093	2093	2005-09-24	0.93	0.153846153846
2094	2094	2005-09-25	0.98	0.538461538462
2095	2095	2005-09-26	0.96	0.384615384615
2096	2096	2005-09-27	0.96	0.384615384615
2097	2097	2005-09-28	0.96	0.384615384615
2098	2098	2005-09-29	0.96	0.384615384615
2099	2099	2005-09-30	0.98	0.538461538462
2100	2100	2005-10-01	1.04	1.0
2101	2101	2005-10-02	0.99	0.615384615385
2102	2102	2005-10-03	0.99	0.615384615385
2103	2103	2005-10-04	1.04	1.0
2104	2104	2005-10-05	1.04	1.0
2105	2105	2005-10-06	0.99	0.615384615385
2106	2106	2005-10-07	0.98	0.538461538462
2107	2107	2005-10-08	0.96	0.384615384615
2108	2108	2005-10-09	0.96	0.384615384615
2109	2109	2005-10-10	0.96	0.384615384615
2110	2110	2005-10-11	1.0	0.692307692308
2111	2111	2005-10-12	0.98	0.538461538462
2112	2112	2005-10-13	0.96	0.384615384615
2113	2113	2005-10-14	1.04	1.0
2114	2114	2005-10-15	1.04	1.0
2115	2115	2005-10-16	1.04	1.0
2116	2116	2005-10-17	1.04	1.0
2117	2117	2005-10-18	1.04	1.0
2118	2118	2005-10-19	0.98	0.538461538462
2119	2119	2005-10-20	0.97	0.461538461538
2120	2120	2005-10-21	0.98	0.538461538462
2121	2121	2005-10-22	0.98	0.538461538462
2122	2122	2005-10-23	0.98	0.538461538462
2123	2123	2005-10-24	0.97	0.461538461538
2124	2124	2005-10-25	0.98	0.538461538462
2125	2125	2005-10-26	0.97	0.461538461538
2126	2126	2005-10-27	0.96	0.384615384615
2127	2127	2005-10-28	0.97	0.461538461538
2128	2128	2005-10-29	0.98	0.538461538462
2129	2129	2005-10-30	0.97	0.461538461538
2130	2130	2005-10-31	0.96	0.384615384615
2131	2131	2005-11-01	0.96	0.384615384615
2132	2132	2005-11-02	0.99	0.615384615385
2133	2133	2005-11-03	0.98	0.538461538462
2134	2134	2005-11-04	0.98	0.538461538462
2135	2135	2005-11-05	0.96	0.384615384615
2136	2136	2005-11-06	0.96	0.384615384615
2137	2137	2005-11-07	0.96	0.384615384615
2138	2138	2005-11-08	0.96	0.384615384615
2139	2139	2005-11-09	1.04	1.0
2140	2140	2005-11-10	1.04	1.0
2141	2141	2005-11-11	1.04	1.0
2142	2142	2005-11-12	1.04	1.0
2143	2143	2005-11-13	0.99	0.615384615385
2144	2144	2005-11-14	0.99	0.615384615385
2145	2145	2005-11-15	0.98	0.538461538462
2146	2146	2005-11-16	0.98	0.538461538462
2147	2147	2005-11-17	1.04	1.0
2148	2148	2005-11-18	1.04	1.0
2149	2149	2005-11-19	1.04	1.0
2150	2150	2005-11-20	1.04	1.0
2151	2151	2005-11-21	1.04	1.0
2152	2152	2005-11-22	0.98	0.538461538462
2153	2153	2005-11-23	0.97	0.461538461538
2154	2154	2005-11-24	0.97	0.461538461538
2155	2155	2005-11-25	1.0	0.692307692308
2156	2156	2005-11-26	1.04	1.0
2157	2157	2005-11-27	0.98	0.538461538462
2158	2158	2005-11-28	0.98	0.538461538462
2159	2159	2005-11-29	0.97	0.461538461538
2160	2160	2005-11-30	0.99	0.615384615385
2161	2161	2005-12-01	1.04	1.0
2162	2162	2005-12-02	1.04	1.0
2163	2163	2005-12-03	0.98	0.538461538462
2164	2164	2005-12-04	0.98	0.538461538462
2165	2165	2005-12-05	0.99	0.615384615385
2166	2166	2005-12-06	1.04	1.0
2167	2167	2005-12-07	1.04	1.0
2168	2168	2005-12-08	1.04	1.0
2169	2169	2005-12-09	1.04	1.0
2170	2170	2005-12-10	1.04	1.0
2171	2171	2005-12-11	1.04	1.0
2172	2172	2005-12-12	1.0	0.692307692308
2173	2173	2005-12-13	0.99	0.615384615385
2174	2174	2005-12-14	0.98	0.538461538462
2175	2175	2005-12-15	0.99	0.615384615385
2176	2176	2005-12-16	0.99	0.615384615385
2177	2177	2005-12-17	0.98	0.538461538462
2178	2178	2005-12-18	0.95	0.307692307692
2179	2179	2005-12-19	1.04	1.0
2180	2180	2005-12-20	1.04	1.0
2181	2181	2005-12-21	1.04	1.0
2182	2182	2005-12-22	1.04	1.0
2183	2183	2005-12-23	0.98	0.538461538462
2184	2184	2005-12-24	0.98	0.538461538462
2185	2185	2005-12-25	0.98	0.538461538462
2186	2186	2005-12-26	1.04	1.0
2187	2187	2005-12-27	1.04	1.0
2188	2188	2005-12-28	1.0	0.692307692308
2189	2189	2005-12-29	1.04	1.0
2190	2190	2005-12-30	1.04	1.0
2191	2191	2005-12-31	1.04	1.0
